{
    "JSD":[
        0.08367601782083511,
        0.06815869361162186,
        0.0644296333193779,
        0.06214151531457901,
        0.060395579785108566,
        0.05957112833857536,
        0.05835023522377014,
        0.05730308219790459,
        0.05641264468431473,
        0.05540987849235535,
        0.05490092560648918,
        0.05441446974873543,
        0.054007865488529205,
        0.05277707055211067,
        0.05264648050069809,
        0.05194370821118355,
        0.05157838016748428,
        0.05111529678106308,
        0.05035621300339699,
        0.050385311245918274
    ],
    "emd":[
        3.1543614864349365,
        2.9554128646850586,
        2.8867151737213135,
        2.8429224491119385,
        2.8163421154022217,
        2.7901487350463867,
        2.766242742538452,
        2.751129150390625,
        2.7372426986694336,
        2.709278106689453,
        2.6948373317718506,
        2.6903345584869385,
        2.6732819080352783,
        2.6607089042663574,
        2.648329257965088,
        2.6485555171966553,
        2.6274964809417725,
        2.6147844791412354,
        2.6021623611450195,
        2.613481044769287
    ],
    "kl_divergence":[
        0.07990168035030365,
        0.01767033524811268,
        0.004120093770325184,
        -0.0042469678446650505,
        -0.010563904419541359,
        -0.013416076079010963,
        -0.01786564663052559,
        -0.021604768931865692,
        -0.02479153871536255,
        -0.028325144201517105,
        -0.03010484203696251,
        -0.03185984864830971,
        -0.033411167562007904,
        -0.03778751567006111,
        -0.03831757232546806,
        -0.04062797501683235,
        -0.04216155782341957,
        -0.04382381588220596,
        -0.04664744436740875,
        -0.046543825417757034
    ],
    "loss":[
        0.001328858663327992,
        0.0009094178676605225,
        0.0008192793466150761,
        0.0007716272375546396,
        0.0007359868614003062,
        0.0007222050917334855,
        0.0006900601438246667,
        0.0006696477648802102,
        0.0006495322450064123,
        0.0006285971612669528,
        0.0006215302273631096,
        0.0006110052345320582,
        0.0006046032649464905,
        0.0005776739562861621,
        0.0005745952948927879,
        0.0005643145414069295,
        0.0005545218591578305,
        0.0005443848203867674,
        0.0005294955335557461,
        0.0005311053828336298
    ],
    "mae_weighted":[
        0.0010369755327701569,
        0.0009310743771493435,
        0.00090139324311167,
        0.0008851074380800128,
        0.000871022348292172,
        0.0008677068399265409,
        0.0008585266768932343,
        0.0008545657619833946,
        0.0008438202785328031,
        0.0008390913135372102,
        0.0008358797640539706,
        0.0008274343563243747,
        0.0008305403171107173,
        0.0008182020974345505,
        0.0008162038866430521,
        0.0008100950508378446,
        0.0008080201223492622,
        0.0008029158343560994,
        0.0007995350169949234,
        0.0007976258639246225
    ],
    "mean_IOU":[
        -0.5546450614929199,
        -0.5984421968460083,
        -0.6112743020057678,
        -0.6206862330436707,
        -0.6261062026023865,
        -0.6297422051429749,
        -0.6345162987709045,
        -0.6387409567832947,
        -0.6421589851379395,
        -0.6471393704414368,
        -0.6492716073989868,
        -0.6503487229347229,
        -0.6524991989135742,
        -0.6575818061828613,
        -0.6583521962165833,
        -0.6609879732131958,
        -0.66280597448349,
        -0.6647383570671082,
        -0.6687182784080505,
        -0.6681018471717834
    ],
    "mean_absolute_error":[
        0.025009147822856903,
        0.021666377782821655,
        0.02075137011706829,
        0.020131787285208702,
        0.019738750532269478,
        0.01950516179203987,
        0.01917159929871559,
        0.01890236884355545,
        0.018657172098755836,
        0.018359987065196037,
        0.018216319382190704,
        0.018138598650693893,
        0.018003400415182114,
        0.017666613683104515,
        0.017623120918869972,
        0.017432868480682373,
        0.017332853749394417,
        0.017205210402607918,
        0.016952699050307274,
        0.017003512009978294
    ],
    "mean_squared_error":[
        0.001328858663327992,
        0.0009094178676605225,
        0.0008192793466150761,
        0.0007716272375546396,
        0.0007359868614003062,
        0.0007222050917334855,
        0.0006900601438246667,
        0.0006696477648802102,
        0.0006495322450064123,
        0.0006285971612669528,
        0.0006215302273631096,
        0.0006110052345320582,
        0.0006046032649464905,
        0.0005776739562861621,
        0.0005745952948927879,
        0.0005643145414069295,
        0.0005545218591578305,
        0.0005443848203867674,
        0.0005294955335557461,
        0.0005311053828336298
    ],
    "mse_weighted":[
        7.749548785795923e-06,
        6.728681910317391e-06,
        6.420576482923934e-06,
        6.372518328134902e-06,
        6.214192580955569e-06,
        6.200258212629706e-06,
        6.110635240474949e-06,
        6.08618665864924e-06,
        6.0005936575180385e-06,
        5.999402674206067e-06,
        5.93900495005073e-06,
        5.8429004639037885e-06,
        5.9108024288434535e-06,
        5.7828924582281616e-06,
        5.770742973254528e-06,
        5.730992143071489e-06,
        5.656425400957232e-06,
        5.613755547528854e-06,
        5.555520601774333e-06,
        5.490158400789369e-06
    ],
    "reverseKL":[
        1.485992670059204,
        1.2972875833511353,
        1.2467302083969116,
        1.2157922983169556,
        1.1938049793243408,
        1.1824722290039062,
        1.1671996116638184,
        1.153410792350769,
        1.1438117027282715,
        1.1316052675247192,
        1.1207417249679565,
        1.1138476133346558,
        1.1120771169662476,
        1.096914529800415,
        1.0948306322097778,
        1.0801372528076172,
        1.0787492990493774,
        1.0761170387268066,
        1.0658427476882935,
        1.0625815391540527
    ],
    "val_JSD":[
        0.08392325788736343,
        0.06271449476480484,
        0.0528998039662838,
        0.05726957321166992,
        0.04891020432114601,
        0.05544731765985489,
        0.05147487297654152,
        0.048226844519376755,
        0.04524173215031624,
        0.048906099051237106,
        0.05190808326005936,
        0.05263166129589081,
        0.05188601091504097,
        0.046858739107847214,
        0.04674558341503143,
        0.04509656876325607,
        0.0467265360057354,
        0.051065512001514435,
        0.058824073523283005,
        0.0486983098089695
    ],
    "val_emd":[
        2.215019941329956,
        2.1293013095855713,
        1.979054570198059,
        1.8975216150283813,
        2.3862903118133545,
        2.075183391571045,
        2.240785837173462,
        2.3172168731689453,
        2.7679738998413086,
        2.425751209259033,
        2.53700590133667,
        2.049731731414795,
        2.445777416229248,
        2.3433926105499268,
        1.9928101301193237,
        2.4389595985412598,
        2.4741265773773193,
        2.958071231842041,
        2.5988247394561768,
        2.1042661666870117
    ],
    "val_kl_divergence":[
        0.1540551483631134,
        0.06611368060112,
        0.02977709472179413,
        0.047768253833055496,
        0.01636461727321148,
        0.04574744030833244,
        0.029449984431266785,
        0.016240255907177925,
        0.011438234709203243,
        0.017338231205940247,
        0.027284685522317886,
        0.03871924430131912,
        0.029451407492160797,
        0.010068493895232677,
        0.008397032506763935,
        0.00748048909008503,
        0.015300346538424492,
        0.03010556474328041,
        0.04784518480300903,
        0.01167912408709526
    ],