{"bin_x_log10": [-1.3010300397872925, -1.0969101190567017, -0.7958800196647644, -0.5016894936561584, -0.20065946877002716, 0.0969100147485733, 0.3010300099849701, 0.3979400396347046, 0.6989700198173523, 1.0, 1.1461280584335327, 1.3010300397872925, 1.4471580982208252, 1.4983106851577759, 1.602060079574585, 1.7481880187988281, 1.903090000152588], "predictions": [{"sid": 191, "pred_cdf": [0.06351807713508606, 0.07956799864768982, 0.09885399043560028, 0.14818590879440308, 0.2931841015815735, 0.46318334341049194, 0.590486466884613, 0.6470534801483154, 0.7814842462539673, 0.9057283401489258, 0.9435023069381714, 0.968569278717041, 0.9783974289894104, 0.9862576723098755, 0.9926480054855347, 0.9967060685157776, 0.9999999403953552], "true_cdf": [0.06860999763011932, 0.06860999763011932, 0.12729999423027039, 0.22410999238491058, 0.38457000255584717, 0.5557000041007996, 0.6631799936294556, 0.7142600417137146, 0.8366000652313232, 0.9385600090026855, 0.969539999961853, 0.9873200058937073, 1.0, 1.0, 1.0, 1.0, 1.0]}, {"sid": 286, "pred_cdf": [0.02609272301197052, 0.05156745761632919, 0.20144695043563843, 0.6148043870925903, 0.9036973714828491, 0.9708204865455627, 0.9811595678329468, 0.9849277138710022, 0.9927893877029419, 0.9970563054084778, 0.9980812668800354, 0.9988323450088501, 0.999312162399292, 0.9995882511138916, 0.9997904896736145, 0.9999338984489441, 0.9999998807907104], "true_cdf": [0.03268999978899956, 0.03268999978899956, 0.0985499918460846, 0.5195800065994263, 0.965969979763031, 0.977679967880249, 0.977679967880249, 0.977679967880249, 0.977679967880249, 0.9836599826812744, 0.9871099591255188, 1.0, 1.0, 1.0, 1.0, 1.0, 1.0]}, {"sid": 214, "pred_cdf": [0.22671467065811157, 0.2917630672454834, 0.39972513914108276, 0.5456965565681458, 0.6665692329406738, 0.7311341762542725, 0.7609944343566895, 0.7830624580383301, 0.8256939053535461, 0.8783066272735596, 0.9055893421173096, 0.9312505722045898, 0.9522699117660522, 0.9695163369178772, 0.9831402897834778, 0.9921064972877502, 1.0], "true_cdf": [0.16741999983787537, 0.16741999983787537, 0.24132999777793884, 0.34007999300956726, 0.4506100118160248, 0.5578600168228149, 0.6258800029754639, 0.6572699546813965, 0.7520999908447266, 0.8569599986076355, 0.9546900391578674, 1.0, 1.0, 1.0, 1.0, 1.0, 1.0]}, {"sid": 209, "pred_cdf": [0.17712271213531494, 0.23855170607566833, 0.3477078080177307, 0.4709480106830597, 0.5823760032653809, 0.6453513503074646, 0.6823583841323853, 0.7100586295127869, 0.7651626467704773, 0.840843677520752, 0.8806542754173279, 0.9159671068191528, 0.9411032199859619, 0.9619154930114746, 0.9791038036346436, 0.9904375076293945, 0.9999999403953552], "true_cdf": [0.24927999079227448, 0.24927999079227448, 0.3625600039958954, 0.4954899847507477, 0.6198300123214722, 0.7146900296211243, 0.7662599682807922, 0.7935799956321716, 0.8660399913787842, 0.9112000465393066, 0.9444599747657776, 1.0, 1.0, 1.0, 1.0, 1.0, 1.0]}, {"sid": 176, "pred_cdf": [0.1815514713525772, 0.23847541213035583, 0.3162805736064911, 0.3933863639831543, 0.4777277112007141, 0.5346707701683044, 0.5798015594482422, 0.6183329224586487, 0.6887449622154236, 0.78275465965271, 0.8386582136154175, 0.8865051865577698, 0.918087363243103, 0.9454088807106018, 0.9687628746032715, 0.9867123961448669, 1.0], "true_cdf": [0.22381000220775604, 0.22381000220775604, 0.275270015001297, 0.3440900146961212, 0.4131999909877777, 0.46855998039245605, 0.5101500153541565, 0.5352799892425537, 0.6220500469207764, 0.7789099812507629, 0.8327600359916687, 0.8744499683380127, 0.918690025806427, 0.9455406069755554, 1.0, 1.0, 1.0]}, {"sid": 231, "pred_cdf": [0.03681406378746033, 0.042837925255298615, 0.04908936470746994, 0.08052913844585419, 0.2553381323814392, 0.5270941853523254, 0.6958971619606018, 0.7428280115127563, 0.8903495073318481, 0.9688464403152466, 0.9847005605697632, 0.9928690791130066, 0.9952662587165833, 0.9970158338546753, 0.9984308481216431, 0.9994165301322937, 1.0], "true_cdf": [0.05449000000953674, 0.05449000000953674, 0.09013999998569489, 0.15672999620437622, 0.31481000781059265, 0.6423999667167664, 0.7964499592781067, 0.8388300538063049, 0.9531800150871277, 0.9940299987792969, 1.0, 1.0, 1.0, 1.0, 1.0, 1.0, 1.0]}, {"sid": 234, "pred_cdf": [0.030114570632576942, 0.044466856867074966, 0.06743274629116058, 0.18139329552650452, 0.49210935831069946, 0.7231868505477905, 0.8196133375167847, 0.8531894087791443, 0.9295751452445984, 0.9720771312713623, 0.9844290614128113, 0.9916199445724487, 0.9946867227554321, 0.9965917468070984, 0.9981851577758789, 0.9993484616279602, 1.0], "true_cdf": [0.016429999843239784, 0.016429999843239784, 0.016429999843239784, 0.10057000070810318, 0.4088600277900696, 0.7197699546813965, 0.7993099689483643, 0.8301999568939209, 0.8814700245857239, 0.9230899810791016, 0.9769099950790405, 0.9769099950790405, 1.0, 1.0, 1.0, 1.0, 1.0]}, {"sid": 193, "pred_cdf": [0.1711064577102661, 0.21779696643352509, 0.2832936644554138, 0.36601483821868896, 0.4611402153968811, 0.530620813369751, 0.5808997750282288, 0.6171413064002991, 0.6893086433410645, 0.7854658961296082, 0.838243305683136, 0.8861178159713745, 0.9175888299942017, 0.9462994337081909, 0.9701433181762695, 0.9856151342391968, 1.0], "true_cdf": [0.17069999873638153, 0.17069999873638153, 0.2858400046825409, 0.44071999192237854, 0.5831300020217896, 0.6773999929428101, 0.7322799563407898, 0.7592199444770813, 0.844730019569397, 0.9621299505233765, 1.0, 1.0, 1.0, 1.0, 1.0, 1.0, 1.0]}, {"sid": 168, "pred_cdf": [0.7296473979949951, 0.7609133124351501, 0.8020667433738708, 0.8290343880653381, 0.8591349124908447, 0.8869212865829468, 0.900374710559845, 0.9096149802207947, 0.9397366046905518, 0.9704495668411255, 0.9815744757652283, 0.9888433814048767, 0.9929924607276917, 0.9956170320510864, 0.9979499578475952, 0.999238133430481, 1.0], "true_cdf": [0.7403600215911865, 0.7403600215911865, 0.7925199866294861, 0.8399500250816345, 0.8763099908828735, 0.9100300073623657, 0.9358499646186829, 0.9474400281906128, 0.9795899987220764, 0.9973800182342529, 1.0, 1.0, 1.0, 1.0, 1.0, 1.0, 1.0]}, {"sid": 219, "pred_cdf": [0.042961087077856064, 0.07895313203334808, 0.17063087224960327, 0.426755428314209, 0.7263728976249695, 0.8479825258255005, 0.8889899849891663, 0.9082978963851929, 0.943733811378479, 0.9704300761222839, 0.9801633358001709, 0.9875412583351135, 0.992056667804718, 0.9950294494628906, 0.9973635673522949, 0.9989830255508423, 1.0], "true_cdf": [0.04968999698758125, 0.04968999698758125, 0.1322999894618988, 0.5259799957275391, 0.7931700348854065, 0.8628700375556946, 0.8848100304603577, 0.8925599455833435, 0.9196600317955017, 0.9483500123023987, 0.9711599946022034, 0.9821799993515015, 1.0, 1.0, 1.0, 1.0, 1.0]}, {"sid": 211, "pred_cdf": [0.21905237436294556, 0.2777317762374878, 0.41395795345306396, 0.6138336658477783, 0.7784698009490967, 0.8501430749893188, 0.8764389157295227, 0.8916282653808594, 0.9219961166381836, 0.951861560344696, 0.9642155170440674, 0.9743301868438721, 0.9829854965209961, 0.9889746308326721, 0.9938147664070129, 0.9973535537719727, 1.0], "true_cdf": [0.19780999422073364, 0.19780999422073364, 0.3982899785041809, 0.7858799695968628, 0.9698699712753296, 0.9948199987411499, 0.9970500469207764, 0.9979400038719177, 0.9983899593353271, 1.0, 1.0, 1.0, 1.0, 1.0, 1.0, 1.0, 1.0]}, {"sid": 277, "pred_cdf": [0.2141232192516327, 0.2870674431324005, 0.44183599948883057, 0.5885902047157288, 0.7060372233390808, 0.7670444250106812, 0.7959807515144348, 0.8165696859359741, 0.8579410314559937, 0.9124743342399597, 0.9367875456809998, 0.956244707107544, 0.9702990651130676, 0.9807597994804382, 0.9894294738769531, 0.9952513575553894, 1.0], "true_cdf": [0.3308500051498413, 0.3308500051498413, 0.4747700095176697, 0.6038100123405457, 0.6990899443626404, 0.7634100317955017, 0.7975800037384033, 0.8172799944877625, 0.8667299747467041, 0.9214399456977844, 0.9479699730873108, 0.9669100046157837, 1.0, 1.0, 1.0, 1.0, 1.0]}, {"sid": 279,