{"bin_x_log10": [-1.3010300397872925, -1.0969101190567017, -0.7958800196647644, -0.5016894936561584, -0.20065946877002716, 0.0969100147485733, 0.3010300099849701, 0.3979400396347046, 0.6989700198173523, 1.0, 1.1461280584335327, 1.3010300397872925, 1.4471580982208252, 1.4983106851577759, 1.602060079574585, 1.7481880187988281, 1.903090000152588], "predictions": [{"sid": 184, "pred_cdf": [0.06433871388435364, 0.08959897607564926, 0.1212628036737442, 0.22282734513282776, 0.4011708199977875, 0.5885598659515381, 0.6712369918823242, 0.7185766696929932, 0.8241636753082275, 0.9233866333961487, 0.9488614201545715, 0.9704127311706543, 0.9817605018615723, 0.9889190793037415, 0.9932056069374084, 0.9968555569648743, 1.0], "true_cdf": [0.06752000004053116, 0.06752000004053116, 0.10326000303030014, 0.18702998757362366, 0.5441100001335144, 0.6748100519180298, 0.7618200182914734, 0.7950399518013, 0.8726699948310852, 0.9305499792098999, 0.9598600268363953, 1.0, 1.0, 1.0, 1.0, 1.0, 1.0]}, {"sid": 215, "pred_cdf": [0.0902404636144638, 0.11543959379196167, 0.14202675223350525, 0.21797305345535278, 0.3657239079475403, 0.541731595993042, 0.6271154284477234, 0.6802148222923279, 0.7869048714637756, 0.9080101251602173, 0.938020646572113, 0.9643948078155518, 0.9779609441757202, 0.9867812395095825, 0.9918577075004578, 0.9962400197982788, 1.0], "true_cdf": [0.06041000038385391, 0.06041000038385391, 0.09020999819040298, 0.13738000392913818, 0.19614000618457794, 0.28758999705314636, 0.4315899908542633, 0.5230399966239929, 0.7489700317382812, 0.9419800043106079, 0.9835399389266968, 1.0, 1.0, 1.0, 1.0, 1.0, 1.0]}, {"sid": 240, "pred_cdf": [0.2248658984899521, 0.3093068301677704, 0.4451589584350586, 0.561335563659668, 0.6597380042076111, 0.7196955680847168, 0.7454842925071716, 0.777060866355896, 0.8427168726921082, 0.9210457801818848, 0.9423790574073792, 0.9641650319099426, 0.9771251082420349, 0.9862287640571594, 0.9911689162254333, 0.9958102107048035, 1.0], "true_cdf": [0.2917778789997101, 0.40015000104904175, 0.533079981803894, 0.6541699767112732, 0.7342000007629395, 0.7916100025177002, 0.8264099955558777, 0.8424099683761597, 0.8876500129699707, 0.9302499890327454, 0.9448599815368652, 0.9585800170898438, 1.0, 1.0, 1.0, 1.0, 1.0]}, {"sid": 307, "pred_cdf": [0.04844779521226883, 0.08140292018651962, 0.6001808047294617, 0.9539850950241089, 0.9971321821212769, 0.9988824725151062, 0.9990195035934448, 0.9991797804832458, 0.9996106624603271, 0.999835729598999, 0.9998876452445984, 0.9999352693557739, 0.9999596476554871, 0.9999776482582092, 0.9999883770942688, 0.9999938607215881, 0.9999998211860657], "true_cdf": [0.09569999575614929, 0.09569999575614929, 0.7791000604629517, 0.9901999831199646, 1.0, 1.0, 1.0, 1.0, 1.0, 1.0, 1.0, 1.0, 1.0, 1.0, 1.0, 1.0, 1.0]}, {"sid": 241, "pred_cdf": [0.2539372146129608, 0.30407023429870605, 0.3607158660888672, 0.4259927272796631, 0.5117486715316772, 0.5925986766815186, 0.6311584115028381, 0.6758013367652893, 0.7694880962371826, 0.898118257522583, 0.9270985126495361, 0.9560133814811707, 0.9734435677528381, 0.9844791293144226, 0.9901986122131348, 0.9954404830932617, 1.0], "true_cdf": [0.3024180233478546, 0.3854999840259552, 0.5078099966049194, 0.6149700284004211, 0.6838899850845337, 0.7251699566841125, 0.7486499547958374, 0.758870005607605, 0.7940899729728699, 0.8372099995613098, 0.8527899980545044, 0.9000700116157532, 0.9137699604034424, 0.9422453045845032, 1.0, 1.0, 1.0]}, {"sid": 291, "pred_cdf": [0.3249984681606293, 0.40377277135849, 0.5218238234519958, 0.6261031031608582, 0.7256675958633423, 0.7768325209617615, 0.7965770363807678, 0.8192611932754517, 0.8786762356758118, 0.9533802270889282, 0.9668222069740295, 0.981479287147522, 0.9880968332290649, 0.9928987622261047, 0.9956200122833252, 0.9978790283203125, 0.9999998807907104], "true_cdf": [0.4281800091266632, 0.4281800091266632, 0.5927900075912476, 0.7163200378417969, 0.7758300304412842, 0.8039700388908386, 0.817870020866394, 0.8266000151634216, 0.8505300283432007, 0.8819200396537781, 0.8893200159072876, 0.9154000282287598, 0.9580000042915344, 0.9718694090843201, 1.0, 1.0, 1.0]}, {"sid": 297, "pred_cdf": [0.2266511172056198, 0.31615549325942993, 0.5042187571525574, 0.6597141027450562, 0.7660308480262756, 0.8115541934967041, 0.8273878693580627, 0.8463423848152161, 0.8909754753112793, 0.9430210590362549, 0.957904577255249, 0.9740117192268372, 0.9831410050392151, 0.9901847839355469, 0.9939593076705933, 0.9971253275871277, 1.0], "true_cdf": [0.39650002121925354, 0.39650002121925354, 0.6078799962997437, 0.745389997959137, 0.8086000084877014, 0.8360999822616577, 0.852109968662262, 0.860729992389679, 0.8833000063896179, 0.9150599837303162, 0.9195300340652466, 0.9345300197601318, 1.0, 1.0, 1.0, 1.0, 1.0]}, {"sid": 221, "pred_cdf": [0.02284502610564232, 0.041909728199243546, 0.10974481701850891, 0.543633222579956, 0.8889148235321045, 0.9641181230545044, 0.9755012392997742, 0.9808556437492371, 0.9919383525848389, 0.9970842599868774, 0.998280942440033, 0.9990070462226868, 0.9994426369667053, 0.9996580481529236, 0.9998043179512024, 0.9999027848243713, 1.0], "true_cdf": [0.06306000053882599, 0.06306000053882599, 0.16052000224590302, 0.5681399703025818, 0.8347299695014954, 0.9184300303459167, 0.9470999836921692, 0.9556900262832642, 0.9734699726104736, 0.9823499917984009, 0.9850199818611145, 0.9850199818611145, 1.0, 1.0, 1.0, 1.0, 1.0]}, {"sid": 175, "pred_cdf": [0.7282724380493164, 0.7559850811958313, 0.7821356058120728, 0.8156496286392212, 0.8722479343414307, 0.8999991416931152, 0.9087347984313965, 0.9185779690742493, 0.9485486149787903, 0.9890265464782715, 0.993003249168396, 0.9971073269844055, 0.998352587223053, 0.9990869760513306, 0.9994337558746338, 0.9997127652168274, 1.0], "true_cdf": [0.8425300121307373, 0.8425300121307373, 0.8912100195884705, 0.9155499935150146, 0.9322400093078613, 0.9447599649429321, 0.9541500210762024, 0.9590100049972534, 0.970490038394928, 0.9870400428771973, 1.0, 1.0, 1.0, 1.0, 1.0, 1.0, 1.0]}, {"sid": 303, "pred_cdf": [0.6189523339271545, 0.6602072715759277, 0.8406467437744141, 0.93336021900177, 0.9786252975463867, 0.9858012795448303, 0.9871371388435364, 0.9887649416923523, 0.9939417243003845, 0.9986072778701782, 0.9991300702095032, 0.9996369481086731, 0.9997925758361816, 0.9998950362205505, 0.9999403953552246, 0.9999707937240601, 0.9999999403953552], "true_cdf": [0.5595999956130981, 0.5595999956130981, 0.9276000261306763, 0.9736000299453735, 1.0, 1.0, 1.0, 1.0, 1.0, 1.0, 1.0, 1.0, 1.0, 1.0, 1.0, 1.0, 1.0]}, {"sid": 187, "pred_cdf": [0.1492532640695572, 0.17331670224666595, 0.1982128769159317, 0.24125266075134277, 0.32672572135925293, 0.45958149433135986, 0.5254563093185425, 0.584930419921875, 0.7253193855285645, 0.8947876691818237, 0.9299079775810242, 0.9614338278770447, 0.9779276251792908, 0.9875757694244385, 0.9923164248466492, 0.9965577125549316, 1.0], "true_cdf": [0.0757099986076355, 0.0757099986076355, 0.10226999968290329, 0.13122999668121338, 0.17080999910831451, 0.23642000555992126, 0.31053000688552856, 0.3583499789237976, 0.5365899801254272, 0.8123000264167786, 0.92044997215271, 1.0, 1.0, 1.0, 1.0, 1.0, 1.0]}, {"sid": 287, "pred_cdf": [0.02130085788667202, 0.0353560671210289, 0.055825456976890564, 0.19855305552482605, 0.4949633479118347, 0.729787290096283, 0.8127956986427307, 0.84697425365448, 0.9231753349304199, 0.971476137638092, 0.9823009371757507, 0.9902870655059814, 0.9946076273918152, 0.9965500235557556, 0.9979771375656128, 0.9990921020507812, 1.0], "true_cdf": [0.03279000148177147, 0.03279000148177147, 0.07238999754190445, 0.27549999952316284, 0.6084799766540527, 0.7609200477600098, 0.8328800201416016, 0.8601300120353699, 0.9044100046157837, 0.9246700406074524, 0.9246700406074524, 0.9416800141334534, 1.0, 1.0, 1.0, 1.0, 1.0]}, {"sid": 227,