{"bin_x_log10": [-1.3010300397872925, -1.0969101190567017, -0.7958800196647644, -0.5016894936561584, -0.20065946877002716, 0.0969100147485733, 0.3010300099849701, 0.3979400396347046, 0.6989700198173523, 1.0, 1.1461280584335327, 1.3010300397872925, 1.4471580982208252, 1.4983106851577759, 1.602060079574585, 1.7481880187988281, 1.903090000152588], "predictions": [{"sid": 165, "pred_cdf": [0.6625943779945374, 0.7016567587852478, 0.7933512926101685, 0.864689290523529, 0.8905364871025085, 0.9095771312713623, 0.919341504573822, 0.9291360378265381, 0.9467539191246033, 0.9668996334075928, 0.9757722020149231, 0.9842713475227356, 0.9879774451255798, 0.9918277263641357, 0.9952694177627563, 0.9980406761169434, 1.0], "true_cdf": [0.8079877495765686, 0.9293000102043152, 0.9839000105857849, 1.0, 1.0, 1.0, 1.0, 1.0, 1.0, 1.0, 1.0, 1.0, 1.0, 1.0, 1.0, 1.0, 1.0]}, {"sid": 292, "pred_cdf": [0.48983457684516907, 0.542576253414154, 0.6274046897888184, 0.6981289386749268, 0.7306153178215027, 0.7635258436203003, 0.7858937978744507, 0.8079611659049988, 0.8503010272979736, 0.8989856243133545, 0.9235979318618774, 0.9466162323951721, 0.9593207836151123, 0.9709036946296692, 0.9820197224617004, 0.9922571778297424, 0.9999998211860657], "true_cdf": [0.4441100060939789, 0.4441100060939789, 0.5793200135231018, 0.6884200572967529, 0.7553600072860718, 0.800540030002594, 0.8256400227546692, 0.8403600454330444, 0.8791800141334534, 0.9402300119400024, 0.9613999724388123, 0.9900000095367432, 1.0, 1.0, 1.0, 1.0, 1.0]}, {"sid": 183, "pred_cdf": [0.08122134953737259, 0.14088957011699677, 0.25083616375923157, 0.4896564483642578, 0.6624481678009033, 0.7481973171234131, 0.7984376549720764, 0.8307082056999207, 0.8752346038818359, 0.9123178720474243, 0.9366517663002014, 0.9544645547866821, 0.9660812616348267, 0.9756830930709839, 0.9840080738067627, 0.9932140111923218, 1.0], "true_cdf": [0.13041000068187714, 0.13041000068187714, 0.3221900165081024, 0.6558899879455566, 0.8433600068092346, 0.9042500257492065, 0.938289999961853, 0.9502699971199036, 0.9814399480819702, 1.0, 1.0, 1.0, 1.0, 1.0, 1.0, 1.0, 1.0]}, {"sid": 229, "pred_cdf": [0.007872289977967739, 0.014895299449563026, 0.022988764569163322, 0.11093883216381073, 0.3491074740886688, 0.7400176525115967, 0.8478482961654663, 0.8778879642486572, 0.9471498131752014, 0.9768950343132019, 0.9880653619766235, 0.9912334084510803, 0.9943808913230896, 0.9961709976196289, 0.997475802898407, 0.998811662197113, 1.0], "true_cdf": [0.0017600000137463212, 0.0017600000137463212, 0.006449999753385782, 0.07440999895334244, 0.3632799983024597, 0.8378999829292297, 0.9498100280761719, 0.969730019569397, 0.9908300042152405, 0.9983899593353271, 1.0, 1.0, 1.0, 1.0, 1.0, 1.0, 1.0]}, {"sid": 230, "pred_cdf": [0.016400903463363647, 0.025188209488987923, 0.030774421989917755, 0.0810495987534523, 0.21016442775726318, 0.5401151180267334, 0.6774813532829285, 0.7312569618225098, 0.8658370971679688, 0.939508855342865, 0.9672870635986328, 0.9762955904006958, 0.984815776348114, 0.9892675876617432, 0.9931076169013977, 0.9969061017036438, 0.9999999403953552], "true_cdf": [0.005519999656826258, 0.005519999656826258, 0.011030000634491444, 0.05006000027060509, 0.20492000877857208, 0.5159099698066711, 0.6996200084686279, 0.7798100113868713, 0.9070900082588196, 0.9727100133895874, 0.9927999973297119, 1.0, 1.0, 1.0, 1.0, 1.0, 1.0]}, {"sid": 290, "pred_cdf": [0.5427626967430115, 0.5999459624290466, 0.7155236601829529, 0.7901498079299927, 0.8170328140258789, 0.8362835645675659, 0.8495241403579712, 0.8644336462020874, 0.8894656300544739, 0.9224100112915039, 0.9394749402999878, 0.9564967751502991, 0.9659591317176819, 0.9758307933807373, 0.9849492311477661, 0.9933813214302063, 0.9999999403953552], "true_cdf": [0.580590009689331, 0.580590009689331, 0.7254499793052673, 0.8467400074005127, 0.9118699431419373, 0.9391899704933167, 0.9519200325012207, 0.9560399651527405, 0.9691399931907654, 0.9811300039291382, 0.9858899712562561, 1.0, 1.0, 1.0, 1.0, 1.0, 1.0]}, {"sid": 313, "pred_cdf": [0.7129793167114258, 0.7503435015678406, 0.833122968673706, 0.8898269534111023, 0.9072449803352356, 0.9178950190544128, 0.9242856502532959, 0.9321293830871582, 0.9454960227012634, 0.9642212390899658, 0.9722087979316711, 0.9807185530662537, 0.9848638772964478, 0.9895415306091309, 0.9936824440956116, 0.9973907470703125, 0.9999999403953552], "true_cdf": [0.9480000138282776, 0.9509795308113098, 0.981117308139801, 0.9925630688667297, 1.0, 1.0, 1.0, 1.0, 1.0, 1.0, 1.0, 1.0, 1.0, 1.0, 1.0, 1.0, 1.0]}, {"sid": 208, "pred_cdf": [0.18499693274497986, 0.24832874536514282, 0.5198686122894287, 0.8085434436798096, 0.9021890163421631, 0.9300819635391235, 0.9422241449356079, 0.9516136646270752, 0.9627256393432617, 0.9729045033454895, 0.9798051118850708, 0.985802412033081, 0.9890035390853882, 0.9925050139427185, 0.9952610731124878, 0.9979773759841919, 1.0], "true_cdf": [0.16398000717163086, 0.16398000717163086, 0.41451001167297363, 0.762969970703125, 0.9451799988746643, 0.9843499660491943, 0.9902700185775757, 0.9948300123214722, 0.9975599646568298, 1.0, 1.0, 1.0, 1.0, 1.0, 1.0, 1.0, 1.0]}, {"sid": 284, "pred_cdf": [0.037686124444007874, 0.08014033734798431, 0.12481582164764404, 0.24269838631153107, 0.38647061586380005, 0.5143202543258667, 0.6097700595855713, 0.6701279878616333, 0.7606855630874634, 0.8387558460235596, 0.8844131827354431, 0.9139066338539124, 0.9379081130027771, 0.9546088576316833, 0.9704797267913818, 0.9864819049835205, 1.0], "true_cdf": [0.11463000625371933, 0.11463000625371933, 0.19257999956607819, 0.30347999930381775, 0.4075799882411957, 0.4857099950313568, 0.5313900113105774, 0.5549899935722351, 0.6465299725532532, 0.7646399736404419, 0.872249960899353, 0.9620999693870544, 1.0, 1.0, 1.0, 1.0, 1.0]}, {"sid": 169, "pred_cdf": [0.29646819829940796, 0.36717525124549866, 0.49550846219062805, 0.6111570596694946, 0.6710749268531799, 0.7148308753967285, 0.746323823928833, 0.7747219204902649, 0.8219515085220337, 0.8742343783378601, 0.905528724193573, 0.9320524334907532, 0.9483444094657898, 0.9628751277923584, 0.976473867893219, 0.9896584749221802, 1.0], "true_cdf": [0.33360999822616577, 0.33360999822616577, 0.4546099901199341, 0.6077399849891663, 0.7137000560760498, 0.7789900302886963, 0.8179500102996826, 0.8343599438667297, 0.8815299868583679, 0.9329100251197815, 0.9514700174331665, 0.977590024471283, 1.0, 1.0, 1.0, 1.0, 1.0]}, {"sid": 200, "pred_cdf": [0.2506508231163025, 0.30845093727111816, 0.4306012690067291, 0.6725450754165649, 0.7875326871871948, 0.8460878729820251, 0.8736196160316467, 0.8946806192398071, 0.9234158992767334, 0.9479626417160034, 0.9630853533744812, 0.9749932885169983, 0.9811285734176636, 0.9867332577705383, 0.9916024804115295, 0.9964256286621094, 1.0], "true_cdf": [0.3076399862766266, 0.3076399862766266, 0.4581499993801117, 0.6967700123786926, 0.8825299739837646, 0.980910062789917, 1.0, 1.0, 1.0, 1.0, 1.0, 1.0, 1.0, 1.0, 1.0, 1.0, 1.0]}, {"sid": 213, "pred_cdf": [0.04512830451130867, 0.08276831358671188, 0.23105010390281677, 0.6729514002799988, 0.89208984375, 0.9412152767181396, 0.9590468406677246, 0.9679581522941589, 0.978238582611084, 0.9849240183830261, 0.9893900156021118, 0.9924907088279724, 0.9943904876708984, 0.9960805177688599, 0.997352659702301, 0.998837947845459, 1.0], "true_cdf": [0.21061000227928162, 0.21061000227928162, 0.44273999333381653, 0.7117600440979004, 0.938510000705719, 1.0, 1.0, 1.0, 1.0, 1.0, 1.0, 1.0, 1.0, 1.0, 1.0, 1.0, 1.0]}, {"sid": 311, "pred_cdf": [0.37477827072143555, 0.43998655676841736, 0.7198805809020996, 0.8548151254653931, 0.8938378691673279, 0.9112356305122375, 0.9206216335296631, 0.930282473564148, 0.9431493282318115, 0.9582980275154114, 0.9680224061012268, 0.9773675799369812, 0.982335090637207, 0.9878463745117188, 0.9925968647003174, 0.9968637824058533, 0.9999999403953552], "true_cdf": [0.14205999672412872, 0.14205999672412872, 0.8850499987602234, 1.0, 1.0, 1.0, 1.0, 1.0, 1.0, 1.0, 1.0, 1.0, 1.0, 1.0, 1.0, 1.0, 1.0]}, {"sid": 261,