{"bin_x_log10": [-1.3010300397872925, -1.0969101190567017, -0.7958800196647644, -0.5016894936561584, -0.20065946877002716, 0.0969100147485733, 0.3010300099849701, 0.3979400396347046, 0.6989700198173523, 1.0, 1.1461280584335327, 1.3010300397872925, 1.4471580982208252, 1.4983106851577759, 1.602060079574585, 1.7481880187988281, 1.903090000152588], "predictions": [{"sid": 189, "pred_cdf": [0.07915943115949631, 0.11019773036241531, 0.15154814720153809, 0.23125961422920227, 0.3315056562423706, 0.4165794849395752, 0.4813128113746643, 0.5276668667793274, 0.634904146194458, 0.7712408900260925, 0.8512786030769348, 0.9041315317153931, 0.9419978260993958, 0.964894711971283, 0.981683611869812, 0.9918607473373413, 1.0], "true_cdf": [0.09945999830961227, 0.09945999830961227, 0.1720000058412552, 0.30250999331474304, 0.43870997428894043, 0.49035000801086426, 0.5324699878692627, 0.5644699931144714, 0.6617099642753601, 0.7382499575614929, 0.7956500053405762, 0.862529993057251, 0.9199299812316895, 0.9463711380958557, 1.0, 1.0, 1.0]}, {"sid": 289, "pred_cdf": [0.19819872081279755, 0.2471076250076294, 0.3300011157989502, 0.4270123243331909, 0.5354750156402588, 0.615145742893219, 0.6630890965461731, 0.690792977809906, 0.7705886363983154, 0.8776373267173767, 0.92055743932724, 0.9554978609085083, 0.9719444513320923, 0.9820224642753601, 0.9905176758766174, 0.9962383508682251, 0.9999999403953552], "true_cdf": [0.5021399855613708, 0.5021399855613708, 0.6012899875640869, 0.6812100410461426, 0.7500100135803223, 0.7948600053787231, 0.8208299875259399, 0.8359999656677246, 0.8747899532318115, 0.9591999650001526, 0.9789000153541565, 0.985770046710968, 1.0, 1.0, 1.0, 1.0, 1.0]}, {"sid": 172, "pred_cdf": [0.5638233423233032, 0.6463032960891724, 0.7434579730033875, 0.8009189367294312, 0.8485568761825562, 0.8853195309638977, 0.8997290730476379, 0.9063222408294678, 0.9330790042877197, 0.9652822613716125, 0.9770005941390991, 0.9902421832084656, 0.9949272274971008, 0.996846616268158, 0.9985570907592773, 0.9995165467262268, 0.9999999403953552], "true_cdf": [0.626990020275116, 0.626990020275116, 0.7318699359893799, 0.8058100342750549, 0.8491899967193604, 0.873710036277771, 0.8880500197410583, 0.8955900073051453, 0.920490026473999, 0.945360004901886, 0.954479992389679, 0.9787200093269348, 1.0, 1.0, 1.0, 1.0, 1.0]}, {"sid": 203, "pred_cdf": [0.2018064558506012, 0.24590745568275452, 0.6344692707061768, 0.863479495048523, 0.9497528672218323, 0.9659551978111267, 0.9704270958900452, 0.9725526571273804, 0.9808130264282227, 0.9905783534049988, 0.9940555691719055, 0.9972444176673889, 0.9984882473945618, 0.9990705251693726, 0.9994382858276367, 0.9998198747634888, 0.9999998807907104], "true_cdf": [0.21884000301361084, 0.21884000301361084, 0.5410000085830688, 0.8689800500869751, 0.985319972038269, 1.0, 1.0, 1.0, 1.0, 1.0, 1.0, 1.0, 1.0, 1.0, 1.0, 1.0, 1.0]}, {"sid": 179, "pred_cdf": [0.2822173237800598, 0.392570436000824, 0.798717737197876, 0.9071711897850037, 0.9387177228927612, 0.9484713673591614, 0.9518581628799438, 0.9538999795913696, 0.963127851486206, 0.9754598140716553, 0.9818474650382996, 0.9897374510765076, 0.9941133260726929, 0.9963359832763672, 0.9982317686080933, 0.9994027614593506, 1.0], "true_cdf": [0.2910796105861664, 0.4842499792575836, 0.792460024356842, 0.959850013256073, 0.9950599670410156, 0.995680034160614, 0.995680034160614, 0.9962899684906006, 1.0, 1.0, 1.0, 1.0, 1.0, 1.0, 1.0, 1.0, 1.0]}, {"sid": 202, "pred_cdf": [0.2747282087802887, 0.35618263483047485, 0.48599642515182495, 0.5734468698501587, 0.6365475058555603, 0.6749933362007141, 0.6987759470939636, 0.7144384384155273, 0.762809693813324, 0.8244813084602356, 0.8657488822937012, 0.907102108001709, 0.941756010055542, 0.961825430393219, 0.9804214835166931, 0.9922810196876526, 0.9999999403953552], "true_cdf": [0.30351001024246216, 0.30351001024246216, 0.4102799892425537, 0.5112900137901306, 0.5672000050544739, 0.594789981842041, 0.6094200015068054, 0.617579996585846, 0.6382099986076355, 0.6558200120925903, 0.6648300290107727, 0.6708799600601196, 0.7059600353240967, 0.724779486656189, 0.7629500031471252, 1.0, 1.0]}, {"sid": 266, "pred_cdf": [0.22358733415603638, 0.3067234456539154, 0.8483403921127319, 0.9590316414833069, 0.9842357635498047, 0.9901138544082642, 0.9910597205162048, 0.9914605021476746, 0.9942480325698853, 0.9970656037330627, 0.998080313205719, 0.9993863105773926, 0.9997016787528992, 0.9998273253440857, 0.9999109506607056, 0.9999759197235107, 0.9999999403953552], "true_cdf": [0.16061170399188995, 0.30476999282836914, 0.7801100015640259, 1.0, 1.0, 1.0, 1.0, 1.0, 1.0, 1.0, 1.0, 1.0, 1.0, 1.0, 1.0, 1.0, 1.0]}, {"sid": 177, "pred_cdf": [0.1402691900730133, 0.20227855443954468, 0.2672567069530487, 0.3168673813343048, 0.35480430722236633, 0.38099679350852966, 0.40716850757598877, 0.4301109313964844, 0.48805034160614014, 0.5716848373413086, 0.6396450996398926, 0.7091688513755798, 0.8062970042228699, 0.8688412308692932, 0.9334256052970886, 0.9709039926528931, 1.0], "true_cdf": [0.10862390697002411, 0.16228000819683075, 0.24849000573158264, 0.31856000423431396, 0.37480998039245605, 0.4236699938774109, 0.4633200168609619, 0.4882199764251709, 0.5656700134277344, 0.6571199893951416, 0.7260900139808655, 0.7996900081634521, 0.9153800010681152, 0.9433236718177795, 1.0, 1.0, 1.0]}, {"sid": 285, "pred_cdf": [0.3050421178340912, 0.3880882263183594, 0.531091570854187, 0.6481671333312988, 0.748822033405304, 0.8180080652236938, 0.8429573178291321, 0.8537172675132751, 0.901830792427063, 0.9540903568267822, 0.9714603424072266, 0.9892508387565613, 0.9939143061637878, 0.9963167309761047, 0.9981406927108765, 0.9993586540222168, 1.0], "true_cdf": [0.23701700568199158, 0.3009699881076813, 0.4607899785041809, 0.6177600026130676, 0.7374199628829956, 0.8071900010108948, 0.8445099592208862, 0.8615400195121765, 0.9061599969863892, 0.9525700211524963, 0.9644500017166138, 0.9723399877548218, 1.0, 1.0, 1.0, 1.0, 1.0]}, {"sid": 294, "pred_cdf": [0.17313528060913086, 0.24366706609725952, 0.33907362818717957, 0.43367937207221985, 0.5321375727653503, 0.6023953557014465, 0.6415808200836182, 0.667953610420227, 0.7424773573875427, 0.8464001417160034, 0.8940488696098328, 0.9383870363235474, 0.9604905843734741, 0.9749289751052856, 0.9868677854537964, 0.9946925044059753, 1.0], "true_cdf": [0.27952998876571655, 0.27952998876571655, 0.3924899995326996, 0.5180500149726868, 0.5917999744415283, 0.6396499872207642, 0.6720200181007385, 0.6907299757003784, 0.7439700365066528, 0.8371700048446655, 0.8987699747085571, 0.9530400037765503, 1.0, 1.0, 1.0, 1.0, 1.0]}, {"sid": 206, "pred_cdf": [0.15046681463718414, 0.1866234987974167, 0.2643958330154419, 0.4243621230125427, 0.6172420978546143, 0.7291532754898071, 0.7824624180793762, 0.8125028014183044, 0.8775976300239563, 0.9360296726226807, 0.9630798101425171, 0.9791411757469177, 0.9867836833000183, 0.9919430017471313, 0.9953373670578003, 0.9979924559593201, 1.0], "true_cdf": [0.1810300052165985, 0.1810300052165985, 0.29168999195098877, 0.4319800138473511, 0.5750499963760376, 0.7259799838066101, 0.8292299509048462, 0.8917400240898132, 0.9500800371170044, 0.9932399988174438, 0.9953800439834595, 1.0, 1.0, 1.0, 1.0, 1.0, 1.0]}, {"sid": 216, "pred_cdf": [0.3971051871776581, 0.45849916338920593, 0.5922479033470154, 0.6909874677658081, 0.7578132152557373, 0.797635018825531, 0.8219166398048401, 0.8342748284339905, 0.8812451958656311, 0.9386534690856934, 0.959071934223175, 0.9779516458511353, 0.9876466393470764, 0.9921535849571228, 0.9960470199584961, 0.9985848665237427, 1.0], "true_cdf": [0.2946600019931793, 0.2946600019931793, 0.4281800091266632, 0.5879200100898743, 0.7375199794769287, 0.8329399824142456, 0.8717400431632996, 0.8916699886322021, 0.9378100037574768, 0.975059986114502, 0.9842099547386169, 1.0, 1.0, 1.0, 1.0, 1.0, 1.0]}, {"sid": 228,