{"bin_x_log10": [-1.3010300397872925, -1.0969101190567017, -0.7958800196647644, -0.5016894936561584, -0.20065946877002716, 0.0969100147485733, 0.3010300099849701, 0.3979400396347046, 0.6989700198173523, 1.0, 1.1461280584335327, 1.3010300397872925, 1.4471580982208252, 1.4983106851577759, 1.602060079574585, 1.7481880187988281, 1.903090000152588], "predictions": [{"sid": 197, "pred_cdf": [0.35514119267463684, 0.4112713038921356, 0.5338797569274902, 0.6388611197471619, 0.7154321074485779, 0.7565417885780334, 0.7834917902946472, 0.8057229518890381, 0.862164318561554, 0.9158152341842651, 0.9410583972930908, 0.9575487375259399, 0.9708530902862549, 0.9816266894340515, 0.990641176700592, 0.9957952499389648, 0.9999999403953552], "true_cdf": [0.4213600158691406, 0.4213600158691406, 0.5203199982643127, 0.6100999712944031, 0.6855100393295288, 0.7461699843406677, 0.7840699553489685, 0.8060199618339539, 0.8698599934577942, 0.9378700256347656, 0.97461998462677, 1.0, 1.0, 1.0, 1.0, 1.0, 1.0]}, {"sid": 246, "pred_cdf": [0.56441730260849, 0.5964220762252808, 0.8873109817504883, 0.9607278108596802, 0.9814726710319519, 0.9849003553390503, 0.9866950511932373, 0.9876123666763306, 0.992829442024231, 0.9963125586509705, 0.9979434609413147, 0.9987523555755615, 0.9992191195487976, 0.9995537400245667, 0.9998285174369812, 0.9999160170555115, 0.9999999403953552], "true_cdf": [0.5214319229125977, 0.8041599988937378, 0.978630006313324, 1.0, 1.0, 1.0, 1.0, 1.0, 1.0, 1.0, 1.0, 1.0, 1.0, 1.0, 1.0, 1.0, 1.0]}, {"sid": 195, "pred_cdf": [0.5709850788116455, 0.6132325530052185, 0.7787607908248901, 0.8752546310424805, 0.918738067150116, 0.933198869228363, 0.9413504004478455, 0.9467068314552307, 0.9663986563682556, 0.982232928276062, 0.9892553091049194, 0.9930090308189392, 0.9953619241714478, 0.9972683191299438, 0.9988078474998474, 0.9994341731071472, 1.0], "true_cdf": [0.8784500360488892, 0.8784500360488892, 0.9434999823570251, 0.960889995098114, 0.975059986114502, 0.9840700030326843, 0.9905100464820862, 0.9905100464820862, 0.9969499707221985, 1.0, 1.0, 1.0, 1.0, 1.0, 1.0, 1.0, 1.0]}, {"sid": 182, "pred_cdf": [0.029080048203468323, 0.05035318806767464, 0.06738384068012238, 0.11786173284053802, 0.24685995280742645, 0.43094560503959656, 0.5467158555984497, 0.6263620257377625, 0.7595754265785217, 0.8845940828323364, 0.9187626242637634, 0.9431354999542236, 0.9627730250358582, 0.9757838249206543, 0.9878246784210205, 0.9946141242980957, 1.0], "true_cdf": [0.02701999992132187, 0.02701999992132187, 0.06137000024318695, 0.11771000176668167, 0.20802000164985657, 0.341949999332428, 0.4611999988555908, 0.5210300087928772, 0.7541400194168091, 0.9384400248527527, 0.9676799774169922, 1.0, 1.0, 1.0, 1.0, 1.0, 1.0]}, {"sid": 226, "pred_cdf": [0.016486110165715218, 0.041318342089653015, 0.098920539021492, 0.34902095794677734, 0.7091660499572754, 0.8817071914672852, 0.9206872582435608, 0.9359492659568787, 0.9697070717811584, 0.985352635383606, 0.9911604523658752, 0.9948999285697937, 0.9965947866439819, 0.9978964924812317, 0.9988870620727539, 0.999463677406311, 0.9999999403953552], "true_cdf": [0.003939999733120203, 0.003939999733120203, 0.032340001314878464, 0.4369800090789795, 0.7643200159072876, 0.8952500224113464, 0.9378500580787659, 0.9520400166511536, 0.9820200204849243, 0.9982700347900391, 1.0, 1.0, 1.0, 1.0, 1.0, 1.0, 1.0]}, {"sid": 225, "pred_cdf": [0.010978586040437222, 0.01795230060815811, 0.023213345557451248, 0.07278138399124146, 0.2521679997444153, 0.6295789480209351, 0.7640126943588257, 0.8235222101211548, 0.9168601632118225, 0.9782902002334595, 0.9871503710746765, 0.9927012324333191, 0.9955058693885803, 0.997307538986206, 0.9988278150558472, 0.999412477016449, 1.0], "true_cdf": [0.022600000724196434, 0.022600000724196434, 0.02776999957859516, 0.0703900009393692, 0.2918800115585327, 0.643809974193573, 0.8155800104141235, 0.8737000226974487, 0.9576500058174133, 0.9953399896621704, 1.0, 1.0, 1.0, 1.0, 1.0, 1.0, 1.0]}, {"sid": 302, "pred_cdf": [0.09611820429563522, 0.12945564091205597, 0.8180111646652222, 0.9622347354888916, 0.9915719032287598, 0.9942565560340881, 0.9951087832450867, 0.9954484701156616, 0.9976992011070251, 0.9985849857330322, 0.9991626739501953, 0.999512791633606, 0.9996766448020935, 0.9998102784156799, 0.9999147057533264, 0.9999581575393677, 0.9999998807907104], "true_cdf": [0.10600000619888306, 0.10600000619888306, 0.8693000078201294, 1.0, 1.0, 1.0, 1.0, 1.0, 1.0, 1.0, 1.0, 1.0, 1.0, 1.0, 1.0, 1.0, 1.0]}, {"sid": 218, "pred_cdf": [0.029247403144836426, 0.04583825543522835, 0.059676967561244965, 0.11461284756660461, 0.2510393559932709, 0.47837239503860474, 0.6004661321640015, 0.6767935752868652, 0.8033870458602905, 0.9125739932060242, 0.938284158706665, 0.957970142364502, 0.9728565812110901, 0.9824768900871277, 0.9914284944534302, 0.9960235953330994, 0.9999999403953552], "true_cdf": [0.055149998515844345, 0.055149998515844345, 0.08468000590801239, 0.1506900042295456, 0.286190003156662, 0.5480599999427795, 0.7122099995613098, 0.778659999370575, 0.9089399576187134, 0.9529799818992615, 0.9668900370597839, 1.0, 1.0, 1.0, 1.0, 1.0, 1.0]}, {"sid": 185, "pred_cdf": [0.06137903034687042, 0.09273675084114075, 0.12565700709819794, 0.17151491343975067, 0.24483153223991394, 0.3304426372051239, 0.3993232846260071, 0.46282705664634705, 0.5744286775588989, 0.6996744275093079, 0.7550843954086304, 0.8075160980224609, 0.8668721318244934, 0.9090268611907959, 0.9482106566429138, 0.9779652953147888, 1.0], "true_cdf": [0.15027999877929688, 0.15027999877929688, 0.20704999566078186, 0.27851998805999756, 0.3620000183582306, 0.447050005197525, 0.5002599954605103, 0.5303099751472473, 0.6095700263977051, 0.7174800038337708, 0.7775299549102783, 0.8537600040435791, 1.0, 1.0, 1.0, 1.0, 1.0]}, {"sid": 224, "pred_cdf": [0.009116941131651402, 0.016818948090076447, 0.022288991138339043, 0.05721507966518402, 0.1978456974029541, 0.5254499316215515, 0.6833566427230835, 0.7574360966682434, 0.8744627237319946, 0.9590100646018982, 0.9743499159812927, 0.9842380881309509, 0.9903749227523804, 0.9939286708831787, 0.9973899126052856, 0.9987431764602661, 1.0], "true_cdf": [0.0044999998062849045, 0.0044999998062849045, 0.008100000210106373, 0.03328999876976013, 0.1466600000858307, 0.5074599981307983, 0.7053999900817871, 0.7728800177574158, 0.9033399820327759, 0.9606300592422485, 0.9764900207519531, 0.9834499955177307, 1.0, 1.0, 1.0, 1.0, 1.0]}, {"sid": 212, "pred_cdf": [0.28438857197761536, 0.3526507019996643, 0.5439116358757019, 0.6624258160591125, 0.7396458983421326, 0.7729761600494385, 0.7957702279090881, 0.8138782382011414, 0.8607742190361023, 0.9035084843635559, 0.9287034869194031, 0.9472073316574097, 0.9637383222579956, 0.9765398502349854, 0.9874550700187683, 0.9942923784255981, 1.0], "true_cdf": [0.42528000473976135, 0.42528000473976135, 0.6177200078964233, 0.7822499871253967, 0.8914600610733032, 0.9390899538993835, 0.9535199999809265, 0.9592900276184082, 0.9761300086975098, 0.9894100427627563, 0.9944100379943848, 1.0, 1.0, 1.0, 1.0, 1.0, 1.0]}, {"sid": 199, "pred_cdf": [0.31292447447776794, 0.37107038497924805, 0.5329371094703674, 0.6790292263031006, 0.7736350297927856, 0.8123904466629028, 0.8351896405220032, 0.8518223762512207, 0.8975165486335754, 0.9365311861038208, 0.9558831453323364, 0.9689244031906128, 0.9786096215248108, 0.9866706132888794, 0.992889940738678, 0.996674120426178, 1.0], "true_cdf": [0.3073999881744385, 0.3073999881744385, 0.522379994392395, 0.8128100037574768, 0.9495300054550171, 0.9834799766540527, 0.9957399964332581, 0.9957399964332581, 0.9957399964332581, 1.0, 1.0, 1.0, 1.0, 1.0, 1.0, 1.0, 1.0]}, {"sid": 248, "pred_cdf": [0.07839114964008331, 0.12660206854343414, 0.17998740077018738, 0.2585298717021942, 0.38726192712783813, 0.5067917108535767, 0.5811197757720947, 0.6384483575820923, 0.7505370378494263, 0.8508081436157227, 0.892924964427948, 0.9235901832580566, 0.9467021226882935, 0.9653374552726746, 0.9819539189338684, 0.9920043349266052, 0.9999999403953552],