{
    "JSD":[
        0.07658644765615463,
        0.06261550635099411,
        0.059346046298742294,
        0.057141873985528946,
        0.055239368230104446,
        0.05436582490801811,
        0.05375229939818382,
        0.05165628716349602,
        0.051365748047828674,
        0.04988086596131325,
        0.04951769858598709,
        0.04892994090914726,
        0.048480499535799026,
        0.047916848212480545,
        0.047150492668151855,
        0.046077657490968704,
        0.04639086499810219,
        0.045682478696107864,
        0.04529142007231712,
        0.04420674964785576
    ],
    "emd":[
        2.938249349594116,
        2.750662326812744,
        2.679586410522461,
        2.6401119232177734,
        2.600904941558838,
        2.57989764213562,
        2.5689010620117188,
        2.519057035446167,
        2.5215706825256348,
        2.486163377761841,
        2.498922109603882,
        2.469282865524292,
        2.462714433670044,
        2.454216718673706,
        2.4461004734039307,
        2.429499626159668,
        2.4378747940063477,
        2.4207286834716797,
        2.413710594177246,
        2.400747299194336
    ],
    "kl_divergence":[
        0.07591676712036133,
        0.02070397511124611,
        0.008902731351554394,
        0.0008205127669498324,
        -0.006098148413002491,
        -0.00950299110263586,
        -0.011499088257551193,
        -0.019406987354159355,
        -0.020493946969509125,
        -0.02602596953511238,
        -0.026883907616138458,
        -0.029244637116789818,
        -0.031180592253804207,
        -0.032987285405397415,
        -0.035877007991075516,
        -0.03978145867586136,
        -0.03860654681921005,
        -0.04084835946559906,
        -0.042785268276929855,
        -0.04667457565665245
    ],
    "loss":[
        0.0012463385937735438,
        0.0008588384371250868,
        0.0007844783831387758,
        0.000738469127099961,
        0.0006989497924223542,
        0.000677447416819632,
        0.0006695203483104706,
        0.0006208973936736584,
        0.0006168268155306578,
        0.0005884894635528326,
        0.0005867356085218489,
        0.0005693015409633517,
        0.000560490763746202,
        0.0005502687417902052,
        0.0005363532691262662,
        0.0005166223272681236,
        0.0005243338528089225,
        0.0005109955091029406,
        0.0005008568405173719,
        0.0004782525356858969
    ],
    "mae_weighted":[
        0.0010024785296991467,
        0.0008990056812763214,
        0.0008819016511552036,
        0.0008618513820692897,
        0.0008452989277429879,
        0.000845918373670429,
        0.0008423645631410182,
        0.000827878771815449,
        0.0008216772112064064,
        0.0008082665153779089,
        0.0007931412546895444,
        0.0008065783767960966,
        0.0007986797718331218,
        0.0007920450298115611,
        0.00077625090489164,
        0.000759553222451359,
        0.0007590115419588983,
        0.0007558907382190228,
        0.0007480751373805106,
        0.0007314762333407998
    ],
    "mean_IOU":[
        -0.5742081999778748,
        -0.6158785820007324,
        -0.6284177899360657,
        -0.6362953186035156,
        -0.6444408893585205,
        -0.6482228636741638,
        -0.6499850749969482,
        -0.659355103969574,
        -0.6600727438926697,
        -0.6661640405654907,
        -0.6677217483520508,
        -0.6702637672424316,
        -0.6715357899665833,
        -0.6750906109809875,
        -0.6778281927108765,
        -0.6819652915000916,
        -0.6804777979850769,
        -0.6834922432899475,
        -0.6853289604187012,
        -0.6900780200958252
    ],
    "mean_absolute_error":[
        0.023913759738206863,
        0.020786553621292114,
        0.019916072487831116,
        0.01938113383948803,
        0.018841613084077835,
        0.01858980767428875,
        0.01846608705818653,
        0.017838409170508385,
        0.017803778871893883,
        0.017397770658135414,
        0.017302460968494415,
        0.017124205827713013,
        0.017037460580468178,
        0.01682550273835659,
        0.01664392277598381,
        0.016386453062295914,
        0.0164713803678751,
        0.01628413051366806,
        0.016160784289240837,
        0.015852754935622215
    ],
    "mean_squared_error":[
        0.0012463385937735438,
        0.0008588384371250868,
        0.0007844783831387758,
        0.000738469127099961,
        0.0006989497924223542,
        0.000677447416819632,
        0.0006695203483104706,
        0.0006208973936736584,
        0.0006168268155306578,
        0.0005884894635528326,
        0.0005867356085218489,
        0.0005693015409633517,
        0.000560490763746202,
        0.0005502687417902052,
        0.0005363532691262662,
        0.0005166223272681236,
        0.0005243338528089225,
        0.0005109955091029406,
        0.0005008568405173719,
        0.0004782525356858969
    ],
    "mse_weighted":[
        8.595681720180437e-06,
        7.483237368433038e-06,
        7.454989372490672e-06,
        7.240419563459e-06,
        7.1258118623518385e-06,
        7.121363069018116e-06,
        7.116297183529241e-06,
        6.958733138162643e-06,
        6.846907581348205e-06,
        6.625396508752601e-06,
        6.675920758425491e-06,
        6.717461019434268e-06,
        6.4814039433258586e-06,
        6.557201231771614e-06,
        6.206212219694862e-06,
        5.846895419381326e-06,
        5.9161138779018074e-06,
        6.084122560423566e-06,
        5.517683348443825e-06,
        5.0812186600524e-06
    ],
    "reverseKL":[
        1.3116694688796997,
        1.1415334939956665,
        1.0998375415802002,
        1.068779706954956,
        1.0470082759857178,
        1.0418154001235962,
        1.0284841060638428,
        1.0051251649856567,
        1.0001424551010132,
        0.9828466176986694,
        0.9731018543243408,
        0.9709733724594116,
        0.9649432897567749,
        0.9596182107925415,
        0.9461063146591187,
        0.9311148524284363,
        0.935165286064148,
        0.9240595698356628,
        0.9214798808097839,
        0.9073231816291809
    ],
    "val_JSD":[
        0.10649696737527847,
        0.08447801321744919,
        0.07914804667234421,
        0.08911110460758209,
        0.0826529860496521,
        0.07198257744312286,
        0.07054801285266876,
        0.07075031846761703,
        0.08037734776735306,
        0.06877651065587997,
        0.07060657441616058,
        0.07408151775598526,
        0.07824981212615967,
        0.06790637969970703,
        0.07213736325502396,
        0.07018247246742249,
        0.06887141615152359,
        0.07305525243282318,
        0.0708780437707901,
        0.0688072070479393
    ],
    "val_emd":[
        2.781897783279419,
        2.9507791996002197,
        3.140101909637451,
        2.519619941711426,
        2.7875471115112305,
        3.6975114345550537,
        3.1409459114074707,
        3.0084946155548096,
        4.333907604217529,
        3.2958199977874756,
        3.773698329925537,
        2.998086929321289,
        2.6737587451934814,
        2.991745710372925,
        2.8527679443359375,
        2.9837887287139893,
        2.908977508544922,
        2.79675555229187,
        2.901719808578491,
        3.1545064449310303
    ],
    "val_kl_divergence":[
        0.1231752559542656,
        0.04960362985730171,
        0.035113804042339325,
        0.06343115121126175,
        0.0407436229288578,
        0.01947777532041073,
        5.084021267975913e-06,
        0.0023101549595594406,
        0.058556586503982544,
        0.0010528272250667214,
        0.015430225059390068,
        0.012340996414422989,
        0.024247171357274055,
        -0.009105556644499302,
        0.007799035403877497,
        0.0038722495082765818,
        -0.004307867493480444,
        0.014380641281604767,
        0.0008809801656752825,
        -0.0007984982803463936
    ],