{"bin_x_log10": [-1.3010300397872925, -1.0969101190567017, -0.7958800196647644, -0.5016894936561584, -0.20065946877002716, 0.0969100147485733, 0.3010300099849701, 0.3979400396347046, 0.6989700198173523, 1.0, 1.1461280584335327, 1.3010300397872925, 1.4471580982208252, 1.4983106851577759, 1.602060079574585, 1.7481880187988281, 1.903090000152588], "predictions": [{"sid": 189, "pred_cdf": [0.06088857352733612, 0.10332554578781128, 0.139580637216568, 0.20534422993659973, 0.3022986054420471, 0.4047462046146393, 0.49038559198379517, 0.5538433790206909, 0.673056960105896, 0.7821633219718933, 0.837430477142334, 0.8864879608154297, 0.9206353425979614, 0.9443197846412659, 0.9673769474029541, 0.9849517941474915, 1.0], "true_cdf": [0.09945999830961227, 0.09945999830961227, 0.1720000058412552, 0.30250999331474304, 0.43870997428894043, 0.49035000801086426, 0.5324699878692627, 0.5644699931144714, 0.6617099642753601, 0.7382499575614929, 0.7956500053405762, 0.862529993057251, 0.9199299812316895, 0.9463711380958557, 1.0, 1.0, 1.0]}, {"sid": 289, "pred_cdf": [0.2421283721923828, 0.3036975562572479, 0.403310626745224, 0.5049187541007996, 0.5900184512138367, 0.6600620746612549, 0.7005516290664673, 0.7321932911872864, 0.8012053370475769, 0.8697180151939392, 0.9103897213935852, 0.9355101585388184, 0.954637885093689, 0.9688552618026733, 0.9820655584335327, 0.9921506643295288, 1.0], "true_cdf": [0.5021399855613708, 0.5021399855613708, 0.6012899875640869, 0.6812100410461426, 0.7500100135803223, 0.7948600053787231, 0.8208299875259399, 0.8359999656677246, 0.8747899532318115, 0.9591999650001526, 0.9789000153541565, 0.985770046710968, 1.0, 1.0, 1.0, 1.0, 1.0]}, {"sid": 172, "pred_cdf": [0.6503626704216003, 0.6967871189117432, 0.8357199430465698, 0.892448902130127, 0.9133552312850952, 0.9273099303245544, 0.9342687129974365, 0.9392244815826416, 0.9535571336746216, 0.9703061580657959, 0.9809831380844116, 0.9868534207344055, 0.9911214113235474, 0.9939504265785217, 0.9970309138298035, 0.9987789392471313, 1.0], "true_cdf": [0.626990020275116, 0.626990020275116, 0.7318699359893799, 0.8058100342750549, 0.8491899967193604, 0.873710036277771, 0.8880500197410583, 0.8955900073051453, 0.920490026473999, 0.945360004901886, 0.954479992389679, 0.9787200093269348, 1.0, 1.0, 1.0, 1.0, 1.0]}, {"sid": 203, "pred_cdf": [0.28968843817710876, 0.3471822440624237, 0.701549768447876, 0.8817554712295532, 0.9322625398635864, 0.9499629735946655, 0.9563470482826233, 0.960310697555542, 0.9684571027755737, 0.978513240814209, 0.9863834381103516, 0.990381121635437, 0.9929928779602051, 0.9951756000518799, 0.9974572062492371, 0.9989604949951172, 0.9999998807907104], "true_cdf": [0.21884000301361084, 0.21884000301361084, 0.5410000085830688, 0.8689800500869751, 0.985319972038269, 1.0, 1.0, 1.0, 1.0, 1.0, 1.0, 1.0, 1.0, 1.0, 1.0, 1.0, 1.0]}, {"sid": 179, "pred_cdf": [0.2945719361305237, 0.34667515754699707, 0.848471999168396, 0.9412767887115479, 0.9613158702850342, 0.9674984812736511, 0.9704904556274414, 0.972557008266449, 0.9768145680427551, 0.9837446808815002, 0.9895130395889282, 0.9926013946533203, 0.9945754408836365, 0.9963842630386353, 0.9981076717376709, 0.9992652535438538, 0.9999999403953552], "true_cdf": [0.2910796105861664, 0.4842499792575836, 0.792460024356842, 0.959850013256073, 0.9950599670410156, 0.995680034160614, 0.995680034160614, 0.9962899684906006, 1.0, 1.0, 1.0, 1.0, 1.0, 1.0, 1.0, 1.0, 1.0]}, {"sid": 202, "pred_cdf": [0.36691519618034363, 0.4434678256511688, 0.627220869064331, 0.7206100821495056, 0.7660412788391113, 0.7952757477760315, 0.8136869668960571, 0.8290912508964539, 0.8594863414764404, 0.8965713977813721, 0.9268967509269714, 0.9454866051673889, 0.960244357585907, 0.9724924564361572, 0.9845377206802368, 0.9934868216514587, 1.0], "true_cdf": [0.30351001024246216, 0.30351001024246216, 0.4102799892425537, 0.5112900137901306, 0.5672000050544739, 0.594789981842041, 0.6094200015068054, 0.617579996585846, 0.6382099986076355, 0.6558200120925903, 0.6648300290107727, 0.6708799600601196, 0.7059600353240967, 0.724779486656189, 0.7629500031471252, 1.0, 1.0]}, {"sid": 266, "pred_cdf": [0.32620692253112793, 0.3791179656982422, 0.8301736116409302, 0.9300326108932495, 0.956171452999115, 0.9661146402359009, 0.9699246287345886, 0.9724138379096985, 0.9777766466140747, 0.9852827191352844, 0.9905892610549927, 0.9935474991798401, 0.9953311681747437, 0.996779203414917, 0.9983790516853333, 0.9993789196014404, 1.0], "true_cdf": [0.16061170399188995, 0.30476999282836914, 0.7801100015640259, 1.0, 1.0, 1.0, 1.0, 1.0, 1.0, 1.0, 1.0, 1.0, 1.0, 1.0, 1.0, 1.0, 1.0]}, {"sid": 177, "pred_cdf": [0.246560737490654, 0.33719149231910706, 0.4806980490684509, 0.5481317043304443, 0.5891202092170715, 0.6224149465560913, 0.6532133221626282, 0.6821826100349426, 0.729621410369873, 0.7890092730522156, 0.8385987877845764, 0.8763654232025146, 0.9071785807609558, 0.9338285326957703, 0.9610763192176819, 0.9832698702812195, 0.9999999403953552], "true_cdf": [0.10862390697002411, 0.16228000819683075, 0.24849000573158264, 0.31856000423431396, 0.37480998039245605, 0.4236699938774109, 0.4633200168609619, 0.4882199764251709, 0.5656700134277344, 0.6571199893951416, 0.7260900139808655, 0.7996900081634521, 0.9153800010681152, 0.9433236718177795, 1.0, 1.0, 1.0]}, {"sid": 285, "pred_cdf": [0.3798210620880127, 0.45095619559288025, 0.7139812707901001, 0.8262646198272705, 0.8766196966171265, 0.901441216468811, 0.9117448329925537, 0.9192417860031128, 0.9376496076583862, 0.9596890807151794, 0.9741247296333313, 0.9815002083778381, 0.9869590401649475, 0.9910266399383545, 0.9953111410140991, 0.9981745481491089, 0.9999999403953552], "true_cdf": [0.23701700568199158, 0.3009699881076813, 0.4607899785041809, 0.6177600026130676, 0.7374199628829956, 0.8071900010108948, 0.8445099592208862, 0.8615400195121765, 0.9061599969863892, 0.9525700211524963, 0.9644500017166138, 0.9723399877548218, 1.0, 1.0, 1.0, 1.0, 1.0]}, {"sid": 294, "pred_cdf": [0.18825401365756989, 0.26402097940444946, 0.3820274770259857, 0.47833842039108276, 0.5590487718582153, 0.6164601445198059, 0.6542466282844543, 0.6880338788032532, 0.7526276111602783, 0.8236292004585266, 0.8735659718513489, 0.906157374382019, 0.9327739477157593, 0.95399010181427, 0.972969651222229, 0.9885736107826233, 1.0], "true_cdf": [0.27952998876571655, 0.27952998876571655, 0.3924899995326996, 0.5180500149726868, 0.5917999744415283, 0.6396499872207642, 0.6720200181007385, 0.6907299757003784, 0.7439700365066528, 0.8371700048446655, 0.8987699747085571, 0.9530400037765503, 1.0, 1.0, 1.0, 1.0, 1.0]}, {"sid": 206, "pred_cdf": [0.12232240289449692, 0.18321597576141357, 0.2804358899593353, 0.45096156001091003, 0.6011098027229309, 0.7025140523910522, 0.7515413761138916, 0.7829344868659973, 0.8419428467750549, 0.8960214257240295, 0.9275655150413513, 0.9488106966018677, 0.9639538526535034, 0.9750306010246277, 0.9854094386100769, 0.9935070872306824, 1.0], "true_cdf": [0.1810300052165985, 0.1810300052165985, 0.29168999195098877, 0.4319800138473511, 0.5750499963760376, 0.7259799838066101, 0.8292299509048462, 0.8917400240898132, 0.9500800371170044, 0.9932399988174438, 0.9953800439834595, 1.0, 1.0, 1.0, 1.0, 1.0, 1.0]}, {"sid": 216, "pred_cdf": [0.3423892557621002, 0.4227466583251953, 0.6804949641227722, 0.8170808553695679, 0.8591492772102356, 0.8782584071159363, 0.8905373811721802, 0.8987702131271362, 0.9143542051315308, 0.9351084232330322, 0.9550435543060303, 0.9673579335212708, 0.9754930734634399, 0.9827480316162109, 0.9908692836761475, 0.9959383010864258, 0.9999999403953552], "true_cdf": [0.2946600019931793, 0.2946600019931793, 0.4281800091266632, 0.5879200100898743, 0.7375199794769287, 0.8329399824142456, 0.8717400431632996, 0.8916699886322021, 0.9378100037574768, 0.975059986114502, 0.9842099547386169, 1.0, 1.0, 1.0, 1.0, 1.0, 1.0]}, {"sid": 228,