{"bin_x_log10": [-1.3010300397872925, -1.0969101190567017, -0.7958800196647644, -0.5016894936561584, -0.20065946877002716, 0.0969100147485733, 0.3010300099849701, 0.3979400396347046, 0.6989700198173523, 1.0, 1.1461280584335327, 1.3010300397872925, 1.4471580982208252, 1.4983106851577759, 1.602060079574585, 1.7481880187988281, 1.903090000152588], "predictions": [{"sid": 184, "pred_cdf": [0.03333243355154991, 0.06630013138055801, 0.09853166341781616, 0.21861018240451813, 0.4162209630012512, 0.6506561040878296, 0.7679819464683533, 0.8088733553886414, 0.8912861347198486, 0.935592532157898, 0.958376944065094, 0.9689690470695496, 0.9789760708808899, 0.985651433467865, 0.9908197522163391, 0.9958439469337463, 0.9999999403953552], "true_cdf": [0.06752000004053116, 0.06752000004053116, 0.10326000303030014, 0.18702998757362366, 0.5441100001335144, 0.6748100519180298, 0.7618200182914734, 0.7950399518013, 0.8726699948310852, 0.9305499792098999, 0.9598600268363953, 1.0, 1.0, 1.0, 1.0, 1.0, 1.0]}, {"sid": 215, "pred_cdf": [0.05908186361193657, 0.09563925117254257, 0.1278410702943802, 0.21712389588356018, 0.36058610677719116, 0.5407239198684692, 0.6576914191246033, 0.7170257568359375, 0.8134494423866272, 0.8830021619796753, 0.9219209551811218, 0.9404287338256836, 0.9588879942893982, 0.9709852933883667, 0.9811390042304993, 0.9907695651054382, 1.0], "true_cdf": [0.06041000038385391, 0.06041000038385391, 0.09020999819040298, 0.13738000392913818, 0.19614000618457794, 0.28758999705314636, 0.4315899908542633, 0.5230399966239929, 0.7489700317382812, 0.9419800043106079, 0.9835399389266968, 1.0, 1.0, 1.0, 1.0, 1.0, 1.0]}, {"sid": 240, "pred_cdf": [0.24846580624580383, 0.3456777334213257, 0.5789130926132202, 0.7025431990623474, 0.7689622640609741, 0.7977482080459595, 0.8166618347167969, 0.8300545811653137, 0.8593458533287048, 0.8922812342643738, 0.9150391817092896, 0.9336493611335754, 0.9522582292556763, 0.9662410616874695, 0.9805118441581726, 0.992202877998352, 0.9999999403953552], "true_cdf": [0.2917778789997101, 0.40015000104904175, 0.533079981803894, 0.6541699767112732, 0.7342000007629395, 0.7916100025177002, 0.8264099955558777, 0.8424099683761597, 0.8876500129699707, 0.9302499890327454, 0.9448599815368652, 0.9585800170898438, 1.0, 1.0, 1.0, 1.0, 1.0]}, {"sid": 307, "pred_cdf": [0.14196324348449707, 0.17922811210155487, 0.6904574632644653, 0.9421416521072388, 0.9889705181121826, 0.9944649338722229, 0.9955746531486511, 0.9959110021591187, 0.9973546862602234, 0.9984295964241028, 0.9989981055259705, 0.9992938041687012, 0.9995547533035278, 0.9996969103813171, 0.999853789806366, 0.9999539852142334, 0.9999999403953552], "true_cdf": [0.09569999575614929, 0.09569999575614929, 0.7791000604629517, 0.9901999831199646, 1.0, 1.0, 1.0, 1.0, 1.0, 1.0, 1.0, 1.0, 1.0, 1.0, 1.0, 1.0, 1.0]}, {"sid": 241, "pred_cdf": [0.4683700501918793, 0.5350453853607178, 0.7264670729637146, 0.8476867079734802, 0.8986477255821228, 0.918231725692749, 0.9291678667068481, 0.9354326128959656, 0.9535374045372009, 0.9706026911735535, 0.9792922735214233, 0.9846288561820984, 0.990184485912323, 0.9931403398513794, 0.9962708353996277, 0.9985576272010803, 1.0], "true_cdf": [0.3024180233478546, 0.3854999840259552, 0.5078099966049194, 0.6149700284004211, 0.6838899850845337, 0.7251699566841125, 0.7486499547958374, 0.758870005607605, 0.7940899729728699, 0.8372099995613098, 0.8527899980545044, 0.9000700116157532, 0.9137699604034424, 0.9422453045845032, 1.0, 1.0, 1.0]}, {"sid": 291, "pred_cdf": [0.3203451335430145, 0.4029264450073242, 0.5860345959663391, 0.7143078446388245, 0.7851080894470215, 0.8206599354743958, 0.8430140614509583, 0.8572169542312622, 0.8901511430740356, 0.921095609664917, 0.9405368566513062, 0.9541905522346497, 0.968485414981842, 0.9776570796966553, 0.9870712161064148, 0.9945210814476013, 1.0], "true_cdf": [0.4281800091266632, 0.4281800091266632, 0.5927900075912476, 0.7163200378417969, 0.7758300304412842, 0.8039700388908386, 0.817870020866394, 0.8266000151634216, 0.8505300283432007, 0.8819200396537781, 0.8893200159072876, 0.9154000282287598, 0.9580000042915344, 0.9718694090843201, 1.0, 1.0, 1.0]}, {"sid": 297, "pred_cdf": [0.19561725854873657, 0.27455729246139526, 0.6133244037628174, 0.8009800910949707, 0.8808393478393555, 0.9068644642829895, 0.919226884841919, 0.9251599907875061, 0.9405992031097412, 0.9561633467674255, 0.9666438698768616, 0.9747858047485352, 0.9820634126663208, 0.9873089790344238, 0.993137001991272, 0.9974049925804138, 1.0], "true_cdf": [0.39650002121925354, 0.39650002121925354, 0.6078799962997437, 0.745389997959137, 0.8086000084877014, 0.8360999822616577, 0.852109968662262, 0.860729992389679, 0.8833000063896179, 0.9150599837303162, 0.9195300340652466, 0.9345300197601318, 1.0, 1.0, 1.0, 1.0, 1.0]}, {"sid": 221, "pred_cdf": [0.025209765881299973, 0.05572214722633362, 0.16796445846557617, 0.5482397079467773, 0.8542771339416504, 0.9560636281967163, 0.9770270586013794, 0.9805735945701599, 0.9910918474197388, 0.995428740978241, 0.9974333047866821, 0.998183012008667, 0.998847484588623, 0.9992407560348511, 0.9995410442352295, 0.9998301863670349, 0.9999999403953552], "true_cdf": [0.06306000053882599, 0.06306000053882599, 0.16052000224590302, 0.5681399703025818, 0.8347299695014954, 0.9184300303459167, 0.9470999836921692, 0.9556900262832642, 0.9734699726104736, 0.9823499917984009, 0.9850199818611145, 0.9850199818611145, 1.0, 1.0, 1.0, 1.0, 1.0]}, {"sid": 175, "pred_cdf": [0.6270203590393066, 0.6747347116470337, 0.7569454312324524, 0.8228530287742615, 0.8589358329772949, 0.8838200569152832, 0.9006669521331787, 0.9115095138549805, 0.9421944618225098, 0.9681207537651062, 0.9795843958854675, 0.9844009280204773, 0.9902021884918213, 0.9931337237358093, 0.9960520267486572, 0.9983925819396973, 1.0], "true_cdf": [0.8425300121307373, 0.8425300121307373, 0.8912100195884705, 0.9155499935150146, 0.9322400093078613, 0.9447599649429321, 0.9541500210762024, 0.9590100049972534, 0.970490038394928, 0.9870400428771973, 1.0, 1.0, 1.0, 1.0, 1.0, 1.0, 1.0]}, {"sid": 303, "pred_cdf": [0.6016899943351746, 0.640989363193512, 0.8556295037269592, 0.9498565793037415, 0.9770440459251404, 0.9839188456535339, 0.9863729476928711, 0.9875651597976685, 0.9921545386314392, 0.9961261749267578, 0.9976277351379395, 0.9982803463935852, 0.9990186095237732, 0.9993395209312439, 0.9996762275695801, 0.9998819828033447, 0.9999998807907104], "true_cdf": [0.5595999956130981, 0.5595999956130981, 0.9276000261306763, 0.9736000299453735, 1.0, 1.0, 1.0, 1.0, 1.0, 1.0, 1.0, 1.0, 1.0, 1.0, 1.0, 1.0, 1.0]}, {"sid": 187, "pred_cdf": [0.2108614593744278, 0.2624652087688446, 0.32559794187545776, 0.4026876986026764, 0.47544336318969727, 0.5613291263580322, 0.6284826397895813, 0.6754422783851624, 0.7683786153793335, 0.8473262786865234, 0.892532467842102, 0.9166396260261536, 0.9434834718704224, 0.9601618051528931, 0.9755491018295288, 0.9883902668952942, 0.9999999403953552], "true_cdf": [0.0757099986076355, 0.0757099986076355, 0.10226999968290329, 0.13122999668121338, 0.17080999910831451, 0.23642000555992126, 0.31053000688552856, 0.3583499789237976, 0.5365899801254272, 0.8123000264167786, 0.92044997215271, 1.0, 1.0, 1.0, 1.0, 1.0, 1.0]}, {"sid": 287, "pred_cdf": [0.01841958612203598, 0.04686681926250458, 0.08400493860244751, 0.2596489191055298, 0.5606894493103027, 0.7975873947143555, 0.8832355737686157, 0.9035388231277466, 0.950482964515686, 0.9733173847198486, 0.9843614101409912, 0.988855242729187, 0.9925771951675415, 0.9949795007705688, 0.9969096779823303, 0.9987395405769348, 0.9999998807907104], "true_cdf": [0.03279000148177147, 0.03279000148177147, 0.07238999754190445, 0.27549999952316284, 0.6084799766540527, 0.7609200477600098, 0.8328800201416016, 0.8601300120353699, 0.9044100046157837, 0.9246700406074524, 0.9246700406074524, 0.9416800141334534, 1.0, 1.0, 1.0, 1.0, 1.0]}, {"sid": 227,