{"bin_x_log10": [-1.3010300397872925, -1.0969101190567017, -0.7958800196647644, -0.5016894936561584, -0.20065946877002716, 0.0969100147485733, 0.3010300099849701, 0.3979400396347046, 0.6989700198173523, 1.0, 1.1461280584335327, 1.3010300397872925, 1.4471580982208252, 1.4983106851577759, 1.602060079574585, 1.7481880187988281, 1.903090000152588], "predictions": [{"sid": 191, "pred_cdf": [0.05564311891794205, 0.06419991701841354, 0.08594390749931335, 0.1984834522008896, 0.39600783586502075, 0.5854087471961975, 0.6790498495101929, 0.7323436737060547, 0.8482065200805664, 0.9349050521850586, 0.9646521210670471, 0.9835166335105896, 0.9918866157531738, 0.9953077435493469, 0.9977675676345825, 0.9988609552383423, 1.0], "true_cdf": [0.06860999763011932, 0.06860999763011932, 0.12729999423027039, 0.22410999238491058, 0.38457000255584717, 0.5557000041007996, 0.6631799936294556, 0.7142600417137146, 0.8366000652313232, 0.9385600090026855, 0.969539999961853, 0.9873200058937073, 1.0, 1.0, 1.0, 1.0, 1.0]}, {"sid": 286, "pred_cdf": [0.036798447370529175, 0.047511424869298935, 0.20343825221061707, 0.7531230449676514, 0.9469883441925049, 0.9899664521217346, 0.9943868517875671, 0.9951799511909485, 0.9980242252349854, 0.999420166015625, 0.999661922454834, 0.9998498558998108, 0.9999269843101501, 0.9999567866325378, 0.9999765157699585, 0.9999890327453613, 1.0], "true_cdf": [0.03268999978899956, 0.03268999978899956, 0.0985499918460846, 0.5195800065994263, 0.965969979763031, 0.977679967880249, 0.977679967880249, 0.977679967880249, 0.977679967880249, 0.9836599826812744, 0.9871099591255188, 1.0, 1.0, 1.0, 1.0, 1.0, 1.0]}, {"sid": 214, "pred_cdf": [0.23825760185718536, 0.29112207889556885, 0.36108821630477905, 0.4593904912471771, 0.548649251461029, 0.6033381819725037, 0.640422523021698, 0.6631982326507568, 0.7269712090492249, 0.7930472493171692, 0.8318747878074646, 0.8746488094329834, 0.9117782115936279, 0.9430255889892578, 0.9668512940406799, 0.9864240884780884, 0.9999999403953552], "true_cdf": [0.16741999983787537, 0.16741999983787537, 0.24132999777793884, 0.34007999300956726, 0.4506100118160248, 0.5578600168228149, 0.6258800029754639, 0.6572699546813965, 0.7520999908447266, 0.8569599986076355, 0.9546900391578674, 1.0, 1.0, 1.0, 1.0, 1.0, 1.0]}, {"sid": 209, "pred_cdf": [0.25429120659828186, 0.30688557028770447, 0.4053095579147339, 0.5659001469612122, 0.6887469291687012, 0.7551339268684387, 0.7867220044136047, 0.7977403402328491, 0.8561784029006958, 0.9236298203468323, 0.9439802169799805, 0.9653381109237671, 0.9818817377090454, 0.9887021780014038, 0.9935470819473267, 0.9974566698074341, 0.9999999403953552], "true_cdf": [0.24927999079227448, 0.24927999079227448, 0.3625600039958954, 0.4954899847507477, 0.6198300123214722, 0.7146900296211243, 0.7662599682807922, 0.7935799956321716, 0.8660399913787842, 0.9112000465393066, 0.9444599747657776, 1.0, 1.0, 1.0, 1.0, 1.0, 1.0]}, {"sid": 176, "pred_cdf": [0.17223107814788818, 0.233173668384552, 0.3144969344139099, 0.4214843511581421, 0.5217993259429932, 0.5932637453079224, 0.6413182616233826, 0.666496992111206, 0.744469940662384, 0.8464032411575317, 0.8879404664039612, 0.9285457730293274, 0.9575096368789673, 0.9726718068122864, 0.9835103154182434, 0.9929651618003845, 0.9999999403953552], "true_cdf": [0.22381000220775604, 0.22381000220775604, 0.275270015001297, 0.3440900146961212, 0.4131999909877777, 0.46855998039245605, 0.5101500153541565, 0.5352799892425537, 0.6220500469207764, 0.7789099812507629, 0.8327600359916687, 0.8744499683380127, 0.918690025806427, 0.9455406069755554, 1.0, 1.0, 1.0]}, {"sid": 231, "pred_cdf": [0.06150896102190018, 0.06426628679037094, 0.0720980167388916, 0.1417396068572998, 0.3708079755306244, 0.653940737247467, 0.7945045828819275, 0.8399345874786377, 0.9428198337554932, 0.9809504747390747, 0.9903179407119751, 0.9962857961654663, 0.9986108541488647, 0.9992182850837708, 0.9996424913406372, 0.9997937083244324, 0.9999999403953552], "true_cdf": [0.05449000000953674, 0.05449000000953674, 0.09013999998569489, 0.15672999620437622, 0.31481000781059265, 0.6423999667167664, 0.7964499592781067, 0.8388300538063049, 0.9531800150871277, 0.9940299987792969, 1.0, 1.0, 1.0, 1.0, 1.0, 1.0, 1.0]}, {"sid": 234, "pred_cdf": [0.04636576399207115, 0.058953892439603806, 0.09446827322244644, 0.2757592797279358, 0.5431381464004517, 0.7240695953369141, 0.8087813258171082, 0.8393949866294861, 0.9094308018684387, 0.9540039896965027, 0.9716237783432007, 0.9860831499099731, 0.9922937154769897, 0.9955117106437683, 0.9976075291633606, 0.9988141059875488, 1.0], "true_cdf": [0.016429999843239784, 0.016429999843239784, 0.016429999843239784, 0.10057000070810318, 0.4088600277900696, 0.7197699546813965, 0.7993099689483643, 0.8301999568939209, 0.8814700245857239, 0.9230899810791016, 0.9769099950790405, 0.9769099950790405, 1.0, 1.0, 1.0, 1.0, 1.0]}, {"sid": 193, "pred_cdf": [0.2457682192325592, 0.2822333872318268, 0.3543643057346344, 0.49854570627212524, 0.6303505897521973, 0.702569842338562, 0.7424955368041992, 0.763087809085846, 0.8319544196128845, 0.903059720993042, 0.9297231435775757, 0.9563880562782288, 0.9753828048706055, 0.9845091700553894, 0.9915663003921509, 0.9961706399917603, 0.9999999403953552], "true_cdf": [0.17069999873638153, 0.17069999873638153, 0.2858400046825409, 0.44071999192237854, 0.5831300020217896, 0.6773999929428101, 0.7322799563407898, 0.7592199444770813, 0.844730019569397, 0.9621299505233765, 1.0, 1.0, 1.0, 1.0, 1.0, 1.0, 1.0]}, {"sid": 168, "pred_cdf": [0.6259810328483582, 0.6720304489135742, 0.786217212677002, 0.889777421951294, 0.9474765062332153, 0.9718199372291565, 0.976553201675415, 0.9777082800865173, 0.986799955368042, 0.9955288171768188, 0.9969666004180908, 0.998206615447998, 0.9993289709091187, 0.9995872378349304, 0.9997967481613159, 0.9999201893806458, 1.0], "true_cdf": [0.7403600215911865, 0.7403600215911865, 0.7925199866294861, 0.8399500250816345, 0.8763099908828735, 0.9100300073623657, 0.9358499646186829, 0.9474400281906128, 0.9795899987220764, 0.9973800182342529, 1.0, 1.0, 1.0, 1.0, 1.0, 1.0, 1.0]}, {"sid": 219, "pred_cdf": [0.04248420521616936, 0.058147579431533813, 0.14438948035240173, 0.5308517217636108, 0.8138123750686646, 0.9211024045944214, 0.9482395648956299, 0.95619136095047, 0.9764608144760132, 0.9893958568572998, 0.9934202432632446, 0.9966695308685303, 0.9981247782707214, 0.9989033341407776, 0.9994015693664551, 0.9997119307518005, 1.0], "true_cdf": [0.04968999698758125, 0.04968999698758125, 0.1322999894618988, 0.5259799957275391, 0.7931700348854065, 0.8628700375556946, 0.8848100304603577, 0.8925599455833435, 0.9196600317955017, 0.9483500123023987, 0.9711599946022034, 0.9821799993515015, 1.0, 1.0, 1.0, 1.0, 1.0]}, {"sid": 211, "pred_cdf": [0.27481508255004883, 0.2994668185710907, 0.45281708240509033, 0.7254594564437866, 0.8933703899383545, 0.9502000212669373, 0.9634928107261658, 0.9685826897621155, 0.9818063974380493, 0.9899501800537109, 0.9931585192680359, 0.9958835244178772, 0.9977750182151794, 0.998594343662262, 0.9992846250534058, 0.9996412992477417, 1.0], "true_cdf": [0.19780999422073364, 0.19780999422073364, 0.3982899785041809, 0.7858799695968628, 0.9698699712753296, 0.9948199987411499, 0.9970500469207764, 0.9979400038719177, 0.9983899593353271, 1.0, 1.0, 1.0, 1.0, 1.0, 1.0, 1.0, 1.0]}, {"sid": 277, "pred_cdf": [0.3454415500164032, 0.40987008810043335, 0.5377386808395386, 0.6853770017623901, 0.7746100425720215, 0.8235247135162354, 0.8451526165008545, 0.8525927066802979, 0.8924291729927063, 0.9439943432807922, 0.958582878112793, 0.97489994764328, 0.9875823259353638, 0.9921632409095764, 0.995638370513916, 0.9983559846878052, 1.0], "true_cdf": [0.3308500051498413, 0.3308500051498413, 0.4747700095176697, 0.6038100123405457, 0.6990899443626404, 0.7634100317955017, 0.7975800037384033, 0.8172799944877625, 0.8667299747467041, 0.9214399456977844, 0.9479699730873108, 0.9669100046157837, 1.0, 1.0, 1.0, 1.0, 1.0]}, {"sid": 279,