{"bin_x_log10": [-1.3010300397872925, -1.0969101190567017, -0.7958800196647644, -0.5016894936561584, -0.20065946877002716, 0.0969100147485733, 0.3010300099849701, 0.3979400396347046, 0.6989700198173523, 1.0, 1.1461280584335327, 1.3010300397872925, 1.4471580982208252, 1.4983106851577759, 1.602060079574585, 1.7481880187988281, 1.903090000152588], "predictions": [{"sid": 165, "pred_cdf": [0.6009590029716492, 0.6358852386474609, 0.7211849093437195, 0.8065123558044434, 0.856444239616394, 0.8862828016281128, 0.9022437334060669, 0.9128963947296143, 0.9424546957015991, 0.9768579006195068, 0.9856426119804382, 0.9918656945228577, 0.9951347708702087, 0.9971635341644287, 0.998529851436615, 0.999259889125824, 0.9999999403953552], "true_cdf": [0.8079877495765686, 0.9293000102043152, 0.9839000105857849, 1.0, 1.0, 1.0, 1.0, 1.0, 1.0, 1.0, 1.0, 1.0, 1.0, 1.0, 1.0, 1.0, 1.0]}, {"sid": 292, "pred_cdf": [0.434237539768219, 0.484454870223999, 0.6115980744361877, 0.7092475295066833, 0.7666084170341492, 0.8023988604545593, 0.824623167514801, 0.842119574546814, 0.8829509019851685, 0.9376157522201538, 0.9575252532958984, 0.9734505414962769, 0.9825305938720703, 0.9889742732048035, 0.9938166737556458, 0.9969771504402161, 1.0], "true_cdf": [0.4441100060939789, 0.4441100060939789, 0.5793200135231018, 0.6884200572967529, 0.7553600072860718, 0.800540030002594, 0.8256400227546692, 0.8403600454330444, 0.8791800141334534, 0.9402300119400024, 0.9613999724388123, 0.9900000095367432, 1.0, 1.0, 1.0, 1.0, 1.0]}, {"sid": 183, "pred_cdf": [0.07261358946561813, 0.1286514550447464, 0.4123707413673401, 0.7146837711334229, 0.8624913692474365, 0.8976783156394958, 0.9121423959732056, 0.920728325843811, 0.9413793683052063, 0.9617224931716919, 0.9719992876052856, 0.9815240502357483, 0.9870233535766602, 0.991553783416748, 0.994903564453125, 0.9976263642311096, 1.0], "true_cdf": [0.13041000068187714, 0.13041000068187714, 0.3221900165081024, 0.6558899879455566, 0.8433600068092346, 0.9042500257492065, 0.938289999961853, 0.9502699971199036, 0.9814399480819702, 1.0, 1.0, 1.0, 1.0, 1.0, 1.0, 1.0, 1.0]}, {"sid": 229, "pred_cdf": [0.01088683120906353, 0.017539573833346367, 0.02223486825823784, 0.10137523710727692, 0.331744909286499, 0.6700603365898132, 0.838570237159729, 0.8683990836143494, 0.9581329226493835, 0.9911937713623047, 0.996516764163971, 0.9981836676597595, 0.9989880323410034, 0.9994100332260132, 0.999690592288971, 0.9998587965965271, 0.9999999403953552], "true_cdf": [0.0017600000137463212, 0.0017600000137463212, 0.006449999753385782, 0.07440999895334244, 0.3632799983024597, 0.8378999829292297, 0.9498100280761719, 0.969730019569397, 0.9908300042152405, 0.9983899593353271, 1.0, 1.0, 1.0, 1.0, 1.0, 1.0, 1.0]}, {"sid": 230, "pred_cdf": [0.022376462817192078, 0.03063466213643551, 0.03493460267782211, 0.09467290341854095, 0.2560388445854187, 0.5743843913078308, 0.7700135111808777, 0.8132196664810181, 0.9303538203239441, 0.9829789400100708, 0.9923281669616699, 0.9957318902015686, 0.9976751804351807, 0.9986100196838379, 0.9992557764053345, 0.9996473789215088, 1.0], "true_cdf": [0.005519999656826258, 0.005519999656826258, 0.011030000634491444, 0.05006000027060509, 0.20492000877857208, 0.5159099698066711, 0.6996200084686279, 0.7798100113868713, 0.9070900082588196, 0.9727100133895874, 0.9927999973297119, 1.0, 1.0, 1.0, 1.0, 1.0, 1.0]}, {"sid": 290, "pred_cdf": [0.4452889859676361, 0.5045085549354553, 0.6604829430580139, 0.7577622532844543, 0.8075634241104126, 0.835164487361908, 0.8525018095970154, 0.8658976554870605, 0.8964921832084656, 0.9406114816665649, 0.9586677551269531, 0.9729255437850952, 0.9812712669372559, 0.9879239797592163, 0.9932796955108643, 0.9968343377113342, 0.9999998211860657], "true_cdf": [0.580590009689331, 0.580590009689331, 0.7254499793052673, 0.8467400074005127, 0.9118699431419373, 0.9391899704933167, 0.9519200325012207, 0.9560399651527405, 0.9691399931907654, 0.9811300039291382, 0.9858899712562561, 1.0, 1.0, 1.0, 1.0, 1.0, 1.0]}, {"sid": 313, "pred_cdf": [0.5323172211647034, 0.5873856544494629, 0.7056970596313477, 0.7958986759185791, 0.843023955821991, 0.8666799664497375, 0.8813595175743103, 0.8925855159759521, 0.9175807237625122, 0.9553287029266357, 0.9694780111312866, 0.98026442527771, 0.9866780638694763, 0.9916270971298218, 0.9953060150146484, 0.9977419972419739, 0.9999999403953552], "true_cdf": [0.9480000138282776, 0.9509795308113098, 0.981117308139801, 0.9925630688667297, 1.0, 1.0, 1.0, 1.0, 1.0, 1.0, 1.0, 1.0, 1.0, 1.0, 1.0, 1.0, 1.0]}, {"sid": 208, "pred_cdf": [0.10798213630914688, 0.14424732327461243, 0.5441744327545166, 0.8753253817558289, 0.965659499168396, 0.980822741985321, 0.984490156173706, 0.9860434532165527, 0.9908879399299622, 0.9953938126564026, 0.9969788789749146, 0.9983009696006775, 0.9988592267036438, 0.9993487596511841, 0.9996445775032043, 0.9998494386672974, 1.0], "true_cdf": [0.16398000717163086, 0.16398000717163086, 0.41451001167297363, 0.762969970703125, 0.9451799988746643, 0.9843499660491943, 0.9902700185775757, 0.9948300123214722, 0.9975599646568298, 1.0, 1.0, 1.0, 1.0, 1.0, 1.0, 1.0, 1.0]}, {"sid": 284, "pred_cdf": [0.08296111226081848, 0.13931593298912048, 0.2710605263710022, 0.41702598333358765, 0.5507619380950928, 0.6284787654876709, 0.6760879158973694, 0.7076001763343811, 0.7847843170166016, 0.8647120594978333, 0.9045888185501099, 0.9352097511291504, 0.9551876187324524, 0.9701416492462158, 0.9817458391189575, 0.9911661148071289, 1.0], "true_cdf": [0.11463000625371933, 0.11463000625371933, 0.19257999956607819, 0.30347999930381775, 0.4075799882411957, 0.4857099950313568, 0.5313900113105774, 0.5549899935722351, 0.6465299725532532, 0.7646399736404419, 0.872249960899353, 0.9620999693870544, 1.0, 1.0, 1.0, 1.0, 1.0]}, {"sid": 169, "pred_cdf": [0.2251681238412857, 0.28733187913894653, 0.559012770652771, 0.7270791530609131, 0.8158749341964722, 0.8531356453895569, 0.8708497285842896, 0.882051944732666, 0.9121457934379578, 0.9518237113952637, 0.967400312423706, 0.979637861251831, 0.9859921336174011, 0.9908179640769958, 0.9949279427528381, 0.997652530670166, 0.9999998807907104], "true_cdf": [0.33360999822616577, 0.33360999822616577, 0.4546099901199341, 0.6077399849891663, 0.7137000560760498, 0.7789900302886963, 0.8179500102996826, 0.8343599438667297, 0.8815299868583679, 0.9329100251197815, 0.9514700174331665, 0.977590024471283, 1.0, 1.0, 1.0, 1.0, 1.0]}, {"sid": 200, "pred_cdf": [0.20900781452655792, 0.2586168348789215, 0.43735408782958984, 0.7424817085266113, 0.8715189099311829, 0.9107111096382141, 0.9266358017921448, 0.9356957077980042, 0.9574632048606873, 0.9764710068702698, 0.98370361328125, 0.9897394180297852, 0.9932461380958557, 0.9960330724716187, 0.9978041648864746, 0.99897700548172, 0.9999999403953552], "true_cdf": [0.3076399862766266, 0.3076399862766266, 0.4581499993801117, 0.6967700123786926, 0.8825299739837646, 0.980910062789917, 1.0, 1.0, 1.0, 1.0, 1.0, 1.0, 1.0, 1.0, 1.0, 1.0, 1.0]}, {"sid": 213, "pred_cdf": [0.06980802863836288, 0.10798226296901703, 0.4025651812553406, 0.8345462083816528, 0.9552738666534424, 0.9757994413375854, 0.9806913137435913, 0.9830052256584167, 0.9890918135643005, 0.993567705154419, 0.9955066442489624, 0.9973418712615967, 0.998188853263855, 0.9989807605743408, 0.9994202256202698, 0.9997454285621643, 1.0], "true_cdf": [0.21061000227928162, 0.21061000227928162, 0.44273999333381653, 0.7117600440979004, 0.938510000705719, 1.0, 1.0, 1.0, 1.0, 1.0, 1.0, 1.0, 1.0, 1.0, 1.0, 1.0, 1.0]}, {"sid": 311, "pred_cdf": [0.38465800881385803, 0.4267894923686981, 0.771081805229187, 0.9155942797660828, 0.9542182087898254, 0.9635326862335205, 0.966997504234314, 0.9695828557014465, 0.9767605662345886, 0.9867174625396729, 0.9910122752189636, 0.9946672916412354, 0.9962677359580994, 0.9977949261665344, 0.9988152980804443, 0.9994553923606873, 1.0], "true_cdf": [0.14205999672412872, 0.14205999672412872, 0.8850499987602234, 1.0, 1.0, 1.0, 1.0, 1.0, 1.0, 1.0, 1.0, 1.0, 1.0, 1.0, 1.0, 1.0, 1.0]}, {"sid": 261,