{"bin_x_log10": [-1.3010300397872925, -1.0969101190567017, -0.7958800196647644, -0.5016894936561584, -0.20065946877002716, 0.0969100147485733, 0.3010300099849701, 0.3979400396347046, 0.6989700198173523, 1.0, 1.1461280584335327, 1.3010300397872925, 1.4471580982208252, 1.4983106851577759, 1.602060079574585, 1.7481880187988281, 1.903090000152588], "predictions": [{"sid": 197, "pred_cdf": [0.5496494174003601, 0.5937315821647644, 0.6843423247337341, 0.7690317630767822, 0.816712498664856, 0.8469462394714355, 0.8684655427932739, 0.8826795816421509, 0.9165960550308228, 0.9492356777191162, 0.9655389785766602, 0.9777753353118896, 0.9858088493347168, 0.9910562038421631, 0.9947603344917297, 0.9982771873474121, 1.0], "true_cdf": [0.4213600158691406, 0.4213600158691406, 0.5203199982643127, 0.6100999712944031, 0.6855100393295288, 0.7461699843406677, 0.7840699553489685, 0.8060199618339539, 0.8698599934577942, 0.9378700256347656, 0.97461998462677, 1.0, 1.0, 1.0, 1.0, 1.0, 1.0]}, {"sid": 246, "pred_cdf": [0.7133055925369263, 0.7449565529823303, 0.9103315472602844, 0.9732084274291992, 0.9849114418029785, 0.9877946376800537, 0.98956298828125, 0.9903491139411926, 0.9938309192657471, 0.9963934421539307, 0.9978958964347839, 0.9988549947738647, 0.999235212802887, 0.999544620513916, 0.999755322933197, 0.9999486207962036, 1.0], "true_cdf": [0.5214319229125977, 0.8041599988937378, 0.978630006313324, 1.0, 1.0, 1.0, 1.0, 1.0, 1.0, 1.0, 1.0, 1.0, 1.0, 1.0, 1.0, 1.0, 1.0]}, {"sid": 195, "pred_cdf": [0.6354197859764099, 0.6727861166000366, 0.8600723147392273, 0.9543332457542419, 0.9742990732192993, 0.9795216917991638, 0.9827841520309448, 0.9841694831848145, 0.9895899891853333, 0.9938858151435852, 0.9963332414627075, 0.997890830039978, 0.9986016154289246, 0.9991663694381714, 0.9995432496070862, 0.999891459941864, 0.9999999403953552], "true_cdf": [0.8784500360488892, 0.8784500360488892, 0.9434999823570251, 0.960889995098114, 0.975059986114502, 0.9840700030326843, 0.9905100464820862, 0.9905100464820862, 0.9969499707221985, 1.0, 1.0, 1.0, 1.0, 1.0, 1.0, 1.0, 1.0]}, {"sid": 182, "pred_cdf": [0.02752162143588066, 0.04109259322285652, 0.05073178559541702, 0.08753564953804016, 0.18967542052268982, 0.4101353883743286, 0.5433614253997803, 0.6367652416229248, 0.8160147070884705, 0.9196611642837524, 0.9530806541442871, 0.9752402901649475, 0.9846169352531433, 0.9906697273254395, 0.9949177503585815, 0.9979316592216492, 0.9999998807907104], "true_cdf": [0.02701999992132187, 0.02701999992132187, 0.06137000024318695, 0.11771000176668167, 0.20802000164985657, 0.341949999332428, 0.4611999988555908, 0.5210300087928772, 0.7541400194168091, 0.9384400248527527, 0.9676799774169922, 1.0, 1.0, 1.0, 1.0, 1.0, 1.0]}, {"sid": 226, "pred_cdf": [0.01482631266117096, 0.03837432339787483, 0.07875096797943115, 0.32818740606307983, 0.6731235980987549, 0.8500280976295471, 0.9127662777900696, 0.933387279510498, 0.9643865823745728, 0.9838275909423828, 0.9893606305122375, 0.9935100674629211, 0.995254397392273, 0.997372031211853, 0.9984016418457031, 0.9994430541992188, 1.0], "true_cdf": [0.003939999733120203, 0.003939999733120203, 0.032340001314878464, 0.4369800090789795, 0.7643200159072876, 0.8952500224113464, 0.9378500580787659, 0.9520400166511536, 0.9820200204849243, 0.9982700347900391, 1.0, 1.0, 1.0, 1.0, 1.0, 1.0, 1.0]}, {"sid": 225, "pred_cdf": [0.01141117513179779, 0.018022140488028526, 0.022929564118385315, 0.07030883431434631, 0.23288625478744507, 0.5990535020828247, 0.7466185688972473, 0.8111014366149902, 0.9338778257369995, 0.9791736006736755, 0.9890594482421875, 0.9954515695571899, 0.9972831010818481, 0.9985672831535339, 0.9992305636405945, 0.9997414350509644, 0.9999998807907104], "true_cdf": [0.022600000724196434, 0.022600000724196434, 0.02776999957859516, 0.0703900009393692, 0.2918800115585327, 0.643809974193573, 0.8155800104141235, 0.8737000226974487, 0.9576500058174133, 0.9953399896621704, 1.0, 1.0, 1.0, 1.0, 1.0, 1.0, 1.0]}, {"sid": 302, "pred_cdf": [0.18261432647705078, 0.23044350743293762, 0.6779723167419434, 0.9426141977310181, 0.9830472469329834, 0.9885959029197693, 0.9909562468528748, 0.9916473627090454, 0.9943938851356506, 0.9968546628952026, 0.9980329275131226, 0.9988105893135071, 0.9991806745529175, 0.9994964599609375, 0.9997313618659973, 0.9999326467514038, 1.0], "true_cdf": [0.10600000619888306, 0.10600000619888306, 0.8693000078201294, 1.0, 1.0, 1.0, 1.0, 1.0, 1.0, 1.0, 1.0, 1.0, 1.0, 1.0, 1.0, 1.0, 1.0]}, {"sid": 218, "pred_cdf": [0.03622656688094139, 0.056081414222717285, 0.07369212806224823, 0.14760813117027283, 0.29529982805252075, 0.5274017453193665, 0.6561043858528137, 0.7294944524765015, 0.8515902757644653, 0.9271900653839111, 0.9534637331962585, 0.972954273223877, 0.9821358919143677, 0.9896129369735718, 0.9939644932746887, 0.9975541830062866, 1.0], "true_cdf": [0.055149998515844345, 0.055149998515844345, 0.08468000590801239, 0.1506900042295456, 0.286190003156662, 0.5480599999427795, 0.7122099995613098, 0.778659999370575, 0.9089399576187134, 0.9529799818992615, 0.9668900370597839, 1.0, 1.0, 1.0, 1.0, 1.0, 1.0]}, {"sid": 185, "pred_cdf": [0.07636573165655136, 0.10917792469263077, 0.13904277980327606, 0.1892872154712677, 0.2626502215862274, 0.36641278862953186, 0.4503099024295807, 0.5280938744544983, 0.6522850394248962, 0.7747617363929749, 0.8377377986907959, 0.8868832588195801, 0.9221307635307312, 0.9480915069580078, 0.9687997102737427, 0.9853484034538269, 1.0], "true_cdf": [0.15027999877929688, 0.15027999877929688, 0.20704999566078186, 0.27851998805999756, 0.3620000183582306, 0.447050005197525, 0.5002599954605103, 0.5303099751472473, 0.6095700263977051, 0.7174800038337708, 0.7775299549102783, 0.8537600040435791, 1.0, 1.0, 1.0, 1.0, 1.0]}, {"sid": 224, "pred_cdf": [0.011069271713495255, 0.017843399196863174, 0.022421441972255707, 0.05602748692035675, 0.1854155957698822, 0.5089046955108643, 0.6676550507545471, 0.7477854490280151, 0.9067404270172119, 0.9674502611160278, 0.9829733371734619, 0.9924541115760803, 0.9954264163970947, 0.9974413514137268, 0.9986599087715149, 0.9995245337486267, 1.0], "true_cdf": [0.0044999998062849045, 0.0044999998062849045, 0.008100000210106373, 0.03328999876976013, 0.1466600000858307, 0.5074599981307983, 0.7053999900817871, 0.7728800177574158, 0.9033399820327759, 0.9606300592422485, 0.9764900207519531, 0.9834499955177307, 1.0, 1.0, 1.0, 1.0, 1.0]}, {"sid": 212, "pred_cdf": [0.4952477812767029, 0.5449785590171814, 0.7238156795501709, 0.8549058437347412, 0.9012530446052551, 0.9192566275596619, 0.9308750033378601, 0.9372220635414124, 0.9536817669868469, 0.9700826406478882, 0.9795846343040466, 0.9867209196090698, 0.991005003452301, 0.9945068955421448, 0.99687260389328, 0.9990480542182922, 0.9999999403953552], "true_cdf": [0.42528000473976135, 0.42528000473976135, 0.6177200078964233, 0.7822499871253967, 0.8914600610733032, 0.9390899538993835, 0.9535199999809265, 0.9592900276184082, 0.9761300086975098, 0.9894100427627563, 0.9944100379943848, 1.0, 1.0, 1.0, 1.0, 1.0, 1.0]}, {"sid": 199, "pred_cdf": [0.4071401357650757, 0.45714130997657776, 0.6149551272392273, 0.7794152498245239, 0.8505330681800842, 0.8800358772277832, 0.8990727663040161, 0.9088287353515625, 0.9319638609886169, 0.9562079906463623, 0.9692544937133789, 0.9792779684066772, 0.9863002896308899, 0.9915916919708252, 0.9950805902481079, 0.9983763098716736, 1.0], "true_cdf": [0.3073999881744385, 0.3073999881744385, 0.522379994392395, 0.8128100037574768, 0.9495300054550171, 0.9834799766540527, 0.9957399964332581, 0.9957399964332581, 0.9957399964332581, 1.0, 1.0, 1.0, 1.0, 1.0, 1.0, 1.0, 1.0]}, {"sid": 248, "pred_cdf": [0.1008957251906395, 0.14466503262519836, 0.19685466587543488, 0.2905037999153137, 0.41172417998313904, 0.5405606031417847, 0.6368961930274963, 0.6889688968658447, 0.7998923659324646, 0.8988316059112549, 0.9314961433410645, 0.9581538438796997, 0.9738269448280334, 0.9833407402038574, 0.9899659752845764, 0.9957883358001709, 0.9999999403953552],