{"bin_x_log10": [-1.3010300397872925, -1.0969101190567017, -0.7958800196647644, -0.5016894936561584, -0.20065946877002716, 0.0969100147485733, 0.3010300099849701, 0.3979400396347046, 0.6989700198173523, 1.0, 1.1461280584335327, 1.3010300397872925, 1.4471580982208252, 1.4983106851577759, 1.602060079574585, 1.7481880187988281, 1.903090000152588], "predictions": [{"sid": 191, "pred_cdf": [0.05639464408159256, 0.0784674659371376, 0.09626775979995728, 0.18943771719932556, 0.32234030961990356, 0.48688042163848877, 0.6062497496604919, 0.659614086151123, 0.7995284199714661, 0.9085120558738708, 0.9444329142570496, 0.9647683501243591, 0.9827770590782166, 0.9893791079521179, 0.9938890933990479, 0.997309148311615, 1.0], "true_cdf": [0.06860999763011932, 0.06860999763011932, 0.12729999423027039, 0.22410999238491058, 0.38457000255584717, 0.5557000041007996, 0.6631799936294556, 0.7142600417137146, 0.8366000652313232, 0.9385600090026855, 0.969539999961853, 0.9873200058937073, 1.0, 1.0, 1.0, 1.0, 1.0]}, {"sid": 286, "pred_cdf": [0.04410802572965622, 0.0840708464384079, 0.18613414466381073, 0.614328920841217, 0.8952164649963379, 0.9691765904426575, 0.9833443760871887, 0.9870617389678955, 0.9945195317268372, 0.9977579116821289, 0.9986280202865601, 0.9990727305412292, 0.9994913339614868, 0.9996419548988342, 0.9997936487197876, 0.9999253153800964, 1.0], "true_cdf": [0.03268999978899956, 0.03268999978899956, 0.0985499918460846, 0.5195800065994263, 0.965969979763031, 0.977679967880249, 0.977679967880249, 0.977679967880249, 0.977679967880249, 0.9836599826812744, 0.9871099591255188, 1.0, 1.0, 1.0, 1.0, 1.0, 1.0]}, {"sid": 214, "pred_cdf": [0.26574862003326416, 0.3293929696083069, 0.42452847957611084, 0.5576618909835815, 0.6458072066307068, 0.6983733177185059, 0.7323599457740784, 0.7480369806289673, 0.7912974953651428, 0.8419817686080933, 0.8731638789176941, 0.9073237776756287, 0.9415351152420044, 0.9641101956367493, 0.9760109782218933, 0.9899607300758362, 1.0], "true_cdf": [0.16741999983787537, 0.16741999983787537, 0.24132999777793884, 0.34007999300956726, 0.4506100118160248, 0.5578600168228149, 0.6258800029754639, 0.6572699546813965, 0.7520999908447266, 0.8569599986076355, 0.9546900391578674, 1.0, 1.0, 1.0, 1.0, 1.0, 1.0]}, {"sid": 209, "pred_cdf": [0.1796264350414276, 0.2619614005088806, 0.36732250452041626, 0.5029095411300659, 0.5955082774162292, 0.6602784395217896, 0.7040611505508423, 0.7254489660263062, 0.7748560309410095, 0.8357935547828674, 0.8728975057601929, 0.90793377161026, 0.9418932795524597, 0.9617999792098999, 0.9744216203689575, 0.9895468354225159, 0.9999998807907104], "true_cdf": [0.24927999079227448, 0.24927999079227448, 0.3625600039958954, 0.4954899847507477, 0.6198300123214722, 0.7146900296211243, 0.7662599682807922, 0.7935799956321716, 0.8660399913787842, 0.9112000465393066, 0.9444599747657776, 1.0, 1.0, 1.0, 1.0, 1.0, 1.0]}, {"sid": 176, "pred_cdf": [0.17981576919555664, 0.2518070936203003, 0.3274763822555542, 0.4241158366203308, 0.5084914565086365, 0.5821029543876648, 0.6382222771644592, 0.6664665341377258, 0.7361698746681213, 0.8206228017807007, 0.8662102222442627, 0.9032827615737915, 0.9382414817810059, 0.9581550359725952, 0.9722960591316223, 0.9891347289085388, 1.0], "true_cdf": [0.22381000220775604, 0.22381000220775604, 0.275270015001297, 0.3440900146961212, 0.4131999909877777, 0.46855998039245605, 0.5101500153541565, 0.5352799892425537, 0.6220500469207764, 0.7789099812507629, 0.8327600359916687, 0.8744499683380127, 0.918690025806427, 0.9455406069755554, 1.0, 1.0, 1.0]}, {"sid": 231, "pred_cdf": [0.03684837371110916, 0.043837375938892365, 0.0494425892829895, 0.1117769181728363, 0.2684793472290039, 0.5614369511604309, 0.7353566884994507, 0.7907717227935791, 0.9173033833503723, 0.975732684135437, 0.9877095818519592, 0.9931597113609314, 0.9967209696769714, 0.997897744178772, 0.9989475607872009, 0.9994750022888184, 0.9999998807907104], "true_cdf": [0.05449000000953674, 0.05449000000953674, 0.09013999998569489, 0.15672999620437622, 0.31481000781059265, 0.6423999667167664, 0.7964499592781067, 0.8388300538063049, 0.9531800150871277, 0.9940299987792969, 1.0, 1.0, 1.0, 1.0, 1.0, 1.0, 1.0]}, {"sid": 234, "pred_cdf": [0.034440308809280396, 0.054808080196380615, 0.0748567059636116, 0.2672003507614136, 0.5384595990180969, 0.7548679709434509, 0.8501593470573425, 0.8813924193382263, 0.9467360377311707, 0.978567898273468, 0.9877410531044006, 0.9922474026679993, 0.9958260655403137, 0.9971579313278198, 0.9984380006790161, 0.9993412494659424, 0.9999999403953552], "true_cdf": [0.016429999843239784, 0.016429999843239784, 0.016429999843239784, 0.10057000070810318, 0.4088600277900696, 0.7197699546813965, 0.7993099689483643, 0.8301999568939209, 0.8814700245857239, 0.9230899810791016, 0.9769099950790405, 0.9769099950790405, 1.0, 1.0, 1.0, 1.0, 1.0]}, {"sid": 193, "pred_cdf": [0.21957871317863464, 0.2693547010421753, 0.33613407611846924, 0.4315974712371826, 0.5050591826438904, 0.5587154030799866, 0.5989715456962585, 0.6214996576309204, 0.6846704483032227, 0.7629258632659912, 0.8124897480010986, 0.8638360500335693, 0.9168571829795837, 0.9506047964096069, 0.9673049449920654, 0.9866374731063843, 0.9999999403953552], "true_cdf": [0.17069999873638153, 0.17069999873638153, 0.2858400046825409, 0.44071999192237854, 0.5831300020217896, 0.6773999929428101, 0.7322799563407898, 0.7592199444770813, 0.844730019569397, 0.9621299505233765, 1.0, 1.0, 1.0, 1.0, 1.0, 1.0, 1.0]}, {"sid": 168, "pred_cdf": [0.8097361922264099, 0.8309597373008728, 0.8705999851226807, 0.89992755651474, 0.9203352332115173, 0.9386803507804871, 0.9482298493385315, 0.9517579078674316, 0.9686914682388306, 0.9876998662948608, 0.9918257594108582, 0.9949430227279663, 0.9973995089530945, 0.9984951615333557, 0.999100387096405, 0.9996764659881592, 0.9999998211860657], "true_cdf": [0.7403600215911865, 0.7403600215911865, 0.7925199866294861, 0.8399500250816345, 0.8763099908828735, 0.9100300073623657, 0.9358499646186829, 0.9474400281906128, 0.9795899987220764, 0.9973800182342529, 1.0, 1.0, 1.0, 1.0, 1.0, 1.0, 1.0]}, {"sid": 219, "pred_cdf": [0.05122014507651329, 0.10516030341386795, 0.18011868000030518, 0.5091724395751953, 0.7767056226730347, 0.8830723762512207, 0.9203892946243286, 0.9346224665641785, 0.9617478251457214, 0.9775079488754272, 0.9845654368400574, 0.9890564680099487, 0.9934485554695129, 0.995394229888916, 0.9972585439682007, 0.9989606738090515, 1.0], "true_cdf": [0.04968999698758125, 0.04968999698758125, 0.1322999894618988, 0.5259799957275391, 0.7931700348854065, 0.8628700375556946, 0.8848100304603577, 0.8925599455833435, 0.9196600317955017, 0.9483500123023987, 0.9711599946022034, 0.9821799993515015, 1.0, 1.0, 1.0, 1.0, 1.0]}, {"sid": 211, "pred_cdf": [0.23837319016456604, 0.3016079366207123, 0.43160539865493774, 0.637980580329895, 0.7794617414474487, 0.8594021797180176, 0.8959490656852722, 0.9080518484115601, 0.9339397549629211, 0.9571242928504944, 0.9676690697669983, 0.9769788384437561, 0.9856770634651184, 0.9904152154922485, 0.9938114285469055, 0.997289776802063, 0.9999999403953552], "true_cdf": [0.19780999422073364, 0.19780999422073364, 0.3982899785041809, 0.7858799695968628, 0.9698699712753296, 0.9948199987411499, 0.9970500469207764, 0.9979400038719177, 0.9983899593353271, 1.0, 1.0, 1.0, 1.0, 1.0, 1.0, 1.0, 1.0]}, {"sid": 277, "pred_cdf": [0.24077381193637848, 0.3631846010684967, 0.5111891031265259, 0.6364858150482178, 0.7168684601783752, 0.7749351859092712, 0.8099551796913147, 0.8243270516395569, 0.8695899248123169, 0.9258142113685608, 0.9476659297943115, 0.9644625186920166, 0.9791668057441711, 0.9869669079780579, 0.9914022088050842, 0.9965811371803284, 0.9999998807907104], "true_cdf": [0.3308500051498413, 0.3308500051498413, 0.4747700095176697, 0.6038100123405457, 0.6990899443626404, 0.7634100317955017, 0.7975800037384033, 0.8172799944877625, 0.8667299747467041, 0.9214399456977844, 0.9479699730873108, 0.9669100046157837, 1.0, 1.0, 1.0, 1.0, 1.0]}, {"sid": 279,