{"bin_x_log10": [-1.3010300397872925, -1.0969101190567017, -0.7958800196647644, -0.5016894936561584, -0.20065946877002716, 0.0969100147485733, 0.3010300099849701, 0.3979400396347046, 0.6989700198173523, 1.0, 1.1461280584335327, 1.3010300397872925, 1.4471580982208252, 1.4983106851577759, 1.602060079574585, 1.7481880187988281, 1.903090000152588], "predictions": [{"sid": 184, "pred_cdf": [0.09051554650068283, 0.10664395987987518, 0.1488170027732849, 0.27418118715286255, 0.4420825242996216, 0.6127555966377258, 0.7159557938575745, 0.7726529836654663, 0.8705958724021912, 0.9410795569419861, 0.9676706790924072, 0.9852523803710938, 0.9912815093994141, 0.9945518374443054, 0.9971320629119873, 0.9988192319869995, 1.0], "true_cdf": [0.06752000004053116, 0.06752000004053116, 0.10326000303030014, 0.18702998757362366, 0.5441100001335144, 0.6748100519180298, 0.7618200182914734, 0.7950399518013, 0.8726699948310852, 0.9305499792098999, 0.9598600268363953, 1.0, 1.0, 1.0, 1.0, 1.0, 1.0]}, {"sid": 215, "pred_cdf": [0.10123278200626373, 0.11292709410190582, 0.14071010053157806, 0.2327233999967575, 0.3834743797779083, 0.554567813873291, 0.663110613822937, 0.7256386280059814, 0.8482218384742737, 0.9324027299880981, 0.9638568162918091, 0.9831166863441467, 0.990678608417511, 0.9945815205574036, 0.9973403215408325, 0.9989020824432373, 1.0], "true_cdf": [0.06041000038385391, 0.06041000038385391, 0.09020999819040298, 0.13738000392913818, 0.19614000618457794, 0.28758999705314636, 0.4315899908542633, 0.5230399966239929, 0.7489700317382812, 0.9419800043106079, 0.9835399389266968, 1.0, 1.0, 1.0, 1.0, 1.0, 1.0]}, {"sid": 240, "pred_cdf": [0.23051409423351288, 0.3577163815498352, 0.5403954982757568, 0.6790206432342529, 0.7561588287353516, 0.7987096905708313, 0.8162288665771484, 0.825390636920929, 0.8622094392776489, 0.9135386347770691, 0.9344630241394043, 0.9576945900917053, 0.9720005393028259, 0.9825483560562134, 0.9916235208511353, 0.9969478845596313, 1.0], "true_cdf": [0.2917778789997101, 0.40015000104904175, 0.533079981803894, 0.6541699767112732, 0.7342000007629395, 0.7916100025177002, 0.8264099955558777, 0.8424099683761597, 0.8876500129699707, 0.9302499890327454, 0.9448599815368652, 0.9585800170898438, 1.0, 1.0, 1.0, 1.0, 1.0]}, {"sid": 307, "pred_cdf": [0.06986585259437561, 0.09963136911392212, 0.6855512857437134, 0.9617900848388672, 0.9954124689102173, 0.9981669187545776, 0.9984456300735474, 0.9985252618789673, 0.9990206956863403, 0.9996787905693054, 0.9997709393501282, 0.9998903274536133, 0.9999370574951172, 0.9999621510505676, 0.9999832510948181, 0.9999939799308777, 0.9999998807907104], "true_cdf": [0.09569999575614929, 0.09569999575614929, 0.7791000604629517, 0.9901999831199646, 1.0, 1.0, 1.0, 1.0, 1.0, 1.0, 1.0, 1.0, 1.0, 1.0, 1.0, 1.0, 1.0]}, {"sid": 241, "pred_cdf": [0.3512847423553467, 0.4208163022994995, 0.4925764799118042, 0.561343789100647, 0.6331308484077454, 0.690038800239563, 0.7163761258125305, 0.7318865060806274, 0.8021848797798157, 0.9014061093330383, 0.9361506700515747, 0.9641525745391846, 0.9783632159233093, 0.9874263405799866, 0.9944043159484863, 0.9980082511901855, 1.0], "true_cdf": [0.3024180233478546, 0.3854999840259552, 0.5078099966049194, 0.6149700284004211, 0.6838899850845337, 0.7251699566841125, 0.7486499547958374, 0.758870005607605, 0.7940899729728699, 0.8372099995613098, 0.8527899980545044, 0.9000700116157532, 0.9137699604034424, 0.9422453045845032, 1.0, 1.0, 1.0]}, {"sid": 291, "pred_cdf": [0.35421961545944214, 0.4455716609954834, 0.5649908781051636, 0.6639952063560486, 0.7393108606338501, 0.7846609950065613, 0.8016477227210999, 0.8108504414558411, 0.8557023406028748, 0.9201360940933228, 0.9422250390052795, 0.9658889770507812, 0.9784858226776123, 0.9868211150169373, 0.9939572215080261, 0.9979152083396912, 1.0], "true_cdf": [0.4281800091266632, 0.4281800091266632, 0.5927900075912476, 0.7163200378417969, 0.7758300304412842, 0.8039700388908386, 0.817870020866394, 0.8266000151634216, 0.8505300283432007, 0.8819200396537781, 0.8893200159072876, 0.9154000282287598, 0.9580000042915344, 0.9718694090843201, 1.0, 1.0, 1.0]}, {"sid": 297, "pred_cdf": [0.22619420289993286, 0.3259883522987366, 0.5779840350151062, 0.7615417242050171, 0.8385321497917175, 0.8702621459960938, 0.8813872337341309, 0.8868078589439392, 0.909448504447937, 0.9438789486885071, 0.9562793970108032, 0.9714970588684082, 0.9815908074378967, 0.9885294437408447, 0.9946410059928894, 0.9980077743530273, 1.0], "true_cdf": [0.39650002121925354, 0.39650002121925354, 0.6078799962997437, 0.745389997959137, 0.8086000084877014, 0.8360999822616577, 0.852109968662262, 0.860729992389679, 0.8833000063896179, 0.9150599837303162, 0.9195300340652466, 0.9345300197601318, 1.0, 1.0, 1.0, 1.0, 1.0]}, {"sid": 221, "pred_cdf": [0.04251549392938614, 0.05364970117807388, 0.15683811902999878, 0.6270619034767151, 0.8894685506820679, 0.9565433263778687, 0.9714521169662476, 0.9771772027015686, 0.9888495802879333, 0.9959135055541992, 0.9974981546401978, 0.9989853501319885, 0.9994404911994934, 0.9996645450592041, 0.999832272529602, 0.9999289512634277, 0.9999998807907104], "true_cdf": [0.06306000053882599, 0.06306000053882599, 0.16052000224590302, 0.5681399703025818, 0.8347299695014954, 0.9184300303459167, 0.9470999836921692, 0.9556900262832642, 0.9734699726104736, 0.9823499917984009, 0.9850199818611145, 0.9850199818611145, 1.0, 1.0, 1.0, 1.0, 1.0]}, {"sid": 175, "pred_cdf": [0.7764768004417419, 0.8118561506271362, 0.839607834815979, 0.8651219606399536, 0.9021143317222595, 0.9237064719200134, 0.9302380681037903, 0.9327760338783264, 0.9549216032028198, 0.9853072762489319, 0.9911916851997375, 0.9959423542022705, 0.9979102611541748, 0.9988570809364319, 0.9995755553245544, 0.9998764991760254, 0.9999999403953552], "true_cdf": [0.8425300121307373, 0.8425300121307373, 0.8912100195884705, 0.9155499935150146, 0.9322400093078613, 0.9447599649429321, 0.9541500210762024, 0.9590100049972534, 0.970490038394928, 0.9870400428771973, 1.0, 1.0, 1.0, 1.0, 1.0, 1.0, 1.0]}, {"sid": 303, "pred_cdf": [0.5778545141220093, 0.6954089999198914, 0.9181994199752808, 0.9737375974655151, 0.9912093877792358, 0.9944248795509338, 0.994937002658844, 0.995074450969696, 0.9966276288032532, 0.9990543723106384, 0.9993831515312195, 0.9997125864028931, 0.9998435378074646, 0.999907910823822, 0.9999635219573975, 0.9999893307685852, 0.9999998807907104], "true_cdf": [0.5595999956130981, 0.5595999956130981, 0.9276000261306763, 0.9736000299453735, 1.0, 1.0, 1.0, 1.0, 1.0, 1.0, 1.0, 1.0, 1.0, 1.0, 1.0, 1.0, 1.0]}, {"sid": 187, "pred_cdf": [0.19200479984283447, 0.22804377973079681, 0.26682233810424805, 0.3191418945789337, 0.38786205649375916, 0.47386297583580017, 0.5291033983230591, 0.5626268982887268, 0.6883468627929688, 0.8497024774551392, 0.9127895832061768, 0.953590989112854, 0.9743807315826416, 0.9852226376533508, 0.9939492344856262, 0.9978037476539612, 1.0], "true_cdf": [0.0757099986076355, 0.0757099986076355, 0.10226999968290329, 0.13122999668121338, 0.17080999910831451, 0.23642000555992126, 0.31053000688552856, 0.3583499789237976, 0.5365899801254272, 0.8123000264167786, 0.92044997215271, 1.0, 1.0, 1.0, 1.0, 1.0, 1.0]}, {"sid": 287, "pred_cdf": [0.03206673264503479, 0.04306139051914215, 0.07336696237325668, 0.25597473978996277, 0.5019329786300659, 0.7138234972953796, 0.7949800491333008, 0.833721935749054, 0.910735011100769, 0.9601712226867676, 0.9761366844177246, 0.9909732341766357, 0.9953187704086304, 0.9970415234565735, 0.9986252784729004, 0.9994290471076965, 0.9999999403953552], "true_cdf": [0.03279000148177147, 0.03279000148177147, 0.07238999754190445, 0.27549999952316284, 0.6084799766540527, 0.7609200477600098, 0.8328800201416016, 0.8601300120353699, 0.9044100046157837, 0.9246700406074524, 0.9246700406074524, 0.9416800141334534, 1.0, 1.0, 1.0, 1.0, 1.0]}, {"sid": 227,