{"bin_x_log10": [-1.3010300397872925, -1.0969101190567017, -0.7958800196647644, -0.5016894936561584, -0.20065946877002716, 0.0969100147485733, 0.3010300099849701, 0.3979400396347046, 0.6989700198173523, 1.0, 1.1461280584335327, 1.3010300397872925, 1.4471580982208252, 1.4983106851577759, 1.602060079574585, 1.7481880187988281, 1.903090000152588], "predictions": [{"sid": 189, "pred_cdf": [0.06219537928700447, 0.10180841386318207, 0.13697528839111328, 0.21861742436885834, 0.347759485244751, 0.4716050326824188, 0.5622739195823669, 0.6275591850280762, 0.7229554653167725, 0.8115411400794983, 0.8539121150970459, 0.8984436988830566, 0.925458550453186, 0.9478901028633118, 0.9693903923034668, 0.9871916174888611, 0.9999999403953552], "true_cdf": [0.09945999830961227, 0.09945999830961227, 0.1720000058412552, 0.30250999331474304, 0.43870997428894043, 0.49035000801086426, 0.5324699878692627, 0.5644699931144714, 0.6617099642753601, 0.7382499575614929, 0.7956500053405762, 0.862529993057251, 0.9199299812316895, 0.9463711380958557, 1.0, 1.0, 1.0]}, {"sid": 289, "pred_cdf": [0.23238115012645721, 0.29774564504623413, 0.38197189569473267, 0.49438339471817017, 0.5932119488716125, 0.6650192737579346, 0.7112368941307068, 0.7475218176841736, 0.8041213154792786, 0.8656251430511475, 0.8962467908859253, 0.9268356561660767, 0.9480305910110474, 0.9642946124076843, 0.9799070358276367, 0.9912214279174805, 1.0], "true_cdf": [0.5021399855613708, 0.5021399855613708, 0.6012899875640869, 0.6812100410461426, 0.7500100135803223, 0.7948600053787231, 0.8208299875259399, 0.8359999656677246, 0.8747899532318115, 0.9591999650001526, 0.9789000153541565, 0.985770046710968, 1.0, 1.0, 1.0, 1.0, 1.0]}, {"sid": 172, "pred_cdf": [0.6196611523628235, 0.6776878833770752, 0.7713066339492798, 0.8362371921539307, 0.8702487945556641, 0.8888407945632935, 0.9007260799407959, 0.9113741517066956, 0.9304705858230591, 0.9539000391960144, 0.9653443694114685, 0.9760269522666931, 0.9837191104888916, 0.988921582698822, 0.9942296147346497, 0.9974618554115295, 1.0], "true_cdf": [0.626990020275116, 0.626990020275116, 0.7318699359893799, 0.8058100342750549, 0.8491899967193604, 0.873710036277771, 0.8880500197410583, 0.8955900073051453, 0.920490026473999, 0.945360004901886, 0.954479992389679, 0.9787200093269348, 1.0, 1.0, 1.0, 1.0, 1.0]}, {"sid": 203, "pred_cdf": [0.13834522664546967, 0.212795227766037, 0.4859779179096222, 0.7909733653068542, 0.9040834903717041, 0.9290357828140259, 0.9417313933372498, 0.9485710859298706, 0.9568374752998352, 0.9681453704833984, 0.9745848774909973, 0.9815232157707214, 0.987778902053833, 0.9918829798698425, 0.995647668838501, 0.9979695677757263, 1.0], "true_cdf": [0.21884000301361084, 0.21884000301361084, 0.5410000085830688, 0.8689800500869751, 0.985319972038269, 1.0, 1.0, 1.0, 1.0, 1.0, 1.0, 1.0, 1.0, 1.0, 1.0, 1.0, 1.0]}, {"sid": 179, "pred_cdf": [0.3521410822868347, 0.4417099058628082, 0.7199712991714478, 0.8428682684898376, 0.8895139098167419, 0.9027474522590637, 0.912172794342041, 0.9195175766944885, 0.9312665462493896, 0.9501141309738159, 0.9609741568565369, 0.9718601703643799, 0.9807544350624084, 0.9870010018348694, 0.993328869342804, 0.9968408346176147, 1.0], "true_cdf": [0.2910796105861664, 0.4842499792575836, 0.792460024356842, 0.959850013256073, 0.9950599670410156, 0.995680034160614, 0.995680034160614, 0.9962899684906006, 1.0, 1.0, 1.0, 1.0, 1.0, 1.0, 1.0, 1.0, 1.0]}, {"sid": 202, "pred_cdf": [0.2433704137802124, 0.32601016759872437, 0.43726375699043274, 0.528321385383606, 0.5939720273017883, 0.6374703049659729, 0.6730843782424927, 0.7057479023933411, 0.7526856660842896, 0.8115950226783752, 0.8486638069152832, 0.8871434926986694, 0.9190059304237366, 0.9445157051086426, 0.9683246612548828, 0.9857394099235535, 1.0], "true_cdf": [0.30351001024246216, 0.30351001024246216, 0.4102799892425537, 0.5112900137901306, 0.5672000050544739, 0.594789981842041, 0.6094200015068054, 0.617579996585846, 0.6382099986076355, 0.6558200120925903, 0.6648300290107727, 0.6708799600601196, 0.7059600353240967, 0.724779486656189, 0.7629500031471252, 1.0, 1.0]}, {"sid": 266, "pred_cdf": [0.1847715675830841, 0.2461920976638794, 0.7334194183349609, 0.9332419633865356, 0.9802080392837524, 0.9847598075866699, 0.9870110154151917, 0.988135814666748, 0.989915668964386, 0.9931778907775879, 0.9948188066482544, 0.9963310956954956, 0.9976879358291626, 0.998494565486908, 0.9992934465408325, 0.9996649622917175, 0.9999999403953552], "true_cdf": [0.16061170399188995, 0.30476999282836914, 0.7801100015640259, 1.0, 1.0, 1.0, 1.0, 1.0, 1.0, 1.0, 1.0, 1.0, 1.0, 1.0, 1.0, 1.0, 1.0]}, {"sid": 177, "pred_cdf": [0.11964225023984909, 0.1933388113975525, 0.2693476974964142, 0.3309817314147949, 0.38737863302230835, 0.4339694678783417, 0.48261892795562744, 0.5307215452194214, 0.5953933596611023, 0.6762310862541199, 0.7364344596862793, 0.7968729138374329, 0.849028468132019, 0.8946881294250488, 0.9369917511940002, 0.9714529514312744, 1.0], "true_cdf": [0.10862390697002411, 0.16228000819683075, 0.24849000573158264, 0.31856000423431396, 0.37480998039245605, 0.4236699938774109, 0.4633200168609619, 0.4882199764251709, 0.5656700134277344, 0.6571199893951416, 0.7260900139808655, 0.7996900081634521, 0.9153800010681152, 0.9433236718177795, 1.0, 1.0, 1.0]}, {"sid": 285, "pred_cdf": [0.3301263451576233, 0.4154185652732849, 0.5963488817214966, 0.7462177276611328, 0.8245716094970703, 0.8543115854263306, 0.8724132776260376, 0.8856450319290161, 0.9071303009986877, 0.9360293745994568, 0.9505727887153625, 0.9646069407463074, 0.9757173657417297, 0.9837325811386108, 0.9912102222442627, 0.9960479736328125, 1.0], "true_cdf": [0.23701700568199158, 0.3009699881076813, 0.4607899785041809, 0.6177600026130676, 0.7374199628829956, 0.8071900010108948, 0.8445099592208862, 0.8615400195121765, 0.9061599969863892, 0.9525700211524963, 0.9644500017166138, 0.9723399877548218, 1.0, 1.0, 1.0, 1.0, 1.0]}, {"sid": 294, "pred_cdf": [0.18839888274669647, 0.2655659317970276, 0.36866188049316406, 0.47581273317337036, 0.5709899067878723, 0.6318511962890625, 0.6770341992378235, 0.7130826711654663, 0.7672073245048523, 0.8315644860267639, 0.8675369024276733, 0.90286785364151, 0.929759681224823, 0.9515909552574158, 0.972322404384613, 0.987775981426239, 1.0], "true_cdf": [0.27952998876571655, 0.27952998876571655, 0.3924899995326996, 0.5180500149726868, 0.5917999744415283, 0.6396499872207642, 0.6720200181007385, 0.6907299757003784, 0.7439700365066528, 0.8371700048446655, 0.8987699747085571, 0.9530400037765503, 1.0, 1.0, 1.0, 1.0, 1.0]}, {"sid": 206, "pred_cdf": [0.07946274429559708, 0.12410013377666473, 0.1976858675479889, 0.4144481420516968, 0.6509146690368652, 0.7654770016670227, 0.8212794065475464, 0.8529571294784546, 0.8911164999008179, 0.9271818399429321, 0.9439452290534973, 0.9618028402328491, 0.9731413722038269, 0.9813307523727417, 0.9895907044410706, 0.9955379366874695, 1.0], "true_cdf": [0.1810300052165985, 0.1810300052165985, 0.29168999195098877, 0.4319800138473511, 0.5750499963760376, 0.7259799838066101, 0.8292299509048462, 0.8917400240898132, 0.9500800371170044, 0.9932399988174438, 0.9953800439834595, 1.0, 1.0, 1.0, 1.0, 1.0, 1.0]}, {"sid": 216, "pred_cdf": [0.37096330523490906, 0.451619029045105, 0.5747508406639099, 0.6925050020217896, 0.7579078674316406, 0.7931076288223267, 0.8183144927024841, 0.8382163643836975, 0.86920565366745, 0.9077035188674927, 0.9281140565872192, 0.9491192102432251, 0.965127170085907, 0.9764739274978638, 0.9872761964797974, 0.9942561388015747, 1.0], "true_cdf": [0.2946600019931793, 0.2946600019931793, 0.4281800091266632, 0.5879200100898743, 0.7375199794769287, 0.8329399824142456, 0.8717400431632996, 0.8916699886322021, 0.9378100037574768, 0.975059986114502, 0.9842099547386169, 1.0, 1.0, 1.0, 1.0, 1.0, 1.0]}, {"sid": 228,