{"bin_x_log10": [-1.3010300397872925, -1.0969101190567017, -0.7958800196647644, -0.5016894936561584, -0.20065946877002716, 0.0969100147485733, 0.3010300099849701, 0.3979400396347046, 0.6989700198173523, 1.0, 1.1461280584335327, 1.3010300397872925, 1.4471580982208252, 1.4983106851577759, 1.602060079574585, 1.7481880187988281, 1.903090000152588], "predictions": [{"sid": 165, "pred_cdf": [0.6781157851219177, 0.6999704837799072, 0.7280884385108948, 0.7770184874534607, 0.8334205150604248, 0.8840426802635193, 0.9043927788734436, 0.9146276712417603, 0.9485903382301331, 0.9844961762428284, 0.9907153844833374, 0.994892418384552, 0.9971840381622314, 0.9984056949615479, 0.999198317527771, 0.9996623396873474, 1.0], "true_cdf": [0.8079877495765686, 0.9293000102043152, 0.9839000105857849, 1.0, 1.0, 1.0, 1.0, 1.0, 1.0, 1.0, 1.0, 1.0, 1.0, 1.0, 1.0, 1.0, 1.0]}, {"sid": 292, "pred_cdf": [0.4746024012565613, 0.5262101292610168, 0.5955805778503418, 0.6730872392654419, 0.737595796585083, 0.7883848547935486, 0.8129032254219055, 0.8276599049568176, 0.8728909492492676, 0.940310001373291, 0.9567164182662964, 0.9711377024650574, 0.9818770289421082, 0.9891752600669861, 0.9942042231559753, 0.9975958466529846, 0.9999999403953552], "true_cdf": [0.4441100060939789, 0.4441100060939789, 0.5793200135231018, 0.6884200572967529, 0.7553600072860718, 0.800540030002594, 0.8256400227546692, 0.8403600454330444, 0.8791800141334534, 0.9402300119400024, 0.9613999724388123, 0.9900000095367432, 1.0, 1.0, 1.0, 1.0, 1.0]}, {"sid": 183, "pred_cdf": [0.11617004871368408, 0.173353374004364, 0.2789127230644226, 0.5565032958984375, 0.7570003867149353, 0.829495906829834, 0.8615098595619202, 0.8779979348182678, 0.9130535125732422, 0.9525852203369141, 0.9625229239463806, 0.9741112589836121, 0.9830616116523743, 0.9888268709182739, 0.9935890436172485, 0.997489333152771, 1.0], "true_cdf": [0.13041000068187714, 0.13041000068187714, 0.3221900165081024, 0.6558899879455566, 0.8433600068092346, 0.9042500257492065, 0.938289999961853, 0.9502699971199036, 0.9814399480819702, 1.0, 1.0, 1.0, 1.0, 1.0, 1.0, 1.0, 1.0]}, {"sid": 229, "pred_cdf": [0.013685098849236965, 0.01766161061823368, 0.019930806010961533, 0.0812562108039856, 0.3183451294898987, 0.7115427255630493, 0.8633890151977539, 0.8954984545707703, 0.9705514311790466, 0.995544970035553, 0.9983134865760803, 0.9991629719734192, 0.9996055364608765, 0.9997674822807312, 0.9998782873153687, 0.9999386072158813, 1.0], "true_cdf": [0.0017600000137463212, 0.0017600000137463212, 0.006449999753385782, 0.07440999895334244, 0.3632799983024597, 0.8378999829292297, 0.9498100280761719, 0.969730019569397, 0.9908300042152405, 0.9983899593353271, 1.0, 1.0, 1.0, 1.0, 1.0, 1.0, 1.0]}, {"sid": 230, "pred_cdf": [0.023243490606546402, 0.029344668611884117, 0.03181333839893341, 0.0753311738371849, 0.23936930298805237, 0.5948597192764282, 0.7764444947242737, 0.8234561681747437, 0.9365625977516174, 0.9869312644004822, 0.9946639537811279, 0.9972505569458008, 0.9986015558242798, 0.9991825819015503, 0.9995962977409363, 0.9997869729995728, 1.0], "true_cdf": [0.005519999656826258, 0.005519999656826258, 0.011030000634491444, 0.05006000027060509, 0.20492000877857208, 0.5159099698066711, 0.6996200084686279, 0.7798100113868713, 0.9070900082588196, 0.9727100133895874, 0.9927999973297119, 1.0, 1.0, 1.0, 1.0, 1.0, 1.0]}, {"sid": 290, "pred_cdf": [0.4562741219997406, 0.5269368886947632, 0.6529223322868347, 0.7568651437759399, 0.8181965947151184, 0.8517515659332275, 0.8641782402992249, 0.8716588020324707, 0.8992568850517273, 0.9523003697395325, 0.9637455344200134, 0.9742128849029541, 0.9835279583930969, 0.990280270576477, 0.9946328997612, 0.9979726672172546, 1.0], "true_cdf": [0.580590009689331, 0.580590009689331, 0.7254499793052673, 0.8467400074005127, 0.9118699431419373, 0.9391899704933167, 0.9519200325012207, 0.9560399651527405, 0.9691399931907654, 0.9811300039291382, 0.9858899712562561, 1.0, 1.0, 1.0, 1.0, 1.0, 1.0]}, {"sid": 313, "pred_cdf": [0.6388527154922485, 0.6785291433334351, 0.7527133226394653, 0.8261722922325134, 0.8772960901260376, 0.9018042087554932, 0.910819947719574, 0.9155486822128296, 0.9355531930923462, 0.9734621644020081, 0.9802870750427246, 0.9868993163108826, 0.9918003082275391, 0.9953246116638184, 0.9974476099014282, 0.9990583658218384, 1.0], "true_cdf": [0.9480000138282776, 0.9509795308113098, 0.981117308139801, 0.9925630688667297, 1.0, 1.0, 1.0, 1.0, 1.0, 1.0, 1.0, 1.0, 1.0, 1.0, 1.0, 1.0, 1.0]}, {"sid": 208, "pred_cdf": [0.20411865413188934, 0.24150440096855164, 0.4123329222202301, 0.7691977024078369, 0.9144482016563416, 0.9518607258796692, 0.9616039991378784, 0.965752363204956, 0.9771600365638733, 0.9896513223648071, 0.9919808506965637, 0.9949745535850525, 0.9969343543052673, 0.9980536103248596, 0.998906672000885, 0.9996190667152405, 0.9999999403953552], "true_cdf": [0.16398000717163086, 0.16398000717163086, 0.41451001167297363, 0.762969970703125, 0.9451799988746643, 0.9843499660491943, 0.9902700185775757, 0.9948300123214722, 0.9975599646568298, 1.0, 1.0, 1.0, 1.0, 1.0, 1.0, 1.0, 1.0]}, {"sid": 284, "pred_cdf": [0.08124708384275436, 0.15736231207847595, 0.22080162167549133, 0.3708013892173767, 0.530993640422821, 0.6308959722518921, 0.6885082721710205, 0.726740300655365, 0.8073782920837402, 0.8916528224945068, 0.9191129207611084, 0.9427744150161743, 0.9608930349349976, 0.97357577085495, 0.9854769706726074, 0.9933801889419556, 1.0], "true_cdf": [0.11463000625371933, 0.11463000625371933, 0.19257999956607819, 0.30347999930381775, 0.4075799882411957, 0.4857099950313568, 0.5313900113105774, 0.5549899935722351, 0.6465299725532532, 0.7646399736404419, 0.872249960899353, 0.9620999693870544, 1.0, 1.0, 1.0, 1.0, 1.0]}, {"sid": 169, "pred_cdf": [0.231808140873909, 0.330669105052948, 0.46111467480659485, 0.5940597057342529, 0.686706006526947, 0.7422260642051697, 0.7686402201652527, 0.7858694195747375, 0.8367742300033569, 0.9126969575881958, 0.93433678150177, 0.9527861475944519, 0.9679544568061829, 0.9797649383544922, 0.9886564612388611, 0.9953837990760803, 0.9999999403953552], "true_cdf": [0.33360999822616577, 0.33360999822616577, 0.4546099901199341, 0.6077399849891663, 0.7137000560760498, 0.7789900302886963, 0.8179500102996826, 0.8343599438667297, 0.8815299868583679, 0.9329100251197815, 0.9514700174331665, 0.977590024471283, 1.0, 1.0, 1.0, 1.0, 1.0]}, {"sid": 200, "pred_cdf": [0.28040170669555664, 0.3114088177680969, 0.39666134119033813, 0.6970000267028809, 0.8715934753417969, 0.926379919052124, 0.9440435767173767, 0.9521222114562988, 0.9699916243553162, 0.9857810139656067, 0.9894885420799255, 0.9932535886764526, 0.9957575798034668, 0.9973933696746826, 0.9985095858573914, 0.9994416236877441, 0.9999999403953552], "true_cdf": [0.3076399862766266, 0.3076399862766266, 0.4581499993801117, 0.6967700123786926, 0.8825299739837646, 0.980910062789917, 1.0, 1.0, 1.0, 1.0, 1.0, 1.0, 1.0, 1.0, 1.0, 1.0, 1.0]}, {"sid": 213, "pred_cdf": [0.09941158443689346, 0.12092931568622589, 0.2254454493522644, 0.723232626914978, 0.932639479637146, 0.9721295237541199, 0.9809260964393616, 0.9837819933891296, 0.9909891486167908, 0.9965542554855347, 0.9974064826965332, 0.9984334707260132, 0.9990889430046082, 0.999406635761261, 0.9996514916419983, 0.9998830556869507, 1.0], "true_cdf": [0.21061000227928162, 0.21061000227928162, 0.44273999333381653, 0.7117600440979004, 0.938510000705719, 1.0, 1.0, 1.0, 1.0, 1.0, 1.0, 1.0, 1.0, 1.0, 1.0, 1.0, 1.0]}, {"sid": 311, "pred_cdf": [0.3647642135620117, 0.41210389137268066, 0.810123085975647, 0.9390676021575928, 0.9652096629142761, 0.9739378690719604, 0.9761795401573181, 0.9775669574737549, 0.9817997813224792, 0.9891110062599182, 0.9912070631980896, 0.994008481502533, 0.9962091445922852, 0.997671365737915, 0.9988000988960266, 0.9996132850646973, 0.9999998211860657], "true_cdf": [0.14205999672412872, 0.14205999672412872, 0.8850499987602234, 1.0, 1.0, 1.0, 1.0, 1.0, 1.0, 1.0, 1.0, 1.0, 1.0, 1.0, 1.0, 1.0, 1.0]}, {"sid": 261,