{"bin_x_log10": [-1.3010300397872925, -1.0969101190567017, -0.7958800196647644, -0.5016894936561584, -0.20065946877002716, 0.0969100147485733, 0.3010300099849701, 0.3979400396347046, 0.6989700198173523, 1.0, 1.1461280584335327, 1.3010300397872925, 1.4471580982208252, 1.4983106851577759, 1.602060079574585, 1.7481880187988281, 1.903090000152588], "predictions": [{"sid": 197, "pred_cdf": [0.41508644819259644, 0.4685562551021576, 0.6030191779136658, 0.6974495053291321, 0.7497888207435608, 0.786268413066864, 0.813387930393219, 0.837315022945404, 0.8628661036491394, 0.8958582282066345, 0.9223181009292603, 0.942903995513916, 0.9562582969665527, 0.9682154655456543, 0.9807157516479492, 0.9918661713600159, 1.0], "true_cdf": [0.4213600158691406, 0.4213600158691406, 0.5203199982643127, 0.6100999712944031, 0.6855100393295288, 0.7461699843406677, 0.7840699553489685, 0.8060199618339539, 0.8698599934577942, 0.9378700256347656, 0.97461998462677, 1.0, 1.0, 1.0, 1.0, 1.0, 1.0]}, {"sid": 246, "pred_cdf": [0.5300737023353577, 0.5748298764228821, 0.8292234539985657, 0.9291852712631226, 0.9489705562591553, 0.9573743939399719, 0.9627447724342346, 0.9668205380439758, 0.9717199802398682, 0.9774390459060669, 0.9827342629432678, 0.9873002767562866, 0.9902896881103516, 0.9931612610816956, 0.9958975911140442, 0.998206615447998, 1.0], "true_cdf": [0.5214319229125977, 0.8041599988937378, 0.978630006313324, 1.0, 1.0, 1.0, 1.0, 1.0, 1.0, 1.0, 1.0, 1.0, 1.0, 1.0, 1.0, 1.0, 1.0]}, {"sid": 195, "pred_cdf": [0.5050661563873291, 0.5568715333938599, 0.7494293451309204, 0.8526223301887512, 0.8858688473701477, 0.9043062329292297, 0.9166883230209351, 0.9268079400062561, 0.9380442500114441, 0.9515365362167358, 0.9632385969161987, 0.9728383421897888, 0.9792634844779968, 0.9851811528205872, 0.9910658597946167, 0.9961581230163574, 1.0], "true_cdf": [0.8784500360488892, 0.8784500360488892, 0.9434999823570251, 0.960889995098114, 0.975059986114502, 0.9840700030326843, 0.9905100464820862, 0.9905100464820862, 0.9969499707221985, 1.0, 1.0, 1.0, 1.0, 1.0, 1.0, 1.0, 1.0]}, {"sid": 182, "pred_cdf": [0.02578837051987648, 0.04082871600985527, 0.06527001410722733, 0.12594392895698547, 0.29575029015541077, 0.4794134497642517, 0.5841094255447388, 0.6714959740638733, 0.7492911219596863, 0.8436712026596069, 0.88262540102005, 0.9153724312782288, 0.9364347457885742, 0.9538556933403015, 0.9751462936401367, 0.9890674352645874, 0.9999999403953552], "true_cdf": [0.02701999992132187, 0.02701999992132187, 0.06137000024318695, 0.11771000176668167, 0.20802000164985657, 0.341949999332428, 0.4611999988555908, 0.5210300087928772, 0.7541400194168091, 0.9384400248527527, 0.9676799774169922, 1.0, 1.0, 1.0, 1.0, 1.0, 1.0]}, {"sid": 226, "pred_cdf": [0.018832756206393242, 0.033715832978487015, 0.11841507256031036, 0.3583957552909851, 0.6688476204872131, 0.840469241142273, 0.8885009288787842, 0.9155194759368896, 0.9412673711776733, 0.9628510475158691, 0.9706920981407166, 0.9778393507003784, 0.9838418364524841, 0.9889524579048157, 0.9943467378616333, 0.9974308609962463, 0.9999998807907104], "true_cdf": [0.003939999733120203, 0.003939999733120203, 0.032340001314878464, 0.4369800090789795, 0.7643200159072876, 0.8952500224113464, 0.9378500580787659, 0.9520400166511536, 0.9820200204849243, 0.9982700347900391, 1.0, 1.0, 1.0, 1.0, 1.0, 1.0, 1.0]}, {"sid": 225, "pred_cdf": [0.015780484303832054, 0.025298092514276505, 0.047189392149448395, 0.12778951227664948, 0.3775239884853363, 0.6459532976150513, 0.7463032603263855, 0.8160022497177124, 0.8702648282051086, 0.9274100661277771, 0.9458376169204712, 0.9615875482559204, 0.9720337390899658, 0.9799600839614868, 0.9898139238357544, 0.9954895377159119, 0.9999999403953552], "true_cdf": [0.022600000724196434, 0.022600000724196434, 0.02776999957859516, 0.0703900009393692, 0.2918800115585327, 0.643809974193573, 0.8155800104141235, 0.8737000226974487, 0.9576500058174133, 0.9953399896621704, 1.0, 1.0, 1.0, 1.0, 1.0, 1.0, 1.0]}, {"sid": 302, "pred_cdf": [0.2049603909254074, 0.24071341753005981, 0.6806416511535645, 0.9220108985900879, 0.9616221785545349, 0.9735996723175049, 0.9783931374549866, 0.9812589287757874, 0.9846932888031006, 0.9880481362342834, 0.9905381202697754, 0.9928141236305237, 0.9946423172950745, 0.9964339137077332, 0.9979214072227478, 0.9990628957748413, 0.9999999403953552], "true_cdf": [0.10600000619888306, 0.10600000619888306, 0.8693000078201294, 1.0, 1.0, 1.0, 1.0, 1.0, 1.0, 1.0, 1.0, 1.0, 1.0, 1.0, 1.0, 1.0, 1.0]}, {"sid": 218, "pred_cdf": [0.034001532942056656, 0.049909450113773346, 0.08094950020313263, 0.1576201617717743, 0.3444674611091614, 0.5388429164886475, 0.640834629535675, 0.7211087942123413, 0.7888464331626892, 0.8685016632080078, 0.9019744396209717, 0.9295672178268433, 0.9475299119949341, 0.9618907570838928, 0.9794641733169556, 0.9910180568695068, 1.0], "true_cdf": [0.055149998515844345, 0.055149998515844345, 0.08468000590801239, 0.1506900042295456, 0.286190003156662, 0.5480599999427795, 0.7122099995613098, 0.778659999370575, 0.9089399576187134, 0.9529799818992615, 0.9668900370597839, 1.0, 1.0, 1.0, 1.0, 1.0, 1.0]}, {"sid": 185, "pred_cdf": [0.06225457042455673, 0.0936318039894104, 0.13441115617752075, 0.18791252374649048, 0.2710878252983093, 0.35914433002471924, 0.43484678864479065, 0.5058988928794861, 0.5770561695098877, 0.6700149178504944, 0.7364137768745422, 0.7954645752906799, 0.8427194952964783, 0.8845114707946777, 0.9299703240394592, 0.9686378240585327, 0.9999999403953552], "true_cdf": [0.15027999877929688, 0.15027999877929688, 0.20704999566078186, 0.27851998805999756, 0.3620000183582306, 0.447050005197525, 0.5002599954605103, 0.5303099751472473, 0.6095700263977051, 0.7174800038337708, 0.7775299549102783, 0.8537600040435791, 1.0, 1.0, 1.0, 1.0, 1.0]}, {"sid": 224, "pred_cdf": [0.010129902511835098, 0.01806614175438881, 0.03239170461893082, 0.08717066049575806, 0.3122670650482178, 0.5756790041923523, 0.684575080871582, 0.7691937685012817, 0.8363052010536194, 0.9101320505142212, 0.9325668215751648, 0.9524397253990173, 0.9651734828948975, 0.9750110507011414, 0.9874365329742432, 0.9943667054176331, 0.9999999403953552], "true_cdf": [0.0044999998062849045, 0.0044999998062849045, 0.008100000210106373, 0.03328999876976013, 0.1466600000858307, 0.5074599981307983, 0.7053999900817871, 0.7728800177574158, 0.9033399820327759, 0.9606300592422485, 0.9764900207519531, 0.9834499955177307, 1.0, 1.0, 1.0, 1.0, 1.0]}, {"sid": 212, "pred_cdf": [0.3738020956516266, 0.4290454387664795, 0.6120583415031433, 0.7324626445770264, 0.7887533903121948, 0.8218904137611389, 0.8444463014602661, 0.8635044097900391, 0.8845108151435852, 0.9099962711334229, 0.93149334192276, 0.9487946033477783, 0.9609004259109497, 0.9719576835632324, 0.9831178784370422, 0.9928455352783203, 0.9999999403953552], "true_cdf": [0.42528000473976135, 0.42528000473976135, 0.6177200078964233, 0.7822499871253967, 0.8914600610733032, 0.9390899538993835, 0.9535199999809265, 0.9592900276184082, 0.9761300086975098, 0.9894100427627563, 0.9944100379943848, 1.0, 1.0, 1.0, 1.0, 1.0, 1.0]}, {"sid": 199, "pred_cdf": [0.3268681764602661, 0.37750497460365295, 0.5832188129425049, 0.7468323707580566, 0.8186408877372742, 0.8557459712028503, 0.8771781325340271, 0.8939981460571289, 0.911978542804718, 0.9334609508514404, 0.9495643973350525, 0.962550163269043, 0.9717128276824951, 0.9798806309700012, 0.9881449341773987, 0.9950188994407654, 1.0], "true_cdf": [0.3073999881744385, 0.3073999881744385, 0.522379994392395, 0.8128100037574768, 0.9495300054550171, 0.9834799766540527, 0.9957399964332581, 0.9957399964332581, 0.9957399964332581, 1.0, 1.0, 1.0, 1.0, 1.0, 1.0, 1.0, 1.0]}, {"sid": 248, "pred_cdf": [0.1735084056854248, 0.21805167198181152, 0.31306126713752747, 0.4146173894405365, 0.5196044445037842, 0.6049840450286865, 0.6648778915405273, 0.7162795662879944, 0.7686595916748047, 0.8337704539299011, 0.875222384929657, 0.9084291458129883, 0.9304075241088867, 0.949312686920166, 0.9702011346817017, 0.9869480133056641, 0.9999998807907104],