{"bin_x_log10": [-1.3010300397872925, -1.0969101190567017, -0.7958800196647644, -0.5016894936561584, -0.20065946877002716, 0.0969100147485733, 0.3010300099849701, 0.3979400396347046, 0.6989700198173523, 1.0, 1.1461280584335327, 1.3010300397872925, 1.4471580982208252, 1.4983106851577759, 1.602060079574585, 1.7481880187988281, 1.903090000152588], "predictions": [{"sid": 191, "pred_cdf": [0.06867974251508713, 0.08042395114898682, 0.10715890675783157, 0.19795265793800354, 0.34109485149383545, 0.518498420715332, 0.6306432485580444, 0.6906500458717346, 0.8163962364196777, 0.9060051441192627, 0.9381604790687561, 0.9640956521034241, 0.9791574478149414, 0.9874723553657532, 0.9936968088150024, 0.99753737449646, 1.0], "true_cdf": [0.06860999763011932, 0.06860999763011932, 0.12729999423027039, 0.22410999238491058, 0.38457000255584717, 0.5557000041007996, 0.6631799936294556, 0.7142600417137146, 0.8366000652313232, 0.9385600090026855, 0.969539999961853, 0.9873200058937073, 1.0, 1.0, 1.0, 1.0, 1.0]}, {"sid": 286, "pred_cdf": [0.04646368697285652, 0.06758042424917221, 0.2093074917793274, 0.6939774751663208, 0.9080793261528015, 0.9685519933700562, 0.978706955909729, 0.9830604791641235, 0.9917629361152649, 0.9968893527984619, 0.9978185296058655, 0.9987558126449585, 0.9993097186088562, 0.9995319843292236, 0.9997470378875732, 0.9998835325241089, 1.0], "true_cdf": [0.03268999978899956, 0.03268999978899956, 0.0985499918460846, 0.5195800065994263, 0.965969979763031, 0.977679967880249, 0.977679967880249, 0.977679967880249, 0.977679967880249, 0.9836599826812744, 0.9871099591255188, 1.0, 1.0, 1.0, 1.0, 1.0, 1.0]}, {"sid": 214, "pred_cdf": [0.26141276955604553, 0.3167760372161865, 0.38901451230049133, 0.46366944909095764, 0.5245333313941956, 0.5709089636802673, 0.6014126539230347, 0.6207440495491028, 0.6669262051582336, 0.7298060655593872, 0.7752063274383545, 0.826580286026001, 0.8737437129020691, 0.9186397194862366, 0.9545168280601501, 0.9799104332923889, 0.9999998807907104], "true_cdf": [0.16741999983787537, 0.16741999983787537, 0.24132999777793884, 0.34007999300956726, 0.4506100118160248, 0.5578600168228149, 0.6258800029754639, 0.6572699546813965, 0.7520999908447266, 0.8569599986076355, 0.9546900391578674, 1.0, 1.0, 1.0, 1.0, 1.0, 1.0]}, {"sid": 209, "pred_cdf": [0.22930726408958435, 0.294730544090271, 0.3824673891067505, 0.4884246289730072, 0.5793429017066956, 0.6485700011253357, 0.6833792924880981, 0.7028701305389404, 0.7621340751647949, 0.8602263331413269, 0.8934897184371948, 0.9286460876464844, 0.952671468257904, 0.9694094061851501, 0.9837984442710876, 0.993472695350647, 1.0], "true_cdf": [0.24927999079227448, 0.24927999079227448, 0.3625600039958954, 0.4954899847507477, 0.6198300123214722, 0.7146900296211243, 0.7662599682807922, 0.7935799956321716, 0.8660399913787842, 0.9112000465393066, 0.9444599747657776, 1.0, 1.0, 1.0, 1.0, 1.0, 1.0]}, {"sid": 176, "pred_cdf": [0.1301632821559906, 0.22148913145065308, 0.30193036794662476, 0.4075580835342407, 0.5054661631584167, 0.581209123134613, 0.6231952905654907, 0.6505842208862305, 0.7265453934669495, 0.8421388864517212, 0.8828588128089905, 0.9221816658973694, 0.9497302174568176, 0.9663248062133789, 0.9820274114608765, 0.9926130175590515, 1.0], "true_cdf": [0.22381000220775604, 0.22381000220775604, 0.275270015001297, 0.3440900146961212, 0.4131999909877777, 0.46855998039245605, 0.5101500153541565, 0.5352799892425537, 0.6220500469207764, 0.7789099812507629, 0.8327600359916687, 0.8744499683380127, 0.918690025806427, 0.9455406069755554, 1.0, 1.0, 1.0]}, {"sid": 231, "pred_cdf": [0.04974741116166115, 0.05362805724143982, 0.0661381259560585, 0.14050424098968506, 0.32228854298591614, 0.6105376482009888, 0.7786222696304321, 0.8431884050369263, 0.9411114454269409, 0.9819492101669312, 0.9887834191322327, 0.9947698712348938, 0.9972280263900757, 0.9982855916023254, 0.9991550445556641, 0.9996834993362427, 1.0], "true_cdf": [0.05449000000953674, 0.05449000000953674, 0.09013999998569489, 0.15672999620437622, 0.31481000781059265, 0.6423999667167664, 0.7964499592781067, 0.8388300538063049, 0.9531800150871277, 0.9940299987792969, 1.0, 1.0, 1.0, 1.0, 1.0, 1.0, 1.0]}, {"sid": 234, "pred_cdf": [0.039559122174978256, 0.05516507476568222, 0.082623690366745, 0.2351851612329483, 0.4385187327861786, 0.6299079060554504, 0.7359875440597534, 0.793529748916626, 0.8697150945663452, 0.9179022908210754, 0.9397091269493103, 0.9614508152008057, 0.9744816422462463, 0.9840426445007324, 0.9912538528442383, 0.9961897134780884, 0.9999999403953552], "true_cdf": [0.016429999843239784, 0.016429999843239784, 0.016429999843239784, 0.10057000070810318, 0.4088600277900696, 0.7197699546813965, 0.7993099689483643, 0.8301999568939209, 0.8814700245857239, 0.9230899810791016, 0.9769099950790405, 0.9769099950790405, 1.0, 1.0, 1.0, 1.0, 1.0]}, {"sid": 193, "pred_cdf": [0.28698572516441345, 0.3299991488456726, 0.4145788848400116, 0.5187168717384338, 0.6065282225608826, 0.6721208691596985, 0.7088589072227478, 0.7293989062309265, 0.7900588512420654, 0.881045937538147, 0.9104712009429932, 0.940364420413971, 0.9616197943687439, 0.9749999642372131, 0.9873266816139221, 0.9949460625648499, 1.0], "true_cdf": [0.17069999873638153, 0.17069999873638153, 0.2858400046825409, 0.44071999192237854, 0.5831300020217896, 0.6773999929428101, 0.7322799563407898, 0.7592199444770813, 0.844730019569397, 0.9621299505233765, 1.0, 1.0, 1.0, 1.0, 1.0, 1.0, 1.0]}, {"sid": 168, "pred_cdf": [0.6402212381362915, 0.6862559914588928, 0.7890709638595581, 0.8616992831230164, 0.9167869687080383, 0.9438057541847229, 0.9502504467964172, 0.9522832036018372, 0.964326798915863, 0.9903509616851807, 0.992971658706665, 0.9961860179901123, 0.9979716539382935, 0.9987882971763611, 0.9993940591812134, 0.9997997283935547, 0.9999998807907104], "true_cdf": [0.7403600215911865, 0.7403600215911865, 0.7925199866294861, 0.8399500250816345, 0.8763099908828735, 0.9100300073623657, 0.9358499646186829, 0.9474400281906128, 0.9795899987220764, 0.9973800182342529, 1.0, 1.0, 1.0, 1.0, 1.0, 1.0, 1.0]}, {"sid": 219, "pred_cdf": [0.05285622924566269, 0.08115311712026596, 0.17505860328674316, 0.5440807342529297, 0.7760980129241943, 0.8806008100509644, 0.9138896465301514, 0.9314902424812317, 0.9579176306724548, 0.9732900857925415, 0.9799870848655701, 0.9867493510246277, 0.9915857315063477, 0.9944402575492859, 0.9968855977058411, 0.9985654354095459, 1.0], "true_cdf": [0.04968999698758125, 0.04968999698758125, 0.1322999894618988, 0.5259799957275391, 0.7931700348854065, 0.8628700375556946, 0.8848100304603577, 0.8925599455833435, 0.9196600317955017, 0.9483500123023987, 0.9711599946022034, 0.9821799993515015, 1.0, 1.0, 1.0, 1.0, 1.0]}, {"sid": 211, "pred_cdf": [0.25164395570755005, 0.28079017996788025, 0.5183395147323608, 0.759850025177002, 0.8797131180763245, 0.9325329661369324, 0.9478083848953247, 0.9569319486618042, 0.9702545404434204, 0.9828941822052002, 0.9865658283233643, 0.990733802318573, 0.9943824410438538, 0.9962197542190552, 0.9977537393569946, 0.9990368485450745, 1.0], "true_cdf": [0.19780999422073364, 0.19780999422073364, 0.3982899785041809, 0.7858799695968628, 0.9698699712753296, 0.9948199987411499, 0.9970500469207764, 0.9979400038719177, 0.9983899593353271, 1.0, 1.0, 1.0, 1.0, 1.0, 1.0, 1.0, 1.0]}, {"sid": 277, "pred_cdf": [0.3038445711135864, 0.36933717131614685, 0.4721047878265381, 0.5707290768623352, 0.6578806042671204, 0.7345406413078308, 0.7678191661834717, 0.784672737121582, 0.8377358913421631, 0.9267875552177429, 0.9461052417755127, 0.9671492576599121, 0.9795120358467102, 0.9866437911987305, 0.9933011531829834, 0.9975041151046753, 0.9999999403953552], "true_cdf": [0.3308500051498413, 0.3308500051498413, 0.4747700095176697, 0.6038100123405457, 0.6990899443626404, 0.7634100317955017, 0.7975800037384033, 0.8172799944877625, 0.8667299747467041, 0.9214399456977844, 0.9479699730873108, 0.9669100046157837, 1.0, 1.0, 1.0, 1.0, 1.0]}, {"sid": 279,