{"bin_x_log10": [-1.3010300397872925, -1.0969101190567017, -0.7958800196647644, -0.5016894936561584, -0.20065946877002716, 0.0969100147485733, 0.3010300099849701, 0.3979400396347046, 0.6989700198173523, 1.0, 1.1461280584335327, 1.3010300397872925, 1.4471580982208252, 1.4983106851577759, 1.602060079574585, 1.7481880187988281, 1.903090000152588], "predictions": [{"sid": 189, "pred_cdf": [0.07493134588003159, 0.11151465773582458, 0.14967694878578186, 0.21496781706809998, 0.2980116605758667, 0.4022495150566101, 0.4778413772583008, 0.5356502532958984, 0.6311629414558411, 0.7335531711578369, 0.8004432320594788, 0.8577359914779663, 0.8982482552528381, 0.934220552444458, 0.9583228230476379, 0.9812504649162292, 1.0], "true_cdf": [0.09945999830961227, 0.09945999830961227, 0.1720000058412552, 0.30250999331474304, 0.43870997428894043, 0.49035000801086426, 0.5324699878692627, 0.5644699931144714, 0.6617099642753601, 0.7382499575614929, 0.7956500053405762, 0.862529993057251, 0.9199299812316895, 0.9463711380958557, 1.0, 1.0, 1.0]}, {"sid": 289, "pred_cdf": [0.21376292407512665, 0.26254698634147644, 0.367139607667923, 0.48515647649765015, 0.593704104423523, 0.6726749539375305, 0.7193936705589294, 0.7484012246131897, 0.801869809627533, 0.8622959852218628, 0.8962900638580322, 0.9254828691482544, 0.9477327466011047, 0.966318666934967, 0.9794318079948425, 0.9908391833305359, 1.0], "true_cdf": [0.5021399855613708, 0.5021399855613708, 0.6012899875640869, 0.6812100410461426, 0.7500100135803223, 0.7948600053787231, 0.8208299875259399, 0.8359999656677246, 0.8747899532318115, 0.9591999650001526, 0.9789000153541565, 0.985770046710968, 1.0, 1.0, 1.0, 1.0, 1.0]}, {"sid": 172, "pred_cdf": [0.5791856646537781, 0.6265469193458557, 0.7350032329559326, 0.8031086325645447, 0.848770022392273, 0.8752014636993408, 0.8909472823143005, 0.901002824306488, 0.9247435331344604, 0.9563973546028137, 0.9681762456893921, 0.9793971180915833, 0.986372709274292, 0.9911670088768005, 0.9949917793273926, 0.9978010058403015, 1.0], "true_cdf": [0.626990020275116, 0.626990020275116, 0.7318699359893799, 0.8058100342750549, 0.8491899967193604, 0.873710036277771, 0.8880500197410583, 0.8955900073051453, 0.920490026473999, 0.945360004901886, 0.954479992389679, 0.9787200093269348, 1.0, 1.0, 1.0, 1.0, 1.0]}, {"sid": 203, "pred_cdf": [0.18156665563583374, 0.21829921007156372, 0.5586370229721069, 0.8384836912155151, 0.9350569844245911, 0.958523154258728, 0.9663506746292114, 0.9696072936058044, 0.9754563570022583, 0.9831963777542114, 0.9871093034744263, 0.991101086139679, 0.9943971633911133, 0.9966157674789429, 0.998006284236908, 0.9990521669387817, 1.0], "true_cdf": [0.21884000301361084, 0.21884000301361084, 0.5410000085830688, 0.8689800500869751, 0.985319972038269, 1.0, 1.0, 1.0, 1.0, 1.0, 1.0, 1.0, 1.0, 1.0, 1.0, 1.0, 1.0]}, {"sid": 179, "pred_cdf": [0.299489289522171, 0.3501354455947876, 0.8209187984466553, 0.9469346404075623, 0.9752666354179382, 0.9801528453826904, 0.9821886420249939, 0.9833667874336243, 0.9860262274742126, 0.9912413358688354, 0.9933542013168335, 0.9957073926925659, 0.9973360300064087, 0.9984387159347534, 0.9991986751556396, 0.9996198415756226, 1.0], "true_cdf": [0.2910796105861664, 0.4842499792575836, 0.792460024356842, 0.959850013256073, 0.9950599670410156, 0.995680034160614, 0.995680034160614, 0.9962899684906006, 1.0, 1.0, 1.0, 1.0, 1.0, 1.0, 1.0, 1.0, 1.0]}, {"sid": 202, "pred_cdf": [0.20420363545417786, 0.27559205889701843, 0.40824636816978455, 0.5160801410675049, 0.5892384052276611, 0.6354199051856995, 0.6679854393005371, 0.6950615048408508, 0.7381714582443237, 0.7964833378791809, 0.8364465832710266, 0.8785243630409241, 0.912433922290802, 0.9430050849914551, 0.9648298025131226, 0.9836835861206055, 1.0], "true_cdf": [0.30351001024246216, 0.30351001024246216, 0.4102799892425537, 0.5112900137901306, 0.5672000050544739, 0.594789981842041, 0.6094200015068054, 0.617579996585846, 0.6382099986076355, 0.6558200120925903, 0.6648300290107727, 0.6708799600601196, 0.7059600353240967, 0.724779486656189, 0.7629500031471252, 1.0, 1.0]}, {"sid": 266, "pred_cdf": [0.26943305134773254, 0.31489434838294983, 0.7800147533416748, 0.9241316318511963, 0.9674116969108582, 0.9761655330657959, 0.979798436164856, 0.9813218116760254, 0.984951376914978, 0.9911869764328003, 0.9935328364372253, 0.9957225322723389, 0.9973151683807373, 0.9983912706375122, 0.999133288860321, 0.9996246099472046, 1.0], "true_cdf": [0.16061170399188995, 0.30476999282836914, 0.7801100015640259, 1.0, 1.0, 1.0, 1.0, 1.0, 1.0, 1.0, 1.0, 1.0, 1.0, 1.0, 1.0, 1.0, 1.0]}, {"sid": 177, "pred_cdf": [0.2009904831647873, 0.2755671739578247, 0.36609208583831787, 0.4169117510318756, 0.45325347781181335, 0.4859808385372162, 0.5168949961662292, 0.5523737072944641, 0.6098541021347046, 0.6877687573432922, 0.7506885528564453, 0.8149916529655457, 0.8652368187904358, 0.9114437103271484, 0.9460219740867615, 0.9741057753562927, 1.0], "true_cdf": [0.10862390697002411, 0.16228000819683075, 0.24849000573158264, 0.31856000423431396, 0.37480998039245605, 0.4236699938774109, 0.4633200168609619, 0.4882199764251709, 0.5656700134277344, 0.6571199893951416, 0.7260900139808655, 0.7996900081634521, 0.9153800010681152, 0.9433236718177795, 1.0, 1.0, 1.0]}, {"sid": 285, "pred_cdf": [0.36810749769210815, 0.41215190291404724, 0.6053074598312378, 0.7749718427658081, 0.8705806136131287, 0.9072147607803345, 0.9228622913360596, 0.9300854802131653, 0.9477980136871338, 0.9707386493682861, 0.9788371324539185, 0.9860835075378418, 0.9909631609916687, 0.9943110346794128, 0.9967051148414612, 0.9985483288764954, 1.0], "true_cdf": [0.23701700568199158, 0.3009699881076813, 0.4607899785041809, 0.6177600026130676, 0.7374199628829956, 0.8071900010108948, 0.8445099592208862, 0.8615400195121765, 0.9061599969863892, 0.9525700211524963, 0.9644500017166138, 0.9723399877548218, 1.0, 1.0, 1.0, 1.0, 1.0]}, {"sid": 294, "pred_cdf": [0.149782195687294, 0.21344701945781708, 0.31022846698760986, 0.40039756894111633, 0.48351413011550903, 0.5469481945037842, 0.5937108993530273, 0.6298986673355103, 0.6912776231765747, 0.7677165269851685, 0.8190121650695801, 0.8652113676071167, 0.9012090563774109, 0.9356626272201538, 0.9604604840278625, 0.9827756881713867, 1.0], "true_cdf": [0.27952998876571655, 0.27952998876571655, 0.3924899995326996, 0.5180500149726868, 0.5917999744415283, 0.6396499872207642, 0.6720200181007385, 0.6907299757003784, 0.7439700365066528, 0.8371700048446655, 0.8987699747085571, 0.9530400037765503, 1.0, 1.0, 1.0, 1.0, 1.0]}, {"sid": 206, "pred_cdf": [0.1205417811870575, 0.1712835282087326, 0.29828882217407227, 0.47464579343795776, 0.6260678768157959, 0.7201297283172607, 0.7690151929855347, 0.7961832284927368, 0.8360003232955933, 0.8775182962417603, 0.9074438214302063, 0.932057797908783, 0.9524182677268982, 0.9695677757263184, 0.980855405330658, 0.9913859963417053, 0.9999999403953552], "true_cdf": [0.1810300052165985, 0.1810300052165985, 0.29168999195098877, 0.4319800138473511, 0.5750499963760376, 0.7259799838066101, 0.8292299509048462, 0.8917400240898132, 0.9500800371170044, 0.9932399988174438, 0.9953800439834595, 1.0, 1.0, 1.0, 1.0, 1.0, 1.0]}, {"sid": 216, "pred_cdf": [0.24856925010681152, 0.33466067910194397, 0.6068974733352661, 0.7791277170181274, 0.8469150066375732, 0.8699312210083008, 0.8837512731552124, 0.8919781446456909, 0.9073652625083923, 0.9326662421226501, 0.9455737471580505, 0.960505485534668, 0.9733762741088867, 0.983266294002533, 0.9898074865341187, 0.9949358105659485, 1.0], "true_cdf": [0.2946600019931793, 0.2946600019931793, 0.4281800091266632, 0.5879200100898743, 0.7375199794769287, 0.8329399824142456, 0.8717400431632996, 0.8916699886322021, 0.9378100037574768, 0.975059986114502, 0.9842099547386169, 1.0, 1.0, 1.0, 1.0, 1.0, 1.0]}, {"sid": 228,