{"bin_x_log10": [-1.3010300397872925, -1.0969101190567017, -0.7958800196647644, -0.5016894936561584, -0.20065946877002716, 0.0969100147485733, 0.3010300099849701, 0.3979400396347046, 0.6989700198173523, 1.0, 1.1461280584335327, 1.3010300397872925, 1.4471580982208252, 1.4983106851577759, 1.602060079574585, 1.7481880187988281, 1.903090000152588], "predictions": [{"sid": 197, "pred_cdf": [0.43051573634147644, 0.48904556035995483, 0.6439592242240906, 0.7694383859634399, 0.8135840892791748, 0.8456059098243713, 0.8671741485595703, 0.8836838006973267, 0.9047439694404602, 0.9299452304840088, 0.9453855156898499, 0.9607338905334473, 0.9715484380722046, 0.9790685176849365, 0.9880802035331726, 0.9934201836585999, 0.9999999403953552], "true_cdf": [0.4213600158691406, 0.4213600158691406, 0.5203199982643127, 0.6100999712944031, 0.6855100393295288, 0.7461699843406677, 0.7840699553489685, 0.8060199618339539, 0.8698599934577942, 0.9378700256347656, 0.97461998462677, 1.0, 1.0, 1.0, 1.0, 1.0, 1.0]}, {"sid": 246, "pred_cdf": [0.582696259021759, 0.6170321702957153, 0.8591461777687073, 0.9687564373016357, 0.9807179570198059, 0.9847326278686523, 0.9868615865707397, 0.9884039759635925, 0.9904133081436157, 0.9931035041809082, 0.9947708249092102, 0.9964693784713745, 0.9973493814468384, 0.998066782951355, 0.998878538608551, 0.9993510246276855, 0.9999999403953552], "true_cdf": [0.5214319229125977, 0.8041599988937378, 0.978630006313324, 1.0, 1.0, 1.0, 1.0, 1.0, 1.0, 1.0, 1.0, 1.0, 1.0, 1.0, 1.0, 1.0, 1.0]}, {"sid": 195, "pred_cdf": [0.483166366815567, 0.5304387211799622, 0.7931323051452637, 0.9412949681282043, 0.9615350961685181, 0.9693887829780579, 0.9736577272415161, 0.9767643213272095, 0.9805452823638916, 0.9854691028594971, 0.988722562789917, 0.9920051097869873, 0.9939383268356323, 0.9955521821975708, 0.9973881840705872, 0.998505175113678, 1.0], "true_cdf": [0.8784500360488892, 0.8784500360488892, 0.9434999823570251, 0.960889995098114, 0.975059986114502, 0.9840700030326843, 0.9905100464820862, 0.9905100464820862, 0.9969499707221985, 1.0, 1.0, 1.0, 1.0, 1.0, 1.0, 1.0, 1.0]}, {"sid": 182, "pred_cdf": [0.029416337609291077, 0.04863668233156204, 0.07686720788478851, 0.1550343930721283, 0.3234695792198181, 0.5235227942466736, 0.6345902681350708, 0.7035976648330688, 0.797342836856842, 0.8682520389556885, 0.9009017944335938, 0.9279975295066833, 0.9479736685752869, 0.9618419408798218, 0.9801633954048157, 0.9907150864601135, 1.0], "true_cdf": [0.02701999992132187, 0.02701999992132187, 0.06137000024318695, 0.11771000176668167, 0.20802000164985657, 0.341949999332428, 0.4611999988555908, 0.5210300087928772, 0.7541400194168091, 0.9384400248527527, 0.9676799774169922, 1.0, 1.0, 1.0, 1.0, 1.0, 1.0]}, {"sid": 226, "pred_cdf": [0.014772245660424232, 0.03250791132450104, 0.10277613252401352, 0.3930664360523224, 0.7138403654098511, 0.8803053498268127, 0.9236595630645752, 0.9408692121505737, 0.9611193537712097, 0.9766793251037598, 0.9820824861526489, 0.9871006011962891, 0.990087628364563, 0.992988109588623, 0.9966909289360046, 0.9984149932861328, 0.9999999403953552], "true_cdf": [0.003939999733120203, 0.003939999733120203, 0.032340001314878464, 0.4369800090789795, 0.7643200159072876, 0.8952500224113464, 0.9378500580787659, 0.9520400166511536, 0.9820200204849243, 0.9982700347900391, 1.0, 1.0, 1.0, 1.0, 1.0, 1.0, 1.0]}, {"sid": 225, "pred_cdf": [0.014515298418700695, 0.024486491456627846, 0.04278286546468735, 0.1242595985531807, 0.34512537717819214, 0.6653923988342285, 0.7733754515647888, 0.8259376287460327, 0.9007169604301453, 0.9437974095344543, 0.9590837359428406, 0.97201007604599, 0.9799549579620361, 0.9850373268127441, 0.9929422736167908, 0.9967100620269775, 1.0], "true_cdf": [0.022600000724196434, 0.022600000724196434, 0.02776999957859516, 0.0703900009393692, 0.2918800115585327, 0.643809974193573, 0.8155800104141235, 0.8737000226974487, 0.9576500058174133, 0.9953399896621704, 1.0, 1.0, 1.0, 1.0, 1.0, 1.0, 1.0]}, {"sid": 302, "pred_cdf": [0.18457405269145966, 0.22049441933631897, 0.6622751355171204, 0.9585015177726746, 0.9842532277107239, 0.9898474216461182, 0.9917882680892944, 0.9928334951400757, 0.9939947724342346, 0.9955872297286987, 0.9965037703514099, 0.9974991679191589, 0.9980432391166687, 0.9986298084259033, 0.99921053647995, 0.999558687210083, 1.0], "true_cdf": [0.10600000619888306, 0.10600000619888306, 0.8693000078201294, 1.0, 1.0, 1.0, 1.0, 1.0, 1.0, 1.0, 1.0, 1.0, 1.0, 1.0, 1.0, 1.0, 1.0]}, {"sid": 218, "pred_cdf": [0.04134773835539818, 0.06491337716579437, 0.10795246809720993, 0.2357572615146637, 0.4269283711910248, 0.6264840364456177, 0.719718873500824, 0.7727987170219421, 0.841291069984436, 0.8962821364402771, 0.9222184419631958, 0.943394124507904, 0.9592739343643188, 0.9703009724617004, 0.9847832918167114, 0.9925497770309448, 1.0], "true_cdf": [0.055149998515844345, 0.055149998515844345, 0.08468000590801239, 0.1506900042295456, 0.286190003156662, 0.5480599999427795, 0.7122099995613098, 0.778659999370575, 0.9089399576187134, 0.9529799818992615, 0.9668900370597839, 1.0, 1.0, 1.0, 1.0, 1.0, 1.0]}, {"sid": 185, "pred_cdf": [0.07000724226236343, 0.10163694620132446, 0.14616987109184265, 0.2318224012851715, 0.3509792685508728, 0.48128485679626465, 0.5729043483734131, 0.6398164629936218, 0.7267721891403198, 0.8077787160873413, 0.8537361025810242, 0.890226423740387, 0.9218827486038208, 0.942912757396698, 0.9688328504562378, 0.984896183013916, 0.9999998807907104], "true_cdf": [0.15027999877929688, 0.15027999877929688, 0.20704999566078186, 0.27851998805999756, 0.3620000183582306, 0.447050005197525, 0.5002599954605103, 0.5303099751472473, 0.6095700263977051, 0.7174800038337708, 0.7775299549102783, 0.8537600040435791, 1.0, 1.0, 1.0, 1.0, 1.0]}, {"sid": 224, "pred_cdf": [0.009287392720580101, 0.0171505194157362, 0.02910451963543892, 0.07825120538473129, 0.2727680504322052, 0.5974586009979248, 0.721962034702301, 0.7867087125778198, 0.8794422149658203, 0.9312176704406738, 0.9495499134063721, 0.9652881026268005, 0.9748870134353638, 0.9811747074127197, 0.9911509156227112, 0.9959701895713806, 0.9999999403953552], "true_cdf": [0.0044999998062849045, 0.0044999998062849045, 0.008100000210106373, 0.03328999876976013, 0.1466600000858307, 0.5074599981307983, 0.7053999900817871, 0.7728800177574158, 0.9033399820327759, 0.9606300592422485, 0.9764900207519531, 0.9834499955177307, 1.0, 1.0, 1.0, 1.0, 1.0]}, {"sid": 212, "pred_cdf": [0.4032260477542877, 0.46098780632019043, 0.6996464729309082, 0.8680479526519775, 0.9050488471984863, 0.9236310124397278, 0.9345574378967285, 0.9424192905426025, 0.9516776204109192, 0.963667631149292, 0.9714223146438599, 0.9791411757469177, 0.984440267086029, 0.9886506199836731, 0.9934254288673401, 0.9963067173957825, 1.0], "true_cdf": [0.42528000473976135, 0.42528000473976135, 0.6177200078964233, 0.7822499871253967, 0.8914600610733032, 0.9390899538993835, 0.9535199999809265, 0.9592900276184082, 0.9761300086975098, 0.9894100427627563, 0.9944100379943848, 1.0, 1.0, 1.0, 1.0, 1.0, 1.0]}, {"sid": 199, "pred_cdf": [0.3313109278678894, 0.3933713138103485, 0.6143988966941833, 0.8171446323394775, 0.8702347278594971, 0.8968521356582642, 0.9121462106704712, 0.9226120710372925, 0.9352511167526245, 0.9517694711685181, 0.9620184898376465, 0.9720739126205444, 0.9792454838752747, 0.984978199005127, 0.9913738965988159, 0.9952086806297302, 1.0], "true_cdf": [0.3073999881744385, 0.3073999881744385, 0.522379994392395, 0.8128100037574768, 0.9495300054550171, 0.9834799766540527, 0.9957399964332581, 0.9957399964332581, 0.9957399964332581, 1.0, 1.0, 1.0, 1.0, 1.0, 1.0, 1.0, 1.0]}, {"sid": 248, "pred_cdf": [0.11966158449649811, 0.17124252021312714, 0.29632192850112915, 0.4905714988708496, 0.6215312480926514, 0.7258194088935852, 0.7789109349250793, 0.8134607672691345, 0.8546127080917358, 0.8976944088935852, 0.9204458594322205, 0.9410693049430847, 0.9564810395240784, 0.9689124822616577, 0.9828101396560669, 0.9910507202148438, 1.0],