{"bin_x_log10": [-1.3010300397872925, -1.0969101190567017, -0.7958800196647644, -0.5016894936561584, -0.20065946877002716, 0.0969100147485733, 0.3010300099849701, 0.3979400396347046, 0.6989700198173523, 1.0, 1.1461280584335327, 1.3010300397872925, 1.4471580982208252, 1.4983106851577759, 1.602060079574585, 1.7481880187988281, 1.903090000152588], "predictions": [{"sid": 184, "pred_cdf": [0.0661662369966507, 0.08396363258361816, 0.10220112651586533, 0.1827433556318283, 0.32748985290527344, 0.5196455121040344, 0.6397439241409302, 0.6971772909164429, 0.810355544090271, 0.8991937637329102, 0.9361801147460938, 0.964750349521637, 0.9811110496520996, 0.9892875552177429, 0.994713544845581, 0.9977567791938782, 1.0], "true_cdf": [0.06752000004053116, 0.06752000004053116, 0.10326000303030014, 0.18702998757362366, 0.5441100001335144, 0.6748100519180298, 0.7618200182914734, 0.7950399518013, 0.8726699948310852, 0.9305499792098999, 0.9598600268363953, 1.0, 1.0, 1.0, 1.0, 1.0, 1.0]}, {"sid": 215, "pred_cdf": [0.07920947670936584, 0.10056465864181519, 0.12099272012710571, 0.19031959772109985, 0.30210015177726746, 0.4523339867591858, 0.5569319725036621, 0.6166432499885559, 0.7502968311309814, 0.8622505068778992, 0.9183146953582764, 0.9499711394309998, 0.9718042612075806, 0.983314037322998, 0.9915274381637573, 0.9962825179100037, 0.9999998807907104], "true_cdf": [0.06041000038385391, 0.06041000038385391, 0.09020999819040298, 0.13738000392913818, 0.19614000618457794, 0.28758999705314636, 0.4315899908542633, 0.5230399966239929, 0.7489700317382812, 0.9419800043106079, 0.9835399389266968, 1.0, 1.0, 1.0, 1.0, 1.0, 1.0]}, {"sid": 240, "pred_cdf": [0.29555240273475647, 0.3942503035068512, 0.5554596185684204, 0.66471266746521, 0.7392184734344482, 0.7758765816688538, 0.7898215651512146, 0.8020793795585632, 0.8383591175079346, 0.8980392217636108, 0.9231745004653931, 0.9410136342048645, 0.9609257578849792, 0.9749953746795654, 0.9875715374946594, 0.9942089915275574, 1.0], "true_cdf": [0.2917778789997101, 0.40015000104904175, 0.533079981803894, 0.6541699767112732, 0.7342000007629395, 0.7916100025177002, 0.8264099955558777, 0.8424099683761597, 0.8876500129699707, 0.9302499890327454, 0.9448599815368652, 0.9585800170898438, 1.0, 1.0, 1.0, 1.0, 1.0]}, {"sid": 307, "pred_cdf": [0.10640884190797806, 0.13348105549812317, 0.7134770154953003, 0.9530665874481201, 0.9940871000289917, 0.9970657825469971, 0.9973540306091309, 0.9974784255027771, 0.9981016516685486, 0.999651312828064, 0.9997577667236328, 0.9998430013656616, 0.9998945593833923, 0.9999443292617798, 0.9999717473983765, 0.9999867081642151, 1.0], "true_cdf": [0.09569999575614929, 0.09569999575614929, 0.7791000604629517, 0.9901999831199646, 1.0, 1.0, 1.0, 1.0, 1.0, 1.0, 1.0, 1.0, 1.0, 1.0, 1.0, 1.0, 1.0]}, {"sid": 241, "pred_cdf": [0.404671311378479, 0.4810132086277008, 0.5911991000175476, 0.7040600776672363, 0.8009414672851562, 0.8410391211509705, 0.8512927889823914, 0.8591611981391907, 0.897150456905365, 0.9675790071487427, 0.9797894954681396, 0.9856845140457153, 0.9907699227333069, 0.9948805570602417, 0.9974032640457153, 0.99871826171875, 1.0], "true_cdf": [0.3024180233478546, 0.3854999840259552, 0.5078099966049194, 0.6149700284004211, 0.6838899850845337, 0.7251699566841125, 0.7486499547958374, 0.758870005607605, 0.7940899729728699, 0.8372099995613098, 0.8527899980545044, 0.9000700116157532, 0.9137699604034424, 0.9422453045845032, 1.0, 1.0, 1.0]}, {"sid": 291, "pred_cdf": [0.31959086656570435, 0.40248388051986694, 0.5046651363372803, 0.5995476841926575, 0.6840698719024658, 0.7338826060295105, 0.7528066039085388, 0.7689597010612488, 0.8248584270477295, 0.908456563949585, 0.9363048076629639, 0.9535271525382996, 0.9698115587234497, 0.981408417224884, 0.9907062649726868, 0.995525598526001, 1.0], "true_cdf": [0.4281800091266632, 0.4281800091266632, 0.5927900075912476, 0.7163200378417969, 0.7758300304412842, 0.8039700388908386, 0.817870020866394, 0.8266000151634216, 0.8505300283432007, 0.8819200396537781, 0.8893200159072876, 0.9154000282287598, 0.9580000042915344, 0.9718694090843201, 1.0, 1.0, 1.0]}, {"sid": 297, "pred_cdf": [0.25294023752212524, 0.34713152050971985, 0.5676448345184326, 0.7316783666610718, 0.8182862401008606, 0.8536297678947449, 0.8632688522338867, 0.8709130883216858, 0.8953906893730164, 0.9433082342147827, 0.9566503763198853, 0.9678774476051331, 0.9788721203804016, 0.986824095249176, 0.9934714436531067, 0.997056782245636, 1.0], "true_cdf": [0.39650002121925354, 0.39650002121925354, 0.6078799962997437, 0.745389997959137, 0.8086000084877014, 0.8360999822616577, 0.852109968662262, 0.860729992389679, 0.8833000063896179, 0.9150599837303162, 0.9195300340652466, 0.9345300197601318, 1.0, 1.0, 1.0, 1.0, 1.0]}, {"sid": 221, "pred_cdf": [0.035394687205553055, 0.04942922294139862, 0.1177901029586792, 0.482520192861557, 0.8110981583595276, 0.9244986176490784, 0.9504817128181458, 0.9596552848815918, 0.9787651896476746, 0.9943150877952576, 0.9962916374206543, 0.9983167052268982, 0.999068021774292, 0.999502420425415, 0.9997317790985107, 0.9998790621757507, 1.0], "true_cdf": [0.06306000053882599, 0.06306000053882599, 0.16052000224590302, 0.5681399703025818, 0.8347299695014954, 0.9184300303459167, 0.9470999836921692, 0.9556900262832642, 0.9734699726104736, 0.9823499917984009, 0.9850199818611145, 0.9850199818611145, 1.0, 1.0, 1.0, 1.0, 1.0]}, {"sid": 175, "pred_cdf": [0.7133383750915527, 0.7401466965675354, 0.7687239050865173, 0.7993322610855103, 0.8456434011459351, 0.8718166947364807, 0.878264844417572, 0.8832398653030396, 0.9173943400382996, 0.9804872274398804, 0.9913135766983032, 0.9939994215965271, 0.9968422055244446, 0.9983270168304443, 0.99930340051651, 0.9996940493583679, 1.0], "true_cdf": [0.8425300121307373, 0.8425300121307373, 0.8912100195884705, 0.9155499935150146, 0.9322400093078613, 0.9447599649429321, 0.9541500210762024, 0.9590100049972534, 0.970490038394928, 0.9870400428771973, 1.0, 1.0, 1.0, 1.0, 1.0, 1.0, 1.0]}, {"sid": 303, "pred_cdf": [0.6343814730644226, 0.6798437833786011, 0.8640467524528503, 0.9445064663887024, 0.9751213192939758, 0.9814723134040833, 0.9825403690338135, 0.9832549095153809, 0.9875178337097168, 0.9977567195892334, 0.9987813234329224, 0.9991613030433655, 0.9994878768920898, 0.9997428059577942, 0.9998795390129089, 0.9999401569366455, 1.0], "true_cdf": [0.5595999956130981, 0.5595999956130981, 0.9276000261306763, 0.9736000299453735, 1.0, 1.0, 1.0, 1.0, 1.0, 1.0, 1.0, 1.0, 1.0, 1.0, 1.0, 1.0, 1.0]}, {"sid": 187, "pred_cdf": [0.20097152888774872, 0.22581197321414948, 0.24956846237182617, 0.29443109035491943, 0.36778515577316284, 0.45545557141304016, 0.5084053874015808, 0.544131875038147, 0.6836191415786743, 0.85858154296875, 0.9295215606689453, 0.9537426233291626, 0.9762791395187378, 0.9867083430290222, 0.9942165613174438, 0.9974645972251892, 1.0], "true_cdf": [0.0757099986076355, 0.0757099986076355, 0.10226999968290329, 0.13122999668121338, 0.17080999910831451, 0.23642000555992126, 0.31053000688552856, 0.3583499789237976, 0.5365899801254272, 0.8123000264167786, 0.92044997215271, 1.0, 1.0, 1.0, 1.0, 1.0, 1.0]}, {"sid": 287, "pred_cdf": [0.033889081329107285, 0.043729450553655624, 0.057731784880161285, 0.17200413346290588, 0.4104882478713989, 0.6639145612716675, 0.7706548571586609, 0.8132550716400146, 0.8966942429542542, 0.9568426012992859, 0.9731757640838623, 0.9876381158828735, 0.9941730499267578, 0.9969710111618042, 0.9985913038253784, 0.9993997812271118, 0.9999999403953552], "true_cdf": [0.03279000148177147, 0.03279000148177147, 0.07238999754190445, 0.27549999952316284, 0.6084799766540527, 0.7609200477600098, 0.8328800201416016, 0.8601300120353699, 0.9044100046157837, 0.9246700406074524, 0.9246700406074524, 0.9416800141334534, 1.0, 1.0, 1.0, 1.0, 1.0]}, {"sid": 227,