{"bin_x_log10": [-1.3010300397872925, -1.0969101190567017, -0.7958800196647644, -0.5016894936561584, -0.20065946877002716, 0.0969100147485733, 0.3010300099849701, 0.3979400396347046, 0.6989700198173523, 1.0, 1.1461280584335327, 1.3010300397872925, 1.4471580982208252, 1.4983106851577759, 1.602060079574585, 1.7481880187988281, 1.903090000152588], "predictions": [{"sid": 165, "pred_cdf": [0.6510624289512634, 0.6813112497329712, 0.725049614906311, 0.7816929817199707, 0.8421179056167603, 0.8945717811584473, 0.9136378765106201, 0.9240577816963196, 0.9567964673042297, 0.9854004383087158, 0.9916356801986694, 0.9952213168144226, 0.9974406361579895, 0.9984812140464783, 0.9992525577545166, 0.9997023344039917, 1.0], "true_cdf": [0.8079877495765686, 0.9293000102043152, 0.9839000105857849, 1.0, 1.0, 1.0, 1.0, 1.0, 1.0, 1.0, 1.0, 1.0, 1.0, 1.0, 1.0, 1.0, 1.0]}, {"sid": 292, "pred_cdf": [0.4441044330596924, 0.5093398094177246, 0.6026769280433655, 0.6984193921089172, 0.7681107521057129, 0.818544328212738, 0.8399021029472351, 0.8536423444747925, 0.8943429589271545, 0.946357250213623, 0.9607940912246704, 0.9734178185462952, 0.9834064245223999, 0.9896984696388245, 0.9947214126586914, 0.9979498982429504, 1.0], "true_cdf": [0.4441100060939789, 0.4441100060939789, 0.5793200135231018, 0.6884200572967529, 0.7553600072860718, 0.800540030002594, 0.8256400227546692, 0.8403600454330444, 0.8791800141334534, 0.9402300119400024, 0.9613999724388123, 0.9900000095367432, 1.0, 1.0, 1.0, 1.0, 1.0]}, {"sid": 183, "pred_cdf": [0.0923444926738739, 0.15985657274723053, 0.3329053521156311, 0.659378170967102, 0.8758195638656616, 0.9254242181777954, 0.9419102072715759, 0.9484845399856567, 0.9665692448616028, 0.9841604828834534, 0.9876738786697388, 0.9916689395904541, 0.9946230053901672, 0.9962475299835205, 0.9978582859039307, 0.999194324016571, 1.0], "true_cdf": [0.13041000068187714, 0.13041000068187714, 0.3221900165081024, 0.6558899879455566, 0.8433600068092346, 0.9042500257492065, 0.938289999961853, 0.9502699971199036, 0.9814399480819702, 1.0, 1.0, 1.0, 1.0, 1.0, 1.0, 1.0, 1.0]}, {"sid": 229, "pred_cdf": [0.009781661443412304, 0.012308372184634209, 0.014227597042918205, 0.06082489341497421, 0.3275078237056732, 0.7452913522720337, 0.8897626996040344, 0.9168409109115601, 0.978893518447876, 0.9969987273216248, 0.9990689158439636, 0.9995518922805786, 0.9998028874397278, 0.9998783469200134, 0.9999369978904724, 0.9999697208404541, 1.0], "true_cdf": [0.0017600000137463212, 0.0017600000137463212, 0.006449999753385782, 0.07440999895334244, 0.3632799983024597, 0.8378999829292297, 0.9498100280761719, 0.969730019569397, 0.9908300042152405, 0.9983899593353271, 1.0, 1.0, 1.0, 1.0, 1.0, 1.0, 1.0]}, {"sid": 230, "pred_cdf": [0.014401574619114399, 0.017402751371264458, 0.019252708181738853, 0.05292683094739914, 0.24764510989189148, 0.6754608750343323, 0.8422952890396118, 0.8790518641471863, 0.9648863077163696, 0.9937616586685181, 0.9979220032691956, 0.998977780342102, 0.9995354413986206, 0.9997109174728394, 0.9998565316200256, 0.999928891658783, 1.0], "true_cdf": [0.005519999656826258, 0.005519999656826258, 0.011030000634491444, 0.05006000027060509, 0.20492000877857208, 0.5159099698066711, 0.6996200084686279, 0.7798100113868713, 0.9070900082588196, 0.9727100133895874, 0.9927999973297119, 1.0, 1.0, 1.0, 1.0, 1.0, 1.0]}, {"sid": 290, "pred_cdf": [0.48270222544670105, 0.5614662766456604, 0.6938600540161133, 0.7903242707252502, 0.8444699645042419, 0.8725271821022034, 0.8833565711975098, 0.8903197050094604, 0.9132406115531921, 0.9551015496253967, 0.9658143520355225, 0.9753393530845642, 0.9838573932647705, 0.9902393817901611, 0.9951193332672119, 0.9982298016548157, 0.9999997615814209], "true_cdf": [0.580590009689331, 0.580590009689331, 0.7254499793052673, 0.8467400074005127, 0.9118699431419373, 0.9391899704933167, 0.9519200325012207, 0.9560399651527405, 0.9691399931907654, 0.9811300039291382, 0.9858899712562561, 1.0, 1.0, 1.0, 1.0, 1.0, 1.0]}, {"sid": 313, "pred_cdf": [0.6264190673828125, 0.6719329953193665, 0.7642931938171387, 0.8467653393745422, 0.9011750817298889, 0.9221324324607849, 0.9290667176246643, 0.9329593181610107, 0.9477916955947876, 0.9767683148384094, 0.9824973940849304, 0.987994372844696, 0.9923192858695984, 0.9955608248710632, 0.9978130459785461, 0.9992491602897644, 1.0], "true_cdf": [0.9480000138282776, 0.9509795308113098, 0.981117308139801, 0.9925630688667297, 1.0, 1.0, 1.0, 1.0, 1.0, 1.0, 1.0, 1.0, 1.0, 1.0, 1.0, 1.0, 1.0]}, {"sid": 208, "pred_cdf": [0.1385224163532257, 0.16917075216770172, 0.3778401017189026, 0.8009434938430786, 0.9612717628479004, 0.9842867851257324, 0.9879575967788696, 0.9892827868461609, 0.9939519166946411, 0.9978463053703308, 0.9983654022216797, 0.9990269541740417, 0.9994397759437561, 0.999636173248291, 0.9998065829277039, 0.9999391436576843, 1.0], "true_cdf": [0.16398000717163086, 0.16398000717163086, 0.41451001167297363, 0.762969970703125, 0.9451799988746643, 0.9843499660491943, 0.9902700185775757, 0.9948300123214722, 0.9975599646568298, 1.0, 1.0, 1.0, 1.0, 1.0, 1.0, 1.0, 1.0]}, {"sid": 284, "pred_cdf": [0.10327105969190598, 0.20349517464637756, 0.29611003398895264, 0.44309812784194946, 0.587925136089325, 0.6771679520606995, 0.7271389961242676, 0.7589662671089172, 0.8293004631996155, 0.9021477699279785, 0.927793025970459, 0.9477649927139282, 0.9636908173561096, 0.9743219017982483, 0.9856659173965454, 0.9934946298599243, 1.0], "true_cdf": [0.11463000625371933, 0.11463000625371933, 0.19257999956607819, 0.30347999930381775, 0.4075799882411957, 0.4857099950313568, 0.5313900113105774, 0.5549899935722351, 0.6465299725532532, 0.7646399736404419, 0.872249960899353, 0.9620999693870544, 1.0, 1.0, 1.0, 1.0, 1.0]}, {"sid": 169, "pred_cdf": [0.2391301393508911, 0.3515923023223877, 0.5356148481369019, 0.7054135203361511, 0.8095999360084534, 0.8574436902999878, 0.8741059303283691, 0.8836923837661743, 0.9155577421188354, 0.9612636566162109, 0.9714382886886597, 0.9802117943763733, 0.9871033430099487, 0.9916559457778931, 0.9955976605415344, 0.9983310699462891, 1.0], "true_cdf": [0.33360999822616577, 0.33360999822616577, 0.4546099901199341, 0.6077399849891663, 0.7137000560760498, 0.7789900302886963, 0.8179500102996826, 0.8343599438667297, 0.8815299868583679, 0.9329100251197815, 0.9514700174331665, 0.977590024471283, 1.0, 1.0, 1.0, 1.0, 1.0]}, {"sid": 200, "pred_cdf": [0.22642654180526733, 0.26290684938430786, 0.36421412229537964, 0.6489916443824768, 0.8444631099700928, 0.9126185178756714, 0.9339183568954468, 0.9436216354370117, 0.9650728702545166, 0.9818534851074219, 0.9868491291999817, 0.9915218949317932, 0.9946203827857971, 0.9964627623558044, 0.9980373382568359, 0.9992882013320923, 1.0], "true_cdf": [0.3076399862766266, 0.3076399862766266, 0.4581499993801117, 0.6967700123786926, 0.8825299739837646, 0.980910062789917, 1.0, 1.0, 1.0, 1.0, 1.0, 1.0, 1.0, 1.0, 1.0, 1.0, 1.0]}, {"sid": 213, "pred_cdf": [0.11720326542854309, 0.1459503173828125, 0.3483743667602539, 0.7949330806732178, 0.9622405767440796, 0.9861844182014465, 0.9899187684059143, 0.991290807723999, 0.9953873753547668, 0.9981749057769775, 0.998641312122345, 0.9992126226425171, 0.9995453953742981, 0.9997047781944275, 0.9998361468315125, 0.9999488592147827, 0.9999998807907104], "true_cdf": [0.21061000227928162, 0.21061000227928162, 0.44273999333381653, 0.7117600440979004, 0.938510000705719, 1.0, 1.0, 1.0, 1.0, 1.0, 1.0, 1.0, 1.0, 1.0, 1.0, 1.0, 1.0]}, {"sid": 311, "pred_cdf": [0.40346676111221313, 0.4497949481010437, 0.816193163394928, 0.9493879079818726, 0.9769909381866455, 0.9847521185874939, 0.9864638447761536, 0.9874347448348999, 0.9903557896614075, 0.9940271377563477, 0.9951961040496826, 0.9967554807662964, 0.997972309589386, 0.9987324476242065, 0.9994041323661804, 0.9998226165771484, 1.0], "true_cdf": [0.14205999672412872, 0.14205999672412872, 0.8850499987602234, 1.0, 1.0, 1.0, 1.0, 1.0, 1.0, 1.0, 1.0, 1.0, 1.0, 1.0, 1.0, 1.0, 1.0]}, {"sid": 261,