{
    "JSD":[
        0.08075182884931564,
        0.06647462397813797,
        0.06230532377958298,
        0.06078248843550682,
        0.05892133340239525,
        0.058007221668958664,
        0.05647905543446541,
        0.055758606642484665,
        0.055466100573539734,
        0.05390394851565361,
        0.05324764922261238,
        0.05294129624962807,
        0.05173522233963013,
        0.05119092017412186,
        0.05126580223441124,
        0.05059263855218887,
        0.0498751737177372,
        0.04881073534488678,
        0.04860870912671089,
        0.04837048426270485
    ],
    "emd":[
        3.0826549530029297,
        2.8756861686706543,
        2.7986605167388916,
        2.7625582218170166,
        2.7239413261413574,
        2.7122037410736084,
        2.6840386390686035,
        2.666543960571289,
        2.6597392559051514,
        2.6378214359283447,
        2.615825891494751,
        2.613172769546509,
        2.588381052017212,
        2.597565174102783,
        2.5923492908477783,
        2.5808193683624268,
        2.5710196495056152,
        2.553239345550537,
        2.5519144535064697,
        2.5503458976745605
    ],
    "kl_divergence":[
        0.07645677030086517,
        0.019789012148976326,
        0.004636962898075581,
        -0.0011698735179379582,
        -0.007904047146439552,
        -0.011202288791537285,
        -0.01683609001338482,
        -0.019807500764727592,
        -0.02078251913189888,
        -0.026456277817487717,
        -0.028859218582510948,
        -0.02916361391544342,
        -0.03451469913125038,
        -0.03619247302412987,
        -0.03601367026567459,
        -0.038651034235954285,
        -0.040929485112428665,
        -0.044766951352357864,
        -0.045204099267721176,
        -0.04648923873901367
    ],
    "loss":[
        0.0012845747405663133,
        0.0009054329129867256,
        0.0008036016370169818,
        0.0007696260581724346,
        0.0007338121067732573,
        0.0007137751672416925,
        0.0006798435933887959,
        0.00066291110124439,
        0.000659979588817805,
        0.000629767426289618,
        0.0006134964642114937,
        0.0006148594547994435,
        0.0005825324915349483,
        0.0005815318436361849,
        0.000580357329454273,
        0.0005665823700837791,
        0.0005519558908417821,
        0.0005337987095117569,
        0.0005299968179315329,
        0.0005279732868075371
    ],
    "mae_weighted":[
        0.0010894868755713105,
        0.000988093437626958,
        0.0009545483626425266,
        0.0009432436781935394,
        0.0009350641630589962,
        0.0009204925154335797,
        0.0009098832961171865,
        0.0009068984072655439,
        0.0009040336590260267,
        0.0008862590766511858,
        0.0008838546928018332,
        0.0008724099607206881,
        0.0008680726168677211,
        0.0008440696401521564,
        0.0008449780289083719,
        0.0008383566746488214,
        0.0008326777606271207,
        0.0008117420366033912,
        0.0008131855283863842,
        0.0008026438299566507
    ],
    "mean_IOU":[
        -0.5639665722846985,
        -0.6048606634140015,
        -0.6186779737472534,
        -0.6257693767547607,
        -0.6335253715515137,
        -0.6357614398002625,
        -0.6426023840904236,
        -0.646099865436554,
        -0.6463801264762878,
        -0.6528294682502747,
        -0.655827522277832,
        -0.6569272875785828,
        -0.6620237231254578,
        -0.662914514541626,
        -0.6625016331672668,
        -0.6660109162330627,
        -0.6687272191047668,
        -0.6728224754333496,
        -0.6734034419059753,
        -0.6742732524871826
    ],
    "mean_absolute_error":[
        0.024478929117321968,
        0.021350139752030373,
        0.02037217654287815,
        0.01990271732211113,
        0.019392305985093117,
        0.019211525097489357,
        0.018771011382341385,
        0.01854269951581955,
        0.018514594063162804,
        0.018100745975971222,
        0.017899716272950172,
        0.017837148159742355,
        0.017497608438134193,
        0.017438644543290138,
        0.017470885068178177,
        0.017247533425688744,
        0.01706262305378914,
        0.016799889504909515,
        0.01676047034561634,
        0.016700996086001396
    ],
    "mean_squared_error":[
        0.0012845747405663133,
        0.0009054329129867256,
        0.0008036016370169818,
        0.0007696260581724346,
        0.0007338121067732573,
        0.0007137751672416925,
        0.0006798435933887959,
        0.00066291110124439,
        0.000659979588817805,
        0.000629767426289618,
        0.0006134964642114937,
        0.0006148594547994435,
        0.0005825324915349483,
        0.0005815318436361849,
        0.000580357329454273,
        0.0005665823700837791,
        0.0005519558908417821,
        0.0005337987095117569,
        0.0005299968179315329,
        0.0005279732868075371
    ],
    "mse_weighted":[
        1.0964727152895648e-05,
        9.704338481242303e-06,
        9.36433207243681e-06,
        9.271047019865364e-06,
        9.241543921234552e-06,
        9.020082870847546e-06,
        8.92204752744874e-06,
        8.866540156304836e-06,
        8.723955943423789e-06,
        8.44251462694956e-06,
        8.401099876209628e-06,
        8.624167094239965e-06,
        8.077834536379669e-06,
        7.616681614308618e-06,
        7.429080596921267e-06,
        7.359060873568524e-06,
        7.4235113061149605e-06,
        6.873598522361135e-06,
        7.337565421039471e-06,
        6.577073691005353e-06
    ],
    "reverseKL":[
        1.4448978900909424,
        1.2717854976654053,
        1.2086050510406494,
        1.1915340423583984,
        1.172802448272705,
        1.1551530361175537,
        1.1378470659255981,
        1.1329047679901123,
        1.1251285076141357,
        1.1051450967788696,
        1.0978275537490845,
        1.0865556001663208,
        1.0815168619155884,
        1.0642263889312744,
        1.0665010213851929,
        1.058589220046997,
        1.0463414192199707,
        1.0311334133148193,
        1.0255813598632812,
        1.023917317390442
    ],
    "val_JSD":[
        0.08606598526239395,
        0.06789280474185944,
        0.06682561337947845,
        0.07293029129505157,
        0.05965316295623779,
        0.06379289925098419,
        0.06326831132173538,
        0.05737759545445442,
        0.06107326224446297,
        0.05268092453479767,
        0.06478387862443924,
        0.05482204630970955,
        0.05993061885237694,
        0.061331503093242645,
        0.06045645475387573,
        0.056413497775793076,
        0.06427962332963943,
        0.05679688975214958,
        0.0515073761343956,
        0.05512493848800659
    ],
    "val_emd":[
        2.484833240509033,
        2.536919593811035,
        2.5100255012512207,
        2.2230613231658936,
        2.569765329360962,
        2.5373973846435547,
        2.367921829223633,
        2.6557083129882812,
        2.7383084297180176,
        3.0018351078033447,
        2.457048177719116,
        2.5929529666900635,
        2.3823914527893066,
        2.9753615856170654,
        2.4532501697540283,
        2.7143468856811523,
        2.3249640464782715,
        2.5299055576324463,
        2.6949214935302734,
        2.384873867034912
    ],