{
    "JSD":[
        0.08021440356969833,
        0.06680364906787872,
        0.06327731907367706,
        0.061438627541065216,
        0.05945746600627899,
        0.058391932398080826,
        0.05729974806308746,
        0.05577719584107399,
        0.055521633476018906,
        0.054511554539203644,
        0.05320899188518524,
        0.0525137260556221,
        0.05233653634786606,
        0.051035646349191666,
        0.05050981789827347,
        0.05040515586733818,
        0.04952346906065941,
        0.04890218749642372,
        0.04861702769994736,
        0.0478469654917717
    ],
    "emd":[
        3.019509792327881,
        2.817612409591675,
        2.7445120811462402,
        2.7064034938812256,
        2.66919207572937,
        2.655766487121582,
        2.6267151832580566,
        2.604564905166626,
        2.614016532897949,
        2.5707931518554688,
        2.5670483112335205,
        2.5499515533447266,
        2.5500526428222656,
        2.5251336097717285,
        2.5249853134155273,
        2.5196762084960938,
        2.5081615447998047,
        2.494065999984741,
        2.488924980163574,
        2.469869613647461
    ],
    "kl_divergence":[
        0.07998766005039215,
        0.028743119910359383,
        0.015688830986618996,
        0.009008683264255524,
        0.0015644505620002747,
        -0.002305912086740136,
        -0.006342484150081873,
        -0.011983991600573063,
        -0.011219194158911705,
        -0.016617301851511,
        -0.020981620997190475,
        -0.023646991699934006,
        -0.024566160514950752,
        -0.029101310297846794,
        -0.0309258121997118,
        -0.031451813876628876,
        -0.03442580625414848,
        -0.03644642233848572,
        -0.03760679438710213,
        -0.040419965982437134
    ],
    "loss":[
        0.0012459097197279334,
        0.0008934170473366976,
        0.0008225743658840656,
        0.000778608547989279,
        0.0007409153622575104,
        0.0007160264649428427,
        0.0006973413983359933,
        0.0006670717848464847,
        0.0006671494338661432,
        0.0006397807155735791,
        0.0006151337292976677,
        0.0006028283387422562,
        0.0006018536514602602,
        0.000574384001083672,
        0.0005667992518283427,
        0.0005603278987109661,
        0.0005479503888636827,
        0.000536726787686348,
        0.0005317314062267542,
        0.0005145304603502154
    ],
    "mae_weighted":[
        0.001061243237927556,
        0.000971308327279985,
        0.0009498485596850514,
        0.0009350195177830756,
        0.000918601464945823,
        0.0009069134248420596,
        0.0008999507990665734,
        0.0008793259039521217,
        0.0008654500124976039,
        0.0008820425719022751,
        0.0008538963156752288,
        0.0008527985773980618,
        0.00083975272718817,
        0.000821949215605855,
        0.0008081307169049978,
        0.0008142715087160468,
        0.0008064386784099042,
        0.0007953653112053871,
        0.0007867918466217816,
        0.0007839620811864734
    ],
    "mean_IOU":[
        -0.5654026865959167,
        -0.6059392690658569,
        -0.6179819703102112,
        -0.6248246431350708,
        -0.6315718293190002,
        -0.6364188194274902,
        -0.6402872800827026,
        -0.6466075778007507,
        -0.6472771167755127,
        -0.6510794162750244,
        -0.6568848490715027,
        -0.6589286923408508,
        -0.6595842838287354,
        -0.665047287940979,
        -0.6670763492584229,
        -0.6678361892700195,
        -0.6710126399993896,
        -0.6737520694732666,
        -0.6745645403862,
        -0.6785733699798584
    ],
    "mean_absolute_error":[
        0.024373149499297142,
        0.021343259140849113,
        0.020496513694524765,
        0.020034605637192726,
        0.019561391323804855,
        0.01924932561814785,
        0.018985580652952194,
        0.018572242930531502,
        0.018536660820245743,
        0.018260005861520767,
        0.017897270619869232,
        0.017753584310412407,
        0.017718659713864326,
        0.017362158745527267,
        0.01723030023276806,
        0.017180753871798515,
        0.01697591133415699,
        0.01680290699005127,
        0.01674564555287361,
        0.01649107038974762
    ],
    "mean_squared_error":[
        0.0012459097197279334,
        0.0008934170473366976,
        0.0008225743658840656,
        0.000778608547989279,
        0.0007409153622575104,
        0.0007160264649428427,
        0.0006973413983359933,
        0.0006670717848464847,
        0.0006671494338661432,
        0.0006397807155735791,
        0.0006151337292976677,
        0.0006028283387422562,
        0.0006018536514602602,
        0.000574384001083672,
        0.0005667992518283427,
        0.0005603278987109661,
        0.0005479503888636827,
        0.000536726787686348,
        0.0005317314062267542,
        0.0005145304603502154
    ],
    "mse_weighted":[
        1.0664650289982092e-05,
        9.656005204305984e-06,
        9.455577128392179e-06,
        9.326341569249053e-06,
        9.005442734633107e-06,
        8.95895755093079e-06,
        8.749958396947477e-06,
        8.419718142249621e-06,
        8.787530532572418e-06,
        8.35373157315189e-06,
        8.05458148533944e-06,
        7.899603588157333e-06,
        7.279738838406047e-06,
        7.017288680799538e-06,
        6.871448931633495e-06,
        6.937068519619061e-06,
        6.901321285113227e-06,
        6.79705271977582e-06,
        6.574242433998734e-06,
        6.468924311775481e-06
    ],
    "reverseKL":[
        1.428400993347168,
        1.25376296043396,
        1.208762288093567,
        1.182794213294983,
        1.1591613292694092,
        1.1438989639282227,
        1.1294232606887817,
        1.1086193323135376,
        1.094456434249878,
        1.0958139896392822,
        1.0715677738189697,
        1.0636621713638306,
        1.0628600120544434,
        1.042069435119629,
        1.0316917896270752,
        1.034106731414795,
        1.019128441810608,
        1.009238362312317,
        1.0036745071411133,
        0.9973759651184082
    ],
    "val_JSD":[
        0.09359882026910782,
        0.0743737518787384,
        0.06922411918640137,
        0.062299344688653946,
        0.05159888043999672,
        0.06273113191127777,
        0.058056604117155075,
        0.08279184252023697,
        0.05241243168711662,
        0.06363990157842636,
        0.05162951350212097,
        0.05195437744259834,
        0.05608232319355011,
        0.07663752883672714,
        0.047902584075927734,
        0.0535074807703495,
        0.05610941722989082,
        0.05492604523897171,
        0.051715243607759476,
        0.05506310239434242
    ],
    "val_emd":[
        3.248889207839966,
        2.196223497390747,
        2.350708484649658,
        2.3777236938476562,
        2.7465155124664307,
        2.4969327449798584,
        2.9825806617736816,
        3.676032304763794,
        3.1614301204681396,
        2.7582240104675293,
        2.580664873123169,
        2.5934035778045654,
        2.3075268268585205,
        2.177446126937866,
        3.342916250228882,
        2.956601858139038,
        2.2314934730529785,
        2.9595024585723877,
        2.6981377601623535,
        2.4904229640960693
    ],
    "val_kl_divergence":[
        0.11727293580770493,
        0.04071373492479324,
        0.02312132529914379,
        -0.00033828907180577517,
        -0.03884340450167656,
        0.013535423204302788,
        -0.013646023347973824,
        0.08496204018592834,
        -0.030957819893956184,
        0.005688626319169998,
        -0.03929724544286728,
        -0.03818077594041824,
        -0.02305665798485279,
        0.046367328613996506,
        -0.037807051092386246,
        -0.030758937820792198,
        -0.022992810234427452,
        -0.02451763115823269,
        -0.038048069924116135,
        -0.01659310795366764
    ],