{"bin_x_log10": [-1.3010300397872925, -1.0969101190567017, -0.7958800196647644, -0.5016894936561584, -0.20065946877002716, 0.0969100147485733, 0.3010300099849701, 0.3979400396347046, 0.6989700198173523, 1.0, 1.1461280584335327, 1.3010300397872925, 1.4471580982208252, 1.4983106851577759, 1.602060079574585, 1.7481880187988281, 1.903090000152588], "predictions": [{"sid": 184, "pred_cdf": [0.038015060126781464, 0.06777916848659515, 0.11324377357959747, 0.1970205307006836, 0.36579447984695435, 0.543777346611023, 0.6702938079833984, 0.7179012298583984, 0.8103351593017578, 0.8715780377388, 0.9080976247787476, 0.9325832724571228, 0.9525107145309448, 0.9678281545639038, 0.9808140993118286, 0.990702211856842, 1.0], "true_cdf": [0.06752000004053116, 0.06752000004053116, 0.10326000303030014, 0.18702998757362366, 0.5441100001335144, 0.6748100519180298, 0.7618200182914734, 0.7950399518013, 0.8726699948310852, 0.9305499792098999, 0.9598600268363953, 1.0, 1.0, 1.0, 1.0, 1.0, 1.0]}, {"sid": 215, "pred_cdf": [0.05055329576134682, 0.07987414300441742, 0.1165589690208435, 0.18348649144172668, 0.31787216663360596, 0.4906556010246277, 0.6271567344665527, 0.6832367777824402, 0.7887511253356934, 0.8612840175628662, 0.8995646238327026, 0.9269452691078186, 0.9475892186164856, 0.9650033116340637, 0.9792723059654236, 0.9894221425056458, 1.0], "true_cdf": [0.06041000038385391, 0.06041000038385391, 0.09020999819040298, 0.13738000392913818, 0.19614000618457794, 0.28758999705314636, 0.4315899908542633, 0.5230399966239929, 0.7489700317382812, 0.9419800043106079, 0.9835399389266968, 1.0, 1.0, 1.0, 1.0, 1.0, 1.0]}, {"sid": 240, "pred_cdf": [0.18149538338184357, 0.2779340147972107, 0.4514789581298828, 0.5551572442054749, 0.6335877776145935, 0.6779143810272217, 0.7113219499588013, 0.7410322427749634, 0.7859280705451965, 0.8324210047721863, 0.8743993043899536, 0.9002538323402405, 0.9278814792633057, 0.9493089914321899, 0.967751145362854, 0.9856355786323547, 1.0], "true_cdf": [0.2917778789997101, 0.40015000104904175, 0.533079981803894, 0.6541699767112732, 0.7342000007629395, 0.7916100025177002, 0.8264099955558777, 0.8424099683761597, 0.8876500129699707, 0.9302499890327454, 0.9448599815368652, 0.9585800170898438, 1.0, 1.0, 1.0, 1.0, 1.0]}, {"sid": 307, "pred_cdf": [0.058114033192396164, 0.08829739689826965, 0.6685010194778442, 0.9116151332855225, 0.9868215322494507, 0.9949685335159302, 0.9959182739257812, 0.9964525103569031, 0.9974318146705627, 0.9981862306594849, 0.9988076686859131, 0.9990870952606201, 0.9993975162506104, 0.9995546936988831, 0.9997308850288391, 0.9998915791511536, 1.0], "true_cdf": [0.09569999575614929, 0.09569999575614929, 0.7791000604629517, 0.9901999831199646, 1.0, 1.0, 1.0, 1.0, 1.0, 1.0, 1.0, 1.0, 1.0, 1.0, 1.0, 1.0, 1.0]}, {"sid": 241, "pred_cdf": [0.3047184646129608, 0.38214242458343506, 0.4758535325527191, 0.5470749139785767, 0.6146261692047119, 0.6733585596084595, 0.7183506488800049, 0.7527979016304016, 0.8167638182640076, 0.872548520565033, 0.9077720046043396, 0.9301654100418091, 0.9498410224914551, 0.9660820960998535, 0.978766679763794, 0.9897638559341431, 1.0], "true_cdf": [0.3024180233478546, 0.3854999840259552, 0.5078099966049194, 0.6149700284004211, 0.6838899850845337, 0.7251699566841125, 0.7486499547958374, 0.758870005607605, 0.7940899729728699, 0.8372099995613098, 0.8527899980545044, 0.9000700116157532, 0.9137699604034424, 0.9422453045845032, 1.0, 1.0, 1.0]}, {"sid": 291, "pred_cdf": [0.2807409167289734, 0.3744649887084961, 0.5834291577339172, 0.7042215466499329, 0.7812747955322266, 0.815812349319458, 0.8358221054077148, 0.8531655073165894, 0.8806272745132446, 0.9103272557258606, 0.9350753426551819, 0.9489322304725647, 0.9641770124435425, 0.9741360545158386, 0.9833566546440125, 0.9926741123199463, 0.9999998807907104], "true_cdf": [0.4281800091266632, 0.4281800091266632, 0.5927900075912476, 0.7163200378417969, 0.7758300304412842, 0.8039700388908386, 0.817870020866394, 0.8266000151634216, 0.8505300283432007, 0.8819200396537781, 0.8893200159072876, 0.9154000282287598, 0.9580000042915344, 0.9718694090843201, 1.0, 1.0, 1.0]}, {"sid": 297, "pred_cdf": [0.17059364914894104, 0.25708311796188354, 0.5301569700241089, 0.6775602698326111, 0.7777217626571655, 0.8190252780914307, 0.8410733938217163, 0.8584443926811218, 0.883463442325592, 0.9104401469230652, 0.9350020289421082, 0.9484822750091553, 0.963418185710907, 0.9735897779464722, 0.9832686185836792, 0.9930037260055542, 1.0], "true_cdf": [0.39650002121925354, 0.39650002121925354, 0.6078799962997437, 0.745389997959137, 0.8086000084877014, 0.8360999822616577, 0.852109968662262, 0.860729992389679, 0.8833000063896179, 0.9150599837303162, 0.9195300340652466, 0.9345300197601318, 1.0, 1.0, 1.0, 1.0, 1.0]}, {"sid": 221, "pred_cdf": [0.015267273411154747, 0.03681675344705582, 0.14398255944252014, 0.38384291529655457, 0.7708425521850586, 0.9150470495223999, 0.9483320713043213, 0.95624840259552, 0.9744202494621277, 0.9828073382377625, 0.988219678401947, 0.9912815093994141, 0.9940066337585449, 0.9955465197563171, 0.9973438382148743, 0.9988079071044922, 1.0], "true_cdf": [0.06306000053882599, 0.06306000053882599, 0.16052000224590302, 0.5681399703025818, 0.8347299695014954, 0.9184300303459167, 0.9470999836921692, 0.9556900262832642, 0.9734699726104736, 0.9823499917984009, 0.9850199818611145, 0.9850199818611145, 1.0, 1.0, 1.0, 1.0, 1.0]}, {"sid": 175, "pred_cdf": [0.6563835740089417, 0.7126756310462952, 0.790522575378418, 0.8396092057228088, 0.8735032677650452, 0.8984131217002869, 0.912713348865509, 0.9238405227661133, 0.947407066822052, 0.9667537808418274, 0.977079451084137, 0.9827631115913391, 0.9884232878684998, 0.9920681118965149, 0.9948109984397888, 0.9973220229148865, 1.0], "true_cdf": [0.8425300121307373, 0.8425300121307373, 0.8912100195884705, 0.9155499935150146, 0.9322400093078613, 0.9447599649429321, 0.9541500210762024, 0.9590100049972534, 0.970490038394928, 0.9870400428771973, 1.0, 1.0, 1.0, 1.0, 1.0, 1.0, 1.0]}, {"sid": 303, "pred_cdf": [0.4271951913833618, 0.4933832287788391, 0.8026108741760254, 0.9173609018325806, 0.9630621671676636, 0.9751719832420349, 0.9785999655723572, 0.9814736247062683, 0.9861738681793213, 0.9908968210220337, 0.9940477013587952, 0.9954098463058472, 0.9970607161521912, 0.9978981018066406, 0.9986432790756226, 0.999383270740509, 1.0], "true_cdf": [0.5595999956130981, 0.5595999956130981, 0.9276000261306763, 0.9736000299453735, 1.0, 1.0, 1.0, 1.0, 1.0, 1.0, 1.0, 1.0, 1.0, 1.0, 1.0, 1.0, 1.0]}, {"sid": 187, "pred_cdf": [0.12339045107364655, 0.16897979378700256, 0.2182781994342804, 0.2704163193702698, 0.34648382663726807, 0.44726330041885376, 0.5450578927993774, 0.6079704761505127, 0.7201999425888062, 0.8136441111564636, 0.8640956878662109, 0.9003090858459473, 0.9277628660202026, 0.9532893300056458, 0.9716880321502686, 0.9863497018814087, 1.0], "true_cdf": [0.0757099986076355, 0.0757099986076355, 0.10226999968290329, 0.13122999668121338, 0.17080999910831451, 0.23642000555992126, 0.31053000688552856, 0.3583499789237976, 0.5365899801254272, 0.8123000264167786, 0.92044997215271, 1.0, 1.0, 1.0, 1.0, 1.0, 1.0]}, {"sid": 287, "pred_cdf": [0.012538574635982513, 0.029348116368055344, 0.05955206975340843, 0.14537212252616882, 0.38900434970855713, 0.6388812065124512, 0.7679488658905029, 0.8039669990539551, 0.8915356397628784, 0.9307297468185425, 0.9524946212768555, 0.9659192562103271, 0.9762898683547974, 0.9839612245559692, 0.9903347492218018, 0.9953235983848572, 1.0], "true_cdf": [0.03279000148177147, 0.03279000148177147, 0.07238999754190445, 0.27549999952316284, 0.6084799766540527, 0.7609200477600098, 0.8328800201416016, 0.8601300120353699, 0.9044100046157837, 0.9246700406074524, 0.9246700406074524, 0.9416800141334534, 1.0, 1.0, 1.0, 1.0, 1.0]}, {"sid": 227,