{"bin_x_log10": [-1.3010300397872925, -1.0969101190567017, -0.7958800196647644, -0.5016894936561584, -0.20065946877002716, 0.0969100147485733, 0.3010300099849701, 0.3979400396347046, 0.6989700198173523, 1.0, 1.1461280584335327, 1.3010300397872925, 1.4471580982208252, 1.4983106851577759, 1.602060079574585, 1.7481880187988281, 1.903090000152588], "predictions": [{"sid": 189, "pred_cdf": [0.04582218825817108, 0.08570736646652222, 0.11952850222587585, 0.18024638295173645, 0.2891099452972412, 0.4138343930244446, 0.5062969923019409, 0.579910159111023, 0.6922078728675842, 0.8129564523696899, 0.8594854474067688, 0.8965110778808594, 0.9264642596244812, 0.9493735432624817, 0.9663686156272888, 0.987033486366272, 1.0], "true_cdf": [0.09945999830961227, 0.09945999830961227, 0.1720000058412552, 0.30250999331474304, 0.43870997428894043, 0.49035000801086426, 0.5324699878692627, 0.5644699931144714, 0.6617099642753601, 0.7382499575614929, 0.7956500053405762, 0.862529993057251, 0.9199299812316895, 0.9463711380958557, 1.0, 1.0, 1.0]}, {"sid": 289, "pred_cdf": [0.23811055719852448, 0.30493056774139404, 0.42323222756385803, 0.5352360010147095, 0.6249182224273682, 0.6969861388206482, 0.7435207366943359, 0.775044322013855, 0.8348902463912964, 0.8952652812004089, 0.925722599029541, 0.943903923034668, 0.9584949612617493, 0.9705014824867249, 0.982444167137146, 0.9933850765228271, 0.9999998211860657], "true_cdf": [0.5021399855613708, 0.5021399855613708, 0.6012899875640869, 0.6812100410461426, 0.7500100135803223, 0.7948600053787231, 0.8208299875259399, 0.8359999656677246, 0.8747899532318115, 0.9591999650001526, 0.9789000153541565, 0.985770046710968, 1.0, 1.0, 1.0, 1.0, 1.0]}, {"sid": 172, "pred_cdf": [0.6236143112182617, 0.6755785346031189, 0.7992174625396729, 0.8574587106704712, 0.886647641658783, 0.9050039052963257, 0.9175091981887817, 0.9254333972930908, 0.9436725378036499, 0.9649689197540283, 0.9775989651679993, 0.9835424423217773, 0.988058865070343, 0.9918256998062134, 0.9959558844566345, 0.9984844326972961, 1.0], "true_cdf": [0.626990020275116, 0.626990020275116, 0.7318699359893799, 0.8058100342750549, 0.8491899967193604, 0.873710036277771, 0.8880500197410583, 0.8955900073051453, 0.920490026473999, 0.945360004901886, 0.954479992389679, 0.9787200093269348, 1.0, 1.0, 1.0, 1.0, 1.0]}, {"sid": 203, "pred_cdf": [0.23797550797462463, 0.2901035249233246, 0.6375821828842163, 0.8652606010437012, 0.9317668080329895, 0.9471247792243958, 0.9539054036140442, 0.9580639600753784, 0.9687237739562988, 0.9788656830787659, 0.9878069758415222, 0.9908233284950256, 0.9931493401527405, 0.9953892230987549, 0.9975159168243408, 0.9991006255149841, 0.9999998807907104], "true_cdf": [0.21884000301361084, 0.21884000301361084, 0.5410000085830688, 0.8689800500869751, 0.985319972038269, 1.0, 1.0, 1.0, 1.0, 1.0, 1.0, 1.0, 1.0, 1.0, 1.0, 1.0, 1.0]}, {"sid": 179, "pred_cdf": [0.2838283181190491, 0.3443058133125305, 0.7746942043304443, 0.8939958214759827, 0.9311100244522095, 0.9413155317306519, 0.9467086791992188, 0.9510288238525391, 0.9599322080612183, 0.9715480208396912, 0.9821717739105225, 0.9864401817321777, 0.9896886348724365, 0.9931488037109375, 0.99643874168396, 0.9986598491668701, 0.9999999403953552], "true_cdf": [0.2910796105861664, 0.4842499792575836, 0.792460024356842, 0.959850013256073, 0.9950599670410156, 0.995680034160614, 0.995680034160614, 0.9962899684906006, 1.0, 1.0, 1.0, 1.0, 1.0, 1.0, 1.0, 1.0, 1.0]}, {"sid": 202, "pred_cdf": [0.25220683217048645, 0.33119136095046997, 0.4898766279220581, 0.5930318832397461, 0.6625115871429443, 0.7071055769920349, 0.7398867011070251, 0.7651186585426331, 0.8091046214103699, 0.8599779009819031, 0.8962175250053406, 0.9191722869873047, 0.9395970702171326, 0.9580579400062561, 0.9757233262062073, 0.9903120994567871, 0.9999999403953552], "true_cdf": [0.30351001024246216, 0.30351001024246216, 0.4102799892425537, 0.5112900137901306, 0.5672000050544739, 0.594789981842041, 0.6094200015068054, 0.617579996585846, 0.6382099986076355, 0.6558200120925903, 0.6648300290107727, 0.6708799600601196, 0.7059600353240967, 0.724779486656189, 0.7629500031471252, 1.0, 1.0]}, {"sid": 266, "pred_cdf": [0.21172848343849182, 0.253451406955719, 0.8189118504524231, 0.9517438411712646, 0.979450523853302, 0.9837605953216553, 0.9853678345680237, 0.9864820837974548, 0.9894407391548157, 0.9928930401802063, 0.9962736964225769, 0.9972693920135498, 0.9979552030563354, 0.9986594319343567, 0.9993493556976318, 0.9997796416282654, 1.0], "true_cdf": [0.16061170399188995, 0.30476999282836914, 0.7801100015640259, 1.0, 1.0, 1.0, 1.0, 1.0, 1.0, 1.0, 1.0, 1.0, 1.0, 1.0, 1.0, 1.0, 1.0]}, {"sid": 177, "pred_cdf": [0.11195101588964462, 0.17521259188652039, 0.2502947151660919, 0.32209476828575134, 0.396694540977478, 0.46448543667793274, 0.5236361026763916, 0.5746661424636841, 0.656097948551178, 0.7525774240493774, 0.8066292405128479, 0.8486827611923218, 0.8897722363471985, 0.9233681559562683, 0.9520443081855774, 0.9806277751922607, 0.9999999403953552], "true_cdf": [0.10862390697002411, 0.16228000819683075, 0.24849000573158264, 0.31856000423431396, 0.37480998039245605, 0.4236699938774109, 0.4633200168609619, 0.4882199764251709, 0.5656700134277344, 0.6571199893951416, 0.7260900139808655, 0.7996900081634521, 0.9153800010681152, 0.9433236718177795, 1.0, 1.0, 1.0]}, {"sid": 285, "pred_cdf": [0.28689509630203247, 0.36480653285980225, 0.5844103693962097, 0.7249144911766052, 0.8040431141853333, 0.842779815196991, 0.864522397518158, 0.8783782124519348, 0.9095407128334045, 0.9405440092086792, 0.960908055305481, 0.9704128503799438, 0.9778597950935364, 0.9846045970916748, 0.9913912415504456, 0.9968451857566833, 1.0], "true_cdf": [0.23701700568199158, 0.3009699881076813, 0.4607899785041809, 0.6177600026130676, 0.7374199628829956, 0.8071900010108948, 0.8445099592208862, 0.8615400195121765, 0.9061599969863892, 0.9525700211524963, 0.9644500017166138, 0.9723399877548218, 1.0, 1.0, 1.0, 1.0, 1.0]}, {"sid": 294, "pred_cdf": [0.20664627850055695, 0.2820237874984741, 0.41582852602005005, 0.5275765061378479, 0.6187543869018555, 0.6851733326911926, 0.7297496795654297, 0.7612369060516357, 0.8188815116882324, 0.8805893659591675, 0.9143243432044983, 0.9348223805427551, 0.9514246582984924, 0.9656906723976135, 0.979716956615448, 0.9923058152198792, 1.0], "true_cdf": [0.27952998876571655, 0.27952998876571655, 0.3924899995326996, 0.5180500149726868, 0.5917999744415283, 0.6396499872207642, 0.6720200181007385, 0.6907299757003784, 0.7439700365066528, 0.8371700048446655, 0.8987699747085571, 0.9530400037765503, 1.0, 1.0, 1.0, 1.0, 1.0]}, {"sid": 206, "pred_cdf": [0.08945198357105255, 0.13671225309371948, 0.216573566198349, 0.41056910157203674, 0.6227688193321228, 0.7442444562911987, 0.8063865303993225, 0.8415044546127319, 0.8968024849891663, 0.9370244145393372, 0.9562318325042725, 0.9683394432067871, 0.9767935276031494, 0.9840060472488403, 0.9900583028793335, 0.9959619641304016, 1.0], "true_cdf": [0.1810300052165985, 0.1810300052165985, 0.29168999195098877, 0.4319800138473511, 0.5750499963760376, 0.7259799838066101, 0.8292299509048462, 0.8917400240898132, 0.9500800371170044, 0.9932399988174438, 0.9953800439834595, 1.0, 1.0, 1.0, 1.0, 1.0, 1.0]}, {"sid": 216, "pred_cdf": [0.400685578584671, 0.46267983317375183, 0.616996705532074, 0.7215645909309387, 0.7770567536354065, 0.8114559650421143, 0.835602879524231, 0.8510574698448181, 0.8885583877563477, 0.9295922517776489, 0.9531629085540771, 0.9640976786613464, 0.9739804267883301, 0.982077419757843, 0.9897729754447937, 0.9962291717529297, 0.9999999403953552], "true_cdf": [0.2946600019931793, 0.2946600019931793, 0.4281800091266632, 0.5879200100898743, 0.7375199794769287, 0.8329399824142456, 0.8717400431632996, 0.8916699886322021, 0.9378100037574768, 0.975059986114502, 0.9842099547386169, 1.0, 1.0, 1.0, 1.0, 1.0, 1.0]}, {"sid": 228,