{"bin_x_log10": [-1.3010300397872925, -1.0969101190567017, -0.7958800196647644, -0.5016894936561584, -0.20065946877002716, 0.0969100147485733, 0.3010300099849701, 0.3979400396347046, 0.6989700198173523, 1.0, 1.1461280584335327, 1.3010300397872925, 1.4471580982208252, 1.4983106851577759, 1.602060079574585, 1.7481880187988281, 1.903090000152588], "predictions": [{"sid": 197, "pred_cdf": [0.4391879141330719, 0.4843461811542511, 0.5804846286773682, 0.673182487487793, 0.7299931049346924, 0.7756583094596863, 0.8067849278450012, 0.8207966685295105, 0.8687381744384766, 0.9232000708580017, 0.942529559135437, 0.9592380523681641, 0.975022554397583, 0.9844724535942078, 0.9919005632400513, 0.996583878993988, 1.0], "true_cdf": [0.4213600158691406, 0.4213600158691406, 0.5203199982643127, 0.6100999712944031, 0.6855100393295288, 0.7461699843406677, 0.7840699553489685, 0.8060199618339539, 0.8698599934577942, 0.9378700256347656, 0.97461998462677, 1.0, 1.0, 1.0, 1.0, 1.0, 1.0]}, {"sid": 246, "pred_cdf": [0.6030030250549316, 0.6323052048683167, 0.9074715375900269, 0.9758825302124023, 0.9875032901763916, 0.9906027317047119, 0.991756021976471, 0.9921179413795471, 0.9937344193458557, 0.9971737861633301, 0.9979997277259827, 0.9987710118293762, 0.9992894530296326, 0.999556839466095, 0.9998155832290649, 0.9999379515647888, 0.9999999403953552], "true_cdf": [0.5214319229125977, 0.8041599988937378, 0.978630006313324, 1.0, 1.0, 1.0, 1.0, 1.0, 1.0, 1.0, 1.0, 1.0, 1.0, 1.0, 1.0, 1.0, 1.0]}, {"sid": 195, "pred_cdf": [0.6201657056808472, 0.6560112237930298, 0.8229818940162659, 0.9148139357566833, 0.9436745047569275, 0.9576963782310486, 0.96463942527771, 0.9669244885444641, 0.9753834009170532, 0.9870467185974121, 0.9905288815498352, 0.9938036799430847, 0.9962723255157471, 0.9977523684501648, 0.9989140033721924, 0.9995859265327454, 0.9999999403953552], "true_cdf": [0.8784500360488892, 0.8784500360488892, 0.9434999823570251, 0.960889995098114, 0.975059986114502, 0.9840700030326843, 0.9905100464820862, 0.9905100464820862, 0.9969499707221985, 1.0, 1.0, 1.0, 1.0, 1.0, 1.0, 1.0, 1.0]}, {"sid": 182, "pred_cdf": [0.04501020163297653, 0.06333432346582413, 0.07544208317995071, 0.13500472903251648, 0.29847562313079834, 0.4731940031051636, 0.5977803468704224, 0.6355674266815186, 0.7987772226333618, 0.9295262098312378, 0.9546186923980713, 0.9754284620285034, 0.98521888256073, 0.9906673431396484, 0.9955580830574036, 0.998126745223999, 0.9999998807907104], "true_cdf": [0.02701999992132187, 0.02701999992132187, 0.06137000024318695, 0.11771000176668167, 0.20802000164985657, 0.341949999332428, 0.4611999988555908, 0.5210300087928772, 0.7541400194168091, 0.9384400248527527, 0.9676799774169922, 1.0, 1.0, 1.0, 1.0, 1.0, 1.0]}, {"sid": 226, "pred_cdf": [0.032624050974845886, 0.05808264762163162, 0.09597603976726532, 0.372919499874115, 0.7247594594955444, 0.8692646026611328, 0.9225311875343323, 0.9350343942642212, 0.9654455780982971, 0.9882137775421143, 0.9911479949951172, 0.9954478144645691, 0.9972425699234009, 0.9983543753623962, 0.9991263151168823, 0.9996998906135559, 1.0], "true_cdf": [0.003939999733120203, 0.003939999733120203, 0.032340001314878464, 0.4369800090789795, 0.7643200159072876, 0.8952500224113464, 0.9378500580787659, 0.9520400166511536, 0.9820200204849243, 0.9982700347900391, 1.0, 1.0, 1.0, 1.0, 1.0, 1.0, 1.0]}, {"sid": 225, "pred_cdf": [0.021437350660562515, 0.026227440685033798, 0.029244286939501762, 0.08527259528636932, 0.2985203266143799, 0.6038509607315063, 0.797855794429779, 0.8189713954925537, 0.9381331205368042, 0.9870174527168274, 0.9917739629745483, 0.9969896078109741, 0.998396098613739, 0.999119758605957, 0.9995828866958618, 0.9998353123664856, 1.0], "true_cdf": [0.022600000724196434, 0.022600000724196434, 0.02776999957859516, 0.0703900009393692, 0.2918800115585327, 0.643809974193573, 0.8155800104141235, 0.8737000226974487, 0.9576500058174133, 0.9953399896621704, 1.0, 1.0, 1.0, 1.0, 1.0, 1.0, 1.0]}, {"sid": 302, "pred_cdf": [0.10778824239969254, 0.14285334944725037, 0.7786962985992432, 0.9635436534881592, 0.9920368194580078, 0.9952477812767029, 0.9959633350372314, 0.9961931109428406, 0.9969663619995117, 0.9985490441322327, 0.9988905787467957, 0.9993318319320679, 0.9995855093002319, 0.9997174739837646, 0.999876856803894, 0.9999637007713318, 1.0], "true_cdf": [0.10600000619888306, 0.10600000619888306, 0.8693000078201294, 1.0, 1.0, 1.0, 1.0, 1.0, 1.0, 1.0, 1.0, 1.0, 1.0, 1.0, 1.0, 1.0, 1.0]}, {"sid": 218, "pred_cdf": [0.05284259468317032, 0.06701821088790894, 0.07841377705335617, 0.14776183664798737, 0.32825416326522827, 0.5344061851501465, 0.6870284080505371, 0.7207942605018616, 0.8684624433517456, 0.9506126642227173, 0.9670432209968567, 0.982087254524231, 0.9892134666442871, 0.9934970140457153, 0.9967474937438965, 0.9986459612846375, 0.9999999403953552], "true_cdf": [0.055149998515844345, 0.055149998515844345, 0.08468000590801239, 0.1506900042295456, 0.286190003156662, 0.5480599999427795, 0.7122099995613098, 0.778659999370575, 0.9089399576187134, 0.9529799818992615, 0.9668900370597839, 1.0, 1.0, 1.0, 1.0, 1.0, 1.0]}, {"sid": 185, "pred_cdf": [0.08061227947473526, 0.10701623558998108, 0.13097620010375977, 0.18098297715187073, 0.26938387751579285, 0.3538857698440552, 0.42469534277915955, 0.4674328863620758, 0.6134271621704102, 0.7442243099212646, 0.8049864172935486, 0.8534607291221619, 0.9020235538482666, 0.9357749223709106, 0.9655629396438599, 0.9845956563949585, 1.0], "true_cdf": [0.15027999877929688, 0.15027999877929688, 0.20704999566078186, 0.27851998805999756, 0.3620000183582306, 0.447050005197525, 0.5002599954605103, 0.5303099751472473, 0.6095700263977051, 0.7174800038337708, 0.7775299549102783, 0.8537600040435791, 1.0, 1.0, 1.0, 1.0, 1.0]}, {"sid": 224, "pred_cdf": [0.015808934345841408, 0.021127305924892426, 0.023466823622584343, 0.05894884467124939, 0.22577732801437378, 0.4944298267364502, 0.6895987391471863, 0.7187793850898743, 0.8813901543617249, 0.9698448181152344, 0.9814584851264954, 0.9927511215209961, 0.9959145188331604, 0.9975581169128418, 0.998947024345398, 0.9995516538619995, 1.0], "true_cdf": [0.0044999998062849045, 0.0044999998062849045, 0.008100000210106373, 0.03328999876976013, 0.1466600000858307, 0.5074599981307983, 0.7053999900817871, 0.7728800177574158, 0.9033399820327759, 0.9606300592422485, 0.9764900207519531, 0.9834499955177307, 1.0, 1.0, 1.0, 1.0, 1.0]}, {"sid": 212, "pred_cdf": [0.3221316933631897, 0.38161543011665344, 0.5527650713920593, 0.6849851012229919, 0.7481604218482971, 0.7818405032157898, 0.8033415079116821, 0.8154834508895874, 0.8496864438056946, 0.8939005136489868, 0.91425621509552, 0.9341980218887329, 0.9565752148628235, 0.9717161655426025, 0.9852390289306641, 0.9940240979194641, 0.9999999403953552], "true_cdf": [0.42528000473976135, 0.42528000473976135, 0.6177200078964233, 0.7822499871253967, 0.8914600610733032, 0.9390899538993835, 0.9535199999809265, 0.9592900276184082, 0.9761300086975098, 0.9894100427627563, 0.9944100379943848, 1.0, 1.0, 1.0, 1.0, 1.0, 1.0]}, {"sid": 199, "pred_cdf": [0.31008514761924744, 0.35771703720092773, 0.5210704803466797, 0.7144238948822021, 0.8082881569862366, 0.8533161878585815, 0.877787709236145, 0.8885728716850281, 0.9200959801673889, 0.9532439112663269, 0.9641093015670776, 0.9745564460754395, 0.9846672415733337, 0.9906651377677917, 0.9950485825538635, 0.998066782951355, 1.0], "true_cdf": [0.3073999881744385, 0.3073999881744385, 0.522379994392395, 0.8128100037574768, 0.9495300054550171, 0.9834799766540527, 0.9957399964332581, 0.9957399964332581, 0.9957399964332581, 1.0, 1.0, 1.0, 1.0, 1.0, 1.0, 1.0, 1.0]}, {"sid": 248, "pred_cdf": [0.16395612061023712, 0.2196807563304901, 0.28480640053749084, 0.3823031485080719, 0.49401333928108215, 0.605894148349762, 0.6888602375984192, 0.7211283445358276, 0.8154013156890869, 0.9145559072494507, 0.9401190280914307, 0.9623430371284485, 0.976862370967865, 0.9846682548522949, 0.9919889569282532, 0.9966926574707031, 1.0],