{"bin_x_log10": [-1.3010300397872925, -1.0969101190567017, -0.7958800196647644, -0.5016894936561584, -0.20065946877002716, 0.0969100147485733, 0.3010300099849701, 0.3979400396347046, 0.6989700198173523, 1.0, 1.1461280584335327, 1.3010300397872925, 1.4471580982208252, 1.4983106851577759, 1.602060079574585, 1.7481880187988281, 1.903090000152588], "predictions": [{"sid": 191, "pred_cdf": [0.064549520611763, 0.07094351202249527, 0.09100702404975891, 0.17427678406238556, 0.37088528275489807, 0.5658192038536072, 0.6823865175247192, 0.7388455867767334, 0.8734109997749329, 0.9516607522964478, 0.9754756689071655, 0.9864640235900879, 0.9944048523902893, 0.9968321919441223, 0.9985952377319336, 0.9992780685424805, 1.0], "true_cdf": [0.06860999763011932, 0.06860999763011932, 0.12729999423027039, 0.22410999238491058, 0.38457000255584717, 0.5557000041007996, 0.6631799936294556, 0.7142600417137146, 0.8366000652313232, 0.9385600090026855, 0.969539999961853, 0.9873200058937073, 1.0, 1.0, 1.0, 1.0, 1.0]}, {"sid": 286, "pred_cdf": [0.0393894724547863, 0.04746285825967789, 0.16629254817962646, 0.6063334941864014, 0.8966156244277954, 0.9758708477020264, 0.9862359762191772, 0.9881525635719299, 0.9966598749160767, 0.9991863369941711, 0.9995987415313721, 0.9997993111610413, 0.9999135732650757, 0.9999498724937439, 0.999974250793457, 0.9999869465827942, 1.0], "true_cdf": [0.03268999978899956, 0.03268999978899956, 0.0985499918460846, 0.5195800065994263, 0.965969979763031, 0.977679967880249, 0.977679967880249, 0.977679967880249, 0.977679967880249, 0.9836599826812744, 0.9871099591255188, 1.0, 1.0, 1.0, 1.0, 1.0, 1.0]}, {"sid": 214, "pred_cdf": [0.21846115589141846, 0.2452143430709839, 0.34731003642082214, 0.5112088918685913, 0.6738842725753784, 0.7551481127738953, 0.7965599894523621, 0.8174639940261841, 0.8797348737716675, 0.9215144515037537, 0.9397205114364624, 0.9560672044754028, 0.9721969366073608, 0.9831340909004211, 0.9916218519210815, 0.9961137175559998, 0.9999999403953552], "true_cdf": [0.16741999983787537, 0.16741999983787537, 0.24132999777793884, 0.34007999300956726, 0.4506100118160248, 0.5578600168228149, 0.6258800029754639, 0.6572699546813965, 0.7520999908447266, 0.8569599986076355, 0.9546900391578674, 1.0, 1.0, 1.0, 1.0, 1.0, 1.0]}, {"sid": 209, "pred_cdf": [0.18655329942703247, 0.2237485647201538, 0.33142367005348206, 0.4801792800426483, 0.6018521785736084, 0.6787272691726685, 0.7219222784042358, 0.7448329925537109, 0.8215303421020508, 0.890328586101532, 0.9192116260528564, 0.9427086114883423, 0.9657451510429382, 0.978960394859314, 0.9899405837059021, 0.9949004054069519, 1.0], "true_cdf": [0.24927999079227448, 0.24927999079227448, 0.3625600039958954, 0.4954899847507477, 0.6198300123214722, 0.7146900296211243, 0.7662599682807922, 0.7935799956321716, 0.8660399913787842, 0.9112000465393066, 0.9444599747657776, 1.0, 1.0, 1.0, 1.0, 1.0, 1.0]}, {"sid": 176, "pred_cdf": [0.19899193942546844, 0.2526436448097229, 0.3271203637123108, 0.4214603900909424, 0.5178395509719849, 0.5947536826133728, 0.6359903812408447, 0.6570921540260315, 0.7472934722900391, 0.8610804677009583, 0.901757538318634, 0.9309396743774414, 0.9632894992828369, 0.9764036536216736, 0.9881557822227478, 0.9936140775680542, 1.0], "true_cdf": [0.22381000220775604, 0.22381000220775604, 0.275270015001297, 0.3440900146961212, 0.4131999909877777, 0.46855998039245605, 0.5101500153541565, 0.5352799892425537, 0.6220500469207764, 0.7789099812507629, 0.8327600359916687, 0.8744499683380127, 0.918690025806427, 0.9455406069755554, 1.0, 1.0, 1.0]}, {"sid": 231, "pred_cdf": [0.037430599331855774, 0.038898635655641556, 0.043102264404296875, 0.07590310275554657, 0.2604218125343323, 0.5691558122634888, 0.7607599496841431, 0.8212325572967529, 0.9432799816131592, 0.987716555595398, 0.9952863454818726, 0.9978294372558594, 0.9993589520454407, 0.999630868434906, 0.9998558163642883, 0.9999231100082397, 1.0], "true_cdf": [0.05449000000953674, 0.05449000000953674, 0.09013999998569489, 0.15672999620437622, 0.31481000781059265, 0.6423999667167664, 0.7964499592781067, 0.8388300538063049, 0.9531800150871277, 0.9940299987792969, 1.0, 1.0, 1.0, 1.0, 1.0, 1.0, 1.0]}, {"sid": 234, "pred_cdf": [0.03324063867330551, 0.03800679370760918, 0.059189461171627045, 0.1971285343170166, 0.5087236166000366, 0.7507658004760742, 0.8467785716056824, 0.8767144680023193, 0.9556561708450317, 0.9865753650665283, 0.9939965009689331, 0.9971429109573364, 0.9988696575164795, 0.9993319511413574, 0.9996839761734009, 0.9998311996459961, 1.0], "true_cdf": [0.016429999843239784, 0.016429999843239784, 0.016429999843239784, 0.10057000070810318, 0.4088600277900696, 0.7197699546813965, 0.7993099689483643, 0.8301999568939209, 0.8814700245857239, 0.9230899810791016, 0.9769099950790405, 0.9769099950790405, 1.0, 1.0, 1.0, 1.0, 1.0]}, {"sid": 193, "pred_cdf": [0.22366644442081451, 0.24921035766601562, 0.3220371603965759, 0.4294825792312622, 0.5493484139442444, 0.6281680464744568, 0.6746755838394165, 0.7024426460266113, 0.7831851243972778, 0.8572453856468201, 0.8925814032554626, 0.9221104383468628, 0.9532009363174438, 0.9714325070381165, 0.9862726926803589, 0.993484377861023, 1.0], "true_cdf": [0.17069999873638153, 0.17069999873638153, 0.2858400046825409, 0.44071999192237854, 0.5831300020217896, 0.6773999929428101, 0.7322799563407898, 0.7592199444770813, 0.844730019569397, 0.9621299505233765, 1.0, 1.0, 1.0, 1.0, 1.0, 1.0, 1.0]}, {"sid": 168, "pred_cdf": [0.7351108193397522, 0.7832452654838562, 0.8141305446624756, 0.8480297327041626, 0.8888928890228271, 0.9167022705078125, 0.9262655377388, 0.9303088784217834, 0.954857587814331, 0.9833852648735046, 0.9900596141815186, 0.9936110973358154, 0.9974614381790161, 0.9984920024871826, 0.9994649291038513, 0.9996955394744873, 0.9999999403953552], "true_cdf": [0.7403600215911865, 0.7403600215911865, 0.7925199866294861, 0.8399500250816345, 0.8763099908828735, 0.9100300073623657, 0.9358499646186829, 0.9474400281906128, 0.9795899987220764, 0.9973800182342529, 1.0, 1.0, 1.0, 1.0, 1.0, 1.0, 1.0]}, {"sid": 219, "pred_cdf": [0.050104495137929916, 0.06281296908855438, 0.14136338233947754, 0.43029487133026123, 0.7323341369628906, 0.8731973171234131, 0.9171924591064453, 0.9307400584220886, 0.9707807302474976, 0.9884905815124512, 0.993687629699707, 0.9965439438819885, 0.9982876181602478, 0.9989778399467468, 0.9994751214981079, 0.9997296929359436, 1.0], "true_cdf": [0.04968999698758125, 0.04968999698758125, 0.1322999894618988, 0.5259799957275391, 0.7931700348854065, 0.8628700375556946, 0.8848100304603577, 0.8925599455833435, 0.9196600317955017, 0.9483500123023987, 0.9711599946022034, 0.9821799993515015, 1.0, 1.0, 1.0, 1.0, 1.0]}, {"sid": 211, "pred_cdf": [0.2514570951461792, 0.2690848410129547, 0.38410335779190063, 0.5856446623802185, 0.7739637494087219, 0.8692755699157715, 0.9027584195137024, 0.9149224758148193, 0.9557860493659973, 0.9775911569595337, 0.9841718673706055, 0.988869309425354, 0.9937970042228699, 0.9962567090988159, 0.9982965588569641, 0.9991305470466614, 0.9999999403953552], "true_cdf": [0.19780999422073364, 0.19780999422073364, 0.3982899785041809, 0.7858799695968628, 0.9698699712753296, 0.9948199987411499, 0.9970500469207764, 0.9979400038719177, 0.9983899593353271, 1.0, 1.0, 1.0, 1.0, 1.0, 1.0, 1.0, 1.0]}, {"sid": 277, "pred_cdf": [0.2441304624080658, 0.3018941581249237, 0.4272316098213196, 0.5720961093902588, 0.6818952560424805, 0.7619364857673645, 0.7969817519187927, 0.8105800747871399, 0.8742136359214783, 0.9359960556030273, 0.9573100209236145, 0.9716526865959167, 0.9850583672523499, 0.9908857345581055, 0.9960253834724426, 0.9978935718536377, 1.0], "true_cdf": [0.3308500051498413, 0.3308500051498413, 0.4747700095176697, 0.6038100123405457, 0.6990899443626404, 0.7634100317955017, 0.7975800037384033, 0.8172799944877625, 0.8667299747467041, 0.9214399456977844, 0.9479699730873108, 0.9669100046157837, 1.0, 1.0, 1.0, 1.0, 1.0]}, {"sid": 279,