{"bin_x_log10": [-1.3010300397872925, -1.0969101190567017, -0.7958800196647644, -0.5016894936561584, -0.20065946877002716, 0.0969100147485733, 0.3010300099849701, 0.3979400396347046, 0.6989700198173523, 1.0, 1.1461280584335327, 1.3010300397872925, 1.4471580982208252, 1.4983106851577759, 1.602060079574585, 1.7481880187988281, 1.903090000152588], "predictions": [{"sid": 165, "pred_cdf": [0.618113100528717, 0.6562975645065308, 0.7505913972854614, 0.8418282270431519, 0.883541464805603, 0.9097353219985962, 0.9215008020401001, 0.9308177828788757, 0.9525781273841858, 0.9779978394508362, 0.9855718016624451, 0.9906954765319824, 0.9939001798629761, 0.9961713552474976, 0.9977952837944031, 0.9989490509033203, 1.0], "true_cdf": [0.8079877495765686, 0.9293000102043152, 0.9839000105857849, 1.0, 1.0, 1.0, 1.0, 1.0, 1.0, 1.0, 1.0, 1.0, 1.0, 1.0, 1.0, 1.0, 1.0]}, {"sid": 292, "pred_cdf": [0.4790661334991455, 0.5291680097579956, 0.6595670580863953, 0.748671293258667, 0.7952077984809875, 0.8262321949005127, 0.843181848526001, 0.8593910932540894, 0.8946018815040588, 0.9375386238098145, 0.9556107521057129, 0.96898353099823, 0.978121280670166, 0.9857290983200073, 0.9915183782577515, 0.9961493015289307, 1.0], "true_cdf": [0.4441100060939789, 0.4441100060939789, 0.5793200135231018, 0.6884200572967529, 0.7553600072860718, 0.800540030002594, 0.8256400227546692, 0.8403600454330444, 0.8791800141334534, 0.9402300119400024, 0.9613999724388123, 0.9900000095367432, 1.0, 1.0, 1.0, 1.0, 1.0]}, {"sid": 183, "pred_cdf": [0.08702050149440765, 0.13684698939323425, 0.30161064863204956, 0.5456080436706543, 0.7421691417694092, 0.8128264546394348, 0.8393734097480774, 0.8591228127479553, 0.8943253755569458, 0.9279202222824097, 0.9481534361839294, 0.9621936082839966, 0.972379207611084, 0.9824241399765015, 0.9890923500061035, 0.995261549949646, 1.0], "true_cdf": [0.13041000068187714, 0.13041000068187714, 0.3221900165081024, 0.6558899879455566, 0.8433600068092346, 0.9042500257492065, 0.938289999961853, 0.9502699971199036, 0.9814399480819702, 1.0, 1.0, 1.0, 1.0, 1.0, 1.0, 1.0, 1.0]}, {"sid": 229, "pred_cdf": [0.00947272963821888, 0.016689246520400047, 0.022909604012966156, 0.10850506275892258, 0.36862167716026306, 0.7166759967803955, 0.8614522218704224, 0.8916386961936951, 0.9523352384567261, 0.9862159490585327, 0.9937278628349304, 0.9960647821426392, 0.9975871443748474, 0.998529851436615, 0.9991647601127625, 0.9996349215507507, 1.0], "true_cdf": [0.0017600000137463212, 0.0017600000137463212, 0.006449999753385782, 0.07440999895334244, 0.3632799983024597, 0.8378999829292297, 0.9498100280761719, 0.969730019569397, 0.9908300042152405, 0.9983899593353271, 1.0, 1.0, 1.0, 1.0, 1.0, 1.0, 1.0]}, {"sid": 230, "pred_cdf": [0.01770186424255371, 0.02692343480885029, 0.0315699428319931, 0.08220850676298141, 0.232195645570755, 0.5350943207740784, 0.7164057493209839, 0.7736776471138, 0.8864791989326477, 0.9623187184333801, 0.9806897640228271, 0.9871698021888733, 0.9920710921287537, 0.9950622320175171, 0.997123122215271, 0.9986323118209839, 1.0], "true_cdf": [0.005519999656826258, 0.005519999656826258, 0.011030000634491444, 0.05006000027060509, 0.20492000877857208, 0.5159099698066711, 0.6996200084686279, 0.7798100113868713, 0.9070900082588196, 0.9727100133895874, 0.9927999973297119, 1.0, 1.0, 1.0, 1.0, 1.0, 1.0]}, {"sid": 290, "pred_cdf": [0.4156809449195862, 0.4754846394062042, 0.6709161996841431, 0.7788681983947754, 0.8254272937774658, 0.8500046133995056, 0.863152265548706, 0.8755503296852112, 0.902144730091095, 0.9350855946540833, 0.9521109461784363, 0.9654219746589661, 0.9745023250579834, 0.9829245209693909, 0.9898379445075989, 0.9954319000244141, 0.9999998807907104], "true_cdf": [0.580590009689331, 0.580590009689331, 0.7254499793052673, 0.8467400074005127, 0.9118699431419373, 0.9391899704933167, 0.9519200325012207, 0.9560399651527405, 0.9691399931907654, 0.9811300039291382, 0.9858899712562561, 1.0, 1.0, 1.0, 1.0, 1.0, 1.0]}, {"sid": 313, "pred_cdf": [0.5573000311851501, 0.6143487691879272, 0.7411861419677734, 0.8350395560264587, 0.8742097020149231, 0.8932357430458069, 0.9041369557380676, 0.9138011336326599, 0.9343504905700684, 0.9603214263916016, 0.9717758893966675, 0.9802007675170898, 0.985977053642273, 0.9909325838088989, 0.994416356086731, 0.9974719285964966, 1.0], "true_cdf": [0.9480000138282776, 0.9509795308113098, 0.981117308139801, 0.9925630688667297, 1.0, 1.0, 1.0, 1.0, 1.0, 1.0, 1.0, 1.0, 1.0, 1.0, 1.0, 1.0, 1.0]}, {"sid": 208, "pred_cdf": [0.16396985948085785, 0.20986111462116241, 0.5536563992500305, 0.834571123123169, 0.935571551322937, 0.9569593071937561, 0.9627341032028198, 0.966995358467102, 0.975517988204956, 0.9839679002761841, 0.9883994460105896, 0.9918963313102722, 0.994066059589386, 0.9963299632072449, 0.9977293014526367, 0.9990483522415161, 0.9999999403953552], "true_cdf": [0.16398000717163086, 0.16398000717163086, 0.41451001167297363, 0.762969970703125, 0.9451799988746643, 0.9843499660491943, 0.9902700185775757, 0.9948300123214722, 0.9975599646568298, 1.0, 1.0, 1.0, 1.0, 1.0, 1.0, 1.0, 1.0]}, {"sid": 284, "pred_cdf": [0.04749574139714241, 0.08972467482089996, 0.16191330552101135, 0.2952823042869568, 0.4724968671798706, 0.5829439163208008, 0.63997882604599, 0.683585524559021, 0.7600467205047607, 0.8352473974227905, 0.8828251957893372, 0.9129330515861511, 0.9360564947128296, 0.9577576518058777, 0.9735684990882874, 0.987868070602417, 1.0], "true_cdf": [0.11463000625371933, 0.11463000625371933, 0.19257999956607819, 0.30347999930381775, 0.4075799882411957, 0.4857099950313568, 0.5313900113105774, 0.5549899935722351, 0.6465299725532532, 0.7646399736404419, 0.872249960899353, 0.9620999693870544, 1.0, 1.0, 1.0, 1.0, 1.0]}, {"sid": 169, "pred_cdf": [0.21875518560409546, 0.2744692265987396, 0.43722182512283325, 0.5655919313430786, 0.6609183549880981, 0.7161616086959839, 0.7458780407905579, 0.7722328305244446, 0.8230696320533752, 0.8839545845985413, 0.9150692224502563, 0.9384958744049072, 0.9553143978118896, 0.9703027009963989, 0.9821598529815674, 0.9918102025985718, 1.0], "true_cdf": [0.33360999822616577, 0.33360999822616577, 0.4546099901199341, 0.6077399849891663, 0.7137000560760498, 0.7789900302886963, 0.8179500102996826, 0.8343599438667297, 0.8815299868583679, 0.9329100251197815, 0.9514700174331665, 0.977590024471283, 1.0, 1.0, 1.0, 1.0, 1.0]}, {"sid": 200, "pred_cdf": [0.25334131717681885, 0.30611538887023926, 0.45191001892089844, 0.6880806088447571, 0.8119874596595764, 0.8678733706474304, 0.8885394334793091, 0.9037358164787292, 0.9315431118011475, 0.9593486785888672, 0.9712371826171875, 0.9795510768890381, 0.985640823841095, 0.9910610914230347, 0.9945421814918518, 0.997560977935791, 1.0], "true_cdf": [0.3076399862766266, 0.3076399862766266, 0.4581499993801117, 0.6967700123786926, 0.8825299739837646, 0.980910062789917, 1.0, 1.0, 1.0, 1.0, 1.0, 1.0, 1.0, 1.0, 1.0, 1.0, 1.0]}, {"sid": 213, "pred_cdf": [0.05757138505578041, 0.09372712671756744, 0.3199097216129303, 0.7577425241470337, 0.9369536638259888, 0.9687292575836182, 0.9751567244529724, 0.9788044095039368, 0.9853132367134094, 0.9906618595123291, 0.9933739900588989, 0.9955089688301086, 0.9967818260192871, 0.9980894327163696, 0.9988016486167908, 0.9995107054710388, 0.9999999403953552], "true_cdf": [0.21061000227928162, 0.21061000227928162, 0.44273999333381653, 0.7117600440979004, 0.938510000705719, 1.0, 1.0, 1.0, 1.0, 1.0, 1.0, 1.0, 1.0, 1.0, 1.0, 1.0, 1.0]}, {"sid": 311, "pred_cdf": [0.3711915910243988, 0.41979217529296875, 0.7744361162185669, 0.9067494869232178, 0.9419954419136047, 0.9512749314308167, 0.954666018486023, 0.9582319259643555, 0.9659777283668518, 0.9761911630630493, 0.9822455644607544, 0.9875696897506714, 0.9905776977539062, 0.9940800666809082, 0.9964131712913513, 0.9984340071678162, 1.0], "true_cdf": [0.14205999672412872, 0.14205999672412872, 0.8850499987602234, 1.0, 1.0, 1.0, 1.0, 1.0, 1.0, 1.0, 1.0, 1.0, 1.0, 1.0, 1.0, 1.0, 1.0]}, {"sid": 261,