{"bin_x_log10": [-1.3010300397872925, -1.0969101190567017, -0.7958800196647644, -0.5016894936561584, -0.20065946877002716, 0.0969100147485733, 0.3010300099849701, 0.3979400396347046, 0.6989700198173523, 1.0, 1.1461280584335327, 1.3010300397872925, 1.4471580982208252, 1.4983106851577759, 1.602060079574585, 1.7481880187988281, 1.903090000152588], "predictions": [{"sid": 197, "pred_cdf": [0.3592712879180908, 0.3945767283439636, 0.4778842329978943, 0.6029125452041626, 0.6874262094497681, 0.7492647171020508, 0.7919949889183044, 0.8079121708869934, 0.8672364950180054, 0.926226019859314, 0.9503860473632812, 0.9668490290641785, 0.9816222190856934, 0.9886608123779297, 0.9941577315330505, 0.9976332187652588, 0.9999999403953552], "true_cdf": [0.4213600158691406, 0.4213600158691406, 0.5203199982643127, 0.6100999712944031, 0.6855100393295288, 0.7461699843406677, 0.7840699553489685, 0.8060199618339539, 0.8698599934577942, 0.9378700256347656, 0.97461998462677, 1.0, 1.0, 1.0, 1.0, 1.0, 1.0]}, {"sid": 246, "pred_cdf": [0.6256991028785706, 0.6468173861503601, 0.9053407907485962, 0.9855379462242126, 0.9943292737007141, 0.9960669279098511, 0.9965755343437195, 0.9967018365859985, 0.9973692297935486, 0.9987866282463074, 0.9992417097091675, 0.9995735287666321, 0.9997780323028564, 0.9998592138290405, 0.999945342540741, 0.999983549118042, 0.9999999403953552], "true_cdf": [0.5214319229125977, 0.8041599988937378, 0.978630006313324, 1.0, 1.0, 1.0, 1.0, 1.0, 1.0, 1.0, 1.0, 1.0, 1.0, 1.0, 1.0, 1.0, 1.0]}, {"sid": 195, "pred_cdf": [0.7115483283996582, 0.7338202595710754, 0.8620187044143677, 0.9471365809440613, 0.9695322513580322, 0.9792224168777466, 0.9835060834884644, 0.9846232533454895, 0.9892662167549133, 0.9943150877952576, 0.996364414691925, 0.9977717399597168, 0.9987877011299133, 0.9992710947990417, 0.9996464252471924, 0.9998761415481567, 1.0], "true_cdf": [0.8784500360488892, 0.8784500360488892, 0.9434999823570251, 0.960889995098114, 0.975059986114502, 0.9840700030326843, 0.9905100464820862, 0.9905100464820862, 0.9969499707221985, 1.0, 1.0, 1.0, 1.0, 1.0, 1.0, 1.0, 1.0]}, {"sid": 182, "pred_cdf": [0.02662447839975357, 0.039754852652549744, 0.048238031566143036, 0.11109762638807297, 0.2596442401409149, 0.43878379464149475, 0.5414617657661438, 0.5804648995399475, 0.7438862323760986, 0.9080907106399536, 0.9450706839561462, 0.9708993434906006, 0.9835922718048096, 0.9899564385414124, 0.9955532550811768, 0.998170018196106, 1.0], "true_cdf": [0.02701999992132187, 0.02701999992132187, 0.06137000024318695, 0.11771000176668167, 0.20802000164985657, 0.341949999332428, 0.4611999988555908, 0.5210300087928772, 0.7541400194168091, 0.9384400248527527, 0.9676799774169922, 1.0, 1.0, 1.0, 1.0, 1.0, 1.0]}, {"sid": 226, "pred_cdf": [0.021284565329551697, 0.031306974589824677, 0.05268978327512741, 0.3695502281188965, 0.7210179567337036, 0.8983973860740662, 0.9413816332817078, 0.9515669941902161, 0.9756171703338623, 0.9929355382919312, 0.9950788617134094, 0.9978901147842407, 0.998874306678772, 0.9993619322776794, 0.9996784925460815, 0.9998911023139954, 1.0], "true_cdf": [0.003939999733120203, 0.003939999733120203, 0.032340001314878464, 0.4369800090789795, 0.7643200159072876, 0.8952500224113464, 0.9378500580787659, 0.9520400166511536, 0.9820200204849243, 0.9982700347900391, 1.0, 1.0, 1.0, 1.0, 1.0, 1.0, 1.0]}, {"sid": 225, "pred_cdf": [0.012216032482683659, 0.01408506091684103, 0.01584131270647049, 0.07459095120429993, 0.2634252905845642, 0.656482458114624, 0.8144013285636902, 0.8334571123123169, 0.9464743733406067, 0.9911468625068665, 0.9949321746826172, 0.9985476136207581, 0.9993570446968079, 0.9996715188026428, 0.9998587965965271, 0.9999450445175171, 1.0], "true_cdf": [0.022600000724196434, 0.022600000724196434, 0.02776999957859516, 0.0703900009393692, 0.2918800115585327, 0.643809974193573, 0.8155800104141235, 0.8737000226974487, 0.9576500058174133, 0.9953399896621704, 1.0, 1.0, 1.0, 1.0, 1.0, 1.0, 1.0]}, {"sid": 302, "pred_cdf": [0.10987505316734314, 0.13199901580810547, 0.6613273024559021, 0.9601732492446899, 0.9938246607780457, 0.9968982934951782, 0.9973680377006531, 0.997506320476532, 0.9980487823486328, 0.9991410374641418, 0.9993966221809387, 0.9996728897094727, 0.9998190999031067, 0.9998762011528015, 0.9999482035636902, 0.9999856948852539, 0.9999999403953552], "true_cdf": [0.10600000619888306, 0.10600000619888306, 0.8693000078201294, 1.0, 1.0, 1.0, 1.0, 1.0, 1.0, 1.0, 1.0, 1.0, 1.0, 1.0, 1.0, 1.0, 1.0]}, {"sid": 218, "pred_cdf": [0.02782451920211315, 0.03346310928463936, 0.03921392560005188, 0.11207848787307739, 0.28451085090637207, 0.5688215494155884, 0.716128408908844, 0.7467299103736877, 0.8930571675300598, 0.9708738327026367, 0.9829599261283875, 0.9927070140838623, 0.9963260293006897, 0.997963011264801, 0.999070405960083, 0.9996260404586792, 1.0], "true_cdf": [0.055149998515844345, 0.055149998515844345, 0.08468000590801239, 0.1506900042295456, 0.286190003156662, 0.5480599999427795, 0.7122099995613098, 0.778659999370575, 0.9089399576187134, 0.9529799818992615, 0.9668900370597839, 1.0, 1.0, 1.0, 1.0, 1.0, 1.0]}, {"sid": 185, "pred_cdf": [0.058702804148197174, 0.07973524183034897, 0.09978362917900085, 0.16314643621444702, 0.2635325789451599, 0.366396427154541, 0.4442785978317261, 0.48671776056289673, 0.6310969591140747, 0.7732829451560974, 0.841547429561615, 0.8878043293952942, 0.9302690625190735, 0.9567703008651733, 0.978585422039032, 0.9909470081329346, 1.0], "true_cdf": [0.15027999877929688, 0.15027999877929688, 0.20704999566078186, 0.27851998805999756, 0.3620000183582306, 0.447050005197525, 0.5002599954605103, 0.5303099751472473, 0.6095700263977051, 0.7174800038337708, 0.7775299549102783, 0.8537600040435791, 1.0, 1.0, 1.0, 1.0, 1.0]}, {"sid": 224, "pred_cdf": [0.007926677353680134, 0.01016849186271429, 0.011323438957333565, 0.04453565180301666, 0.17563141882419586, 0.5132796168327332, 0.6841450333595276, 0.7116603851318359, 0.8766937851905823, 0.9752334952354431, 0.9859985113143921, 0.9955055117607117, 0.9978413581848145, 0.9987929463386536, 0.9995514154434204, 0.9998161792755127, 1.0], "true_cdf": [0.0044999998062849045, 0.0044999998062849045, 0.008100000210106373, 0.03328999876976013, 0.1466600000858307, 0.5074599981307983, 0.7053999900817871, 0.7728800177574158, 0.9033399820327759, 0.9606300592422485, 0.9764900207519531, 0.9834499955177307, 1.0, 1.0, 1.0, 1.0, 1.0]}, {"sid": 212, "pred_cdf": [0.27487504482269287, 0.31881603598594666, 0.48701274394989014, 0.693997859954834, 0.7831782102584839, 0.8189702033996582, 0.8402359485626221, 0.8507241010665894, 0.880825936794281, 0.9144965410232544, 0.934005618095398, 0.950472891330719, 0.9697623252868652, 0.9804916381835938, 0.9900181293487549, 0.9962103366851807, 1.0], "true_cdf": [0.42528000473976135, 0.42528000473976135, 0.6177200078964233, 0.7822499871253967, 0.8914600610733032, 0.9390899538993835, 0.9535199999809265, 0.9592900276184082, 0.9761300086975098, 0.9894100427627563, 0.9944100379943848, 1.0, 1.0, 1.0, 1.0, 1.0, 1.0]}, {"sid": 199, "pred_cdf": [0.3147989809513092, 0.34018373489379883, 0.4974352717399597, 0.7774456143379211, 0.8917145133018494, 0.929482638835907, 0.9453493356704712, 0.9505802989006042, 0.9680905342102051, 0.9827559590339661, 0.9880542755126953, 0.9922658205032349, 0.995916485786438, 0.9975258708000183, 0.9987016916275024, 0.9995421171188354, 1.0], "true_cdf": [0.3073999881744385, 0.3073999881744385, 0.522379994392395, 0.8128100037574768, 0.9495300054550171, 0.9834799766540527, 0.9957399964332581, 0.9957399964332581, 0.9957399964332581, 1.0, 1.0, 1.0, 1.0, 1.0, 1.0, 1.0, 1.0]}, {"sid": 248, "pred_cdf": [0.12418487668037415, 0.16711024940013885, 0.2100270390510559, 0.3065483272075653, 0.4243835508823395, 0.5496304035186768, 0.6370236873626709, 0.6695638298988342, 0.7741541862487793, 0.9087391495704651, 0.9423675537109375, 0.9680612087249756, 0.9820367097854614, 0.9883979558944702, 0.994147539138794, 0.9975881576538086, 1.0],