{"bin_x_log10": [-1.3010300397872925, -1.0969101190567017, -0.7958800196647644, -0.5016894936561584, -0.20065946877002716, 0.0969100147485733, 0.3010300099849701, 0.3979400396347046, 0.6989700198173523, 1.0, 1.1461280584335327, 1.3010300397872925, 1.4471580982208252, 1.4983106851577759, 1.602060079574585, 1.7481880187988281, 1.903090000152588], "predictions": [{"sid": 165, "pred_cdf": [0.5518419742584229, 0.5930742621421814, 0.6772013902664185, 0.7723669409751892, 0.8236600160598755, 0.862392246723175, 0.8812901973724365, 0.8960018754005432, 0.9292343854904175, 0.967313289642334, 0.9785277843475342, 0.9859870672225952, 0.9908565878868103, 0.9941778779029846, 0.9966262578964233, 0.9983822107315063, 1.0], "true_cdf": [0.8079877495765686, 0.9293000102043152, 0.9839000105857849, 1.0, 1.0, 1.0, 1.0, 1.0, 1.0, 1.0, 1.0, 1.0, 1.0, 1.0, 1.0, 1.0, 1.0]}, {"sid": 292, "pred_cdf": [0.46900755167007446, 0.5184801816940308, 0.652231752872467, 0.7452376484870911, 0.7946507334709167, 0.8265329003334045, 0.843807578086853, 0.8599534034729004, 0.8952983021736145, 0.9384018778800964, 0.9562265872955322, 0.9695477485656738, 0.9785717725753784, 0.986064076423645, 0.9917149543762207, 0.9961891770362854, 1.0], "true_cdf": [0.4441100060939789, 0.4441100060939789, 0.5793200135231018, 0.6884200572967529, 0.7553600072860718, 0.800540030002594, 0.8256400227546692, 0.8403600454330444, 0.8791800141334534, 0.9402300119400024, 0.9613999724388123, 0.9900000095367432, 1.0, 1.0, 1.0, 1.0, 1.0]}, {"sid": 183, "pred_cdf": [0.07311099767684937, 0.12169267237186432, 0.2797882854938507, 0.5365903377532959, 0.7524607181549072, 0.826779305934906, 0.8531873226165771, 0.8724757432937622, 0.9046617150306702, 0.9348495006561279, 0.9531611204147339, 0.9658015370368958, 0.9750350713729858, 0.9841846823692322, 0.9901479482650757, 0.9957796931266785, 1.0], "true_cdf": [0.13041000068187714, 0.13041000068187714, 0.3221900165081024, 0.6558899879455566, 0.8433600068092346, 0.9042500257492065, 0.938289999961853, 0.9502699971199036, 0.9814399480819702, 1.0, 1.0, 1.0, 1.0, 1.0, 1.0, 1.0, 1.0]}, {"sid": 229, "pred_cdf": [0.00907047651708126, 0.01586778089404106, 0.021127216517925262, 0.09817863255739212, 0.34143495559692383, 0.6959124803543091, 0.8516607284545898, 0.8840487003326416, 0.9492576122283936, 0.9855353832244873, 0.9934495091438293, 0.9958815574645996, 0.9974825382232666, 0.9984593391418457, 0.9991227388381958, 0.999611496925354, 1.0], "true_cdf": [0.0017600000137463212, 0.0017600000137463212, 0.006449999753385782, 0.07440999895334244, 0.3632799983024597, 0.8378999829292297, 0.9498100280761719, 0.969730019569397, 0.9908300042152405, 0.9983899593353271, 1.0, 1.0, 1.0, 1.0, 1.0, 1.0, 1.0]}, {"sid": 230, "pred_cdf": [0.019138842821121216, 0.028547268360853195, 0.03359841927886009, 0.08587179332971573, 0.2392403483390808, 0.5427461266517639, 0.7198179960250854, 0.7754244804382324, 0.8877440690994263, 0.9636809229850769, 0.9815361499786377, 0.9878301024436951, 0.9925591945648193, 0.995366096496582, 0.997303307056427, 0.9987245798110962, 0.9999999403953552], "true_cdf": [0.005519999656826258, 0.005519999656826258, 0.011030000634491444, 0.05006000027060509, 0.20492000877857208, 0.5159099698066711, 0.6996200084686279, 0.7798100113868713, 0.9070900082588196, 0.9727100133895874, 0.9927999973297119, 1.0, 1.0, 1.0, 1.0, 1.0, 1.0]}, {"sid": 290, "pred_cdf": [0.4085783064365387, 0.4684908390045166, 0.6654701232910156, 0.7742377519607544, 0.8211413025856018, 0.84521484375, 0.8582106828689575, 0.8709049820899963, 0.8981591463088989, 0.9317678809165955, 0.9494189620018005, 0.9634238481521606, 0.9729185104370117, 0.9819228053092957, 0.9891989827156067, 0.9951145052909851, 1.0], "true_cdf": [0.580590009689331, 0.580590009689331, 0.7254499793052673, 0.8467400074005127, 0.9118699431419373, 0.9391899704933167, 0.9519200325012207, 0.9560399651527405, 0.9691399931907654, 0.9811300039291382, 0.9858899712562561, 1.0, 1.0, 1.0, 1.0, 1.0, 1.0]}, {"sid": 313, "pred_cdf": [0.5583958029747009, 0.6149865388870239, 0.7478518486022949, 0.8434991240501404, 0.8819469809532166, 0.9000269174575806, 0.9102298021316528, 0.9191998243331909, 0.9382781386375427, 0.96256422996521, 0.9733438491821289, 0.9813293218612671, 0.9867787957191467, 0.9914296865463257, 0.9947325587272644, 0.9976134896278381, 0.9999999403953552], "true_cdf": [0.9480000138282776, 0.9509795308113098, 0.981117308139801, 0.9925630688667297, 1.0, 1.0, 1.0, 1.0, 1.0, 1.0, 1.0, 1.0, 1.0, 1.0, 1.0, 1.0, 1.0]}, {"sid": 208, "pred_cdf": [0.1287481188774109, 0.17534618079662323, 0.47156375646591187, 0.7865757942199707, 0.9179282188415527, 0.9470482468605042, 0.9548916220664978, 0.9604815244674683, 0.9711124897003174, 0.9811093807220459, 0.9863289594650269, 0.9904380440711975, 0.9930552244186401, 0.9956813454627991, 0.9973151087760925, 0.9988640546798706, 1.0], "true_cdf": [0.16398000717163086, 0.16398000717163086, 0.41451001167297363, 0.762969970703125, 0.9451799988746643, 0.9843499660491943, 0.9902700185775757, 0.9948300123214722, 0.9975599646568298, 1.0, 1.0, 1.0, 1.0, 1.0, 1.0, 1.0, 1.0]}, {"sid": 284, "pred_cdf": [0.038741741329431534, 0.0801459401845932, 0.1387811303138733, 0.2543559968471527, 0.41369959712028503, 0.517681360244751, 0.5772314667701721, 0.6256615519523621, 0.7062150239944458, 0.7891826629638672, 0.8451210260391235, 0.882368803024292, 0.9114888310432434, 0.9411526322364807, 0.9626891613006592, 0.9826552867889404, 1.0], "true_cdf": [0.11463000625371933, 0.11463000625371933, 0.19257999956607819, 0.30347999930381775, 0.4075799882411957, 0.4857099950313568, 0.5313900113105774, 0.5549899935722351, 0.6465299725532532, 0.7646399736404419, 0.872249960899353, 0.9620999693870544, 1.0, 1.0, 1.0, 1.0, 1.0]}, {"sid": 169, "pred_cdf": [0.2001221477985382, 0.2516908049583435, 0.3844459056854248, 0.511776328086853, 0.618410587310791, 0.6867852807044983, 0.7231637239456177, 0.7545062303543091, 0.8151327967643738, 0.8852197527885437, 0.9174096584320068, 0.940769374370575, 0.9579843282699585, 0.9722900390625, 0.983429491519928, 0.9922497868537903, 1.0], "true_cdf": [0.33360999822616577, 0.33360999822616577, 0.4546099901199341, 0.6077399849891663, 0.7137000560760498, 0.7789900302886963, 0.8179500102996826, 0.8343599438667297, 0.8815299868583679, 0.9329100251197815, 0.9514700174331665, 0.977590024471283, 1.0, 1.0, 1.0, 1.0, 1.0]}, {"sid": 200, "pred_cdf": [0.18464411795139313, 0.23754623532295227, 0.36535394191741943, 0.616011381149292, 0.7701429724693298, 0.8383588194847107, 0.8640291690826416, 0.8833346366882324, 0.9162784218788147, 0.948623776435852, 0.9629234075546265, 0.9733338952064514, 0.9812527894973755, 0.9883255362510681, 0.9927982687950134, 0.99676114320755, 0.9999999403953552], "true_cdf": [0.3076399862766266, 0.3076399862766266, 0.4581499993801117, 0.6967700123786926, 0.8825299739837646, 0.980910062789917, 1.0, 1.0, 1.0, 1.0, 1.0, 1.0, 1.0, 1.0, 1.0, 1.0, 1.0]}, {"sid": 213, "pred_cdf": [0.0459136962890625, 0.07986251264810562, 0.2654556930065155, 0.7077544331550598, 0.9219891428947449, 0.9636121392250061, 0.9721488952636719, 0.976546585559845, 0.9841790795326233, 0.9902517199516296, 0.9931870698928833, 0.9953941106796265, 0.996730625629425, 0.9980528354644775, 0.9987848997116089, 0.9995038509368896, 0.9999998807907104], "true_cdf": [0.21061000227928162, 0.21061000227928162, 0.44273999333381653, 0.7117600440979004, 0.938510000705719, 1.0, 1.0, 1.0, 1.0, 1.0, 1.0, 1.0, 1.0, 1.0, 1.0, 1.0, 1.0]}, {"sid": 311, "pred_cdf": [0.38520869612693787, 0.4354427754878998, 0.7726817727088928, 0.8990688323974609, 0.9332045912742615, 0.9426782727241516, 0.9462457299232483, 0.9502549767494202, 0.9588809013366699, 0.9707240462303162, 0.9779354929924011, 0.9844392538070679, 0.9881488680839539, 0.992550790309906, 0.9954971671104431, 0.9980236887931824, 1.0], "true_cdf": [0.14205999672412872, 0.14205999672412872, 0.8850499987602234, 1.0, 1.0, 1.0, 1.0, 1.0, 1.0, 1.0, 1.0, 1.0, 1.0, 1.0, 1.0, 1.0, 1.0]}, {"sid": 261,