{"bin_x_log10": [-1.3010300397872925, -1.0969101190567017, -0.7958800196647644, -0.5016894936561584, -0.20065946877002716, 0.0969100147485733, 0.3010300099849701, 0.3979400396347046, 0.6989700198173523, 1.0, 1.1461280584335327, 1.3010300397872925, 1.4471580982208252, 1.4983106851577759, 1.602060079574585, 1.7481880187988281, 1.903090000152588], "predictions": [{"sid": 184, "pred_cdf": [0.08394637703895569, 0.10878707468509674, 0.1503739058971405, 0.2626921534538269, 0.4252592921257019, 0.5982617139816284, 0.7029270529747009, 0.7448705434799194, 0.8423690795898438, 0.9184786677360535, 0.9505248069763184, 0.9692220687866211, 0.9801456928253174, 0.9881420731544495, 0.9935375452041626, 0.9971438646316528, 1.0], "true_cdf": [0.06752000004053116, 0.06752000004053116, 0.10326000303030014, 0.18702998757362366, 0.5441100001335144, 0.6748100519180298, 0.7618200182914734, 0.7950399518013, 0.8726699948310852, 0.9305499792098999, 0.9598600268363953, 1.0, 1.0, 1.0, 1.0, 1.0, 1.0]}, {"sid": 215, "pred_cdf": [0.08516468107700348, 0.10683085769414902, 0.13819581270217896, 0.21690988540649414, 0.34924620389938354, 0.5145295262336731, 0.6364594101905823, 0.6878745555877686, 0.8058028817176819, 0.9021102786064148, 0.9405343532562256, 0.9631223678588867, 0.9756608009338379, 0.9855502843856812, 0.9921147227287292, 0.9963807463645935, 1.0], "true_cdf": [0.06041000038385391, 0.06041000038385391, 0.09020999819040298, 0.13738000392913818, 0.19614000618457794, 0.28758999705314636, 0.4315899908542633, 0.5230399966239929, 0.7489700317382812, 0.9419800043106079, 0.9835399389266968, 1.0, 1.0, 1.0, 1.0, 1.0, 1.0]}, {"sid": 240, "pred_cdf": [0.22177986800670624, 0.35630667209625244, 0.523320734500885, 0.6318840384483337, 0.7042279243469238, 0.7438609004020691, 0.7652350664138794, 0.7865529656410217, 0.823876678943634, 0.8749809265136719, 0.9072362780570984, 0.9320696592330933, 0.9555495977401733, 0.9710677862167358, 0.9839829802513123, 0.9928548336029053, 1.0], "true_cdf": [0.2917778789997101, 0.40015000104904175, 0.533079981803894, 0.6541699767112732, 0.7342000007629395, 0.7916100025177002, 0.8264099955558777, 0.8424099683761597, 0.8876500129699707, 0.9302499890327454, 0.9448599815368652, 0.9585800170898438, 1.0, 1.0, 1.0, 1.0, 1.0]}, {"sid": 307, "pred_cdf": [0.06838799268007278, 0.11006952822208405, 0.6842805743217468, 0.9543988704681396, 0.9942587614059448, 0.9978922009468079, 0.9982316493988037, 0.9984591603279114, 0.9989380836486816, 0.9994942545890808, 0.99970942735672, 0.9998134970664978, 0.9999037384986877, 0.9999449253082275, 0.9999701380729675, 0.9999898076057434, 0.9999998807907104], "true_cdf": [0.09569999575614929, 0.09569999575614929, 0.7791000604629517, 0.9901999831199646, 1.0, 1.0, 1.0, 1.0, 1.0, 1.0, 1.0, 1.0, 1.0, 1.0, 1.0, 1.0, 1.0]}, {"sid": 241, "pred_cdf": [0.3920007646083832, 0.46717557311058044, 0.5355385541915894, 0.6007586121559143, 0.6718711853027344, 0.721472978591919, 0.752220094203949, 0.7769882082939148, 0.8399839401245117, 0.9189409017562866, 0.948788583278656, 0.9680417776107788, 0.9798816442489624, 0.9879166483879089, 0.9936228394508362, 0.9969913363456726, 0.9999999403953552], "true_cdf": [0.3024180233478546, 0.3854999840259552, 0.5078099966049194, 0.6149700284004211, 0.6838899850845337, 0.7251699566841125, 0.7486499547958374, 0.758870005607605, 0.7940899729728699, 0.8372099995613098, 0.8527899980545044, 0.9000700116157532, 0.9137699604034424, 0.9422453045845032, 1.0, 1.0, 1.0]}, {"sid": 291, "pred_cdf": [0.3173404335975647, 0.41553255915641785, 0.5435525178909302, 0.6453232169151306, 0.7213152647018433, 0.7632009387016296, 0.7840806245803833, 0.8024722337722778, 0.8427974581718445, 0.9011252522468567, 0.930249810218811, 0.9512844085693359, 0.9690384268760681, 0.979790985584259, 0.9895256757736206, 0.9953334331512451, 1.0], "true_cdf": [0.4281800091266632, 0.4281800091266632, 0.5927900075912476, 0.7163200378417969, 0.7758300304412842, 0.8039700388908386, 0.817870020866394, 0.8266000151634216, 0.8505300283432007, 0.8819200396537781, 0.8893200159072876, 0.9154000282287598, 0.9580000042915344, 0.9718694090843201, 1.0, 1.0, 1.0]}, {"sid": 297, "pred_cdf": [0.17709121108055115, 0.2910788059234619, 0.48541247844696045, 0.6317212581634521, 0.7173171043395996, 0.7611688375473022, 0.782597005367279, 0.8009666800498962, 0.8344555497169495, 0.8796800971031189, 0.9100518822669983, 0.9327723383903503, 0.9561641812324524, 0.9705716967582703, 0.9835289120674133, 0.992858350276947, 1.0], "true_cdf": [0.39650002121925354, 0.39650002121925354, 0.6078799962997437, 0.745389997959137, 0.8086000084877014, 0.8360999822616577, 0.852109968662262, 0.860729992389679, 0.8833000063896179, 0.9150599837303162, 0.9195300340652466, 0.9345300197601318, 1.0, 1.0, 1.0, 1.0, 1.0]}, {"sid": 221, "pred_cdf": [0.04892590641975403, 0.06551176309585571, 0.16639336943626404, 0.5761705636978149, 0.869368314743042, 0.9524340033531189, 0.9704291820526123, 0.9761220812797546, 0.9870595335960388, 0.9944036602973938, 0.997232973575592, 0.9984034299850464, 0.9990264773368835, 0.9994686245918274, 0.9996958374977112, 0.999875009059906, 1.0], "true_cdf": [0.06306000053882599, 0.06306000053882599, 0.16052000224590302, 0.5681399703025818, 0.8347299695014954, 0.9184300303459167, 0.9470999836921692, 0.9556900262832642, 0.9734699726104736, 0.9823499917984009, 0.9850199818611145, 0.9850199818611145, 1.0, 1.0, 1.0, 1.0, 1.0]}, {"sid": 175, "pred_cdf": [0.8112464547157288, 0.8531284928321838, 0.8854660987854004, 0.907481849193573, 0.9281874299049377, 0.9405069947242737, 0.9465320706367493, 0.9512161016464233, 0.9665730595588684, 0.9876951575279236, 0.993192195892334, 0.9960950016975403, 0.9976730346679688, 0.9986822009086609, 0.9994034171104431, 0.9997547268867493, 1.0], "true_cdf": [0.8425300121307373, 0.8425300121307373, 0.8912100195884705, 0.9155499935150146, 0.9322400093078613, 0.9447599649429321, 0.9541500210762024, 0.9590100049972534, 0.970490038394928, 0.9870400428771973, 1.0, 1.0, 1.0, 1.0, 1.0, 1.0, 1.0]}, {"sid": 303, "pred_cdf": [0.6423630714416504, 0.7272994518280029, 0.9001094102859497, 0.9568702578544617, 0.979430079460144, 0.9854880571365356, 0.9869101643562317, 0.9882845282554626, 0.9916167855262756, 0.9968627691268921, 0.9983397722244263, 0.9990069270133972, 0.9995018839836121, 0.9997240900993347, 0.9998700618743896, 0.9999462962150574, 0.9999999403953552], "true_cdf": [0.5595999956130981, 0.5595999956130981, 0.9276000261306763, 0.9736000299453735, 1.0, 1.0, 1.0, 1.0, 1.0, 1.0, 1.0, 1.0, 1.0, 1.0, 1.0, 1.0, 1.0]}, {"sid": 187, "pred_cdf": [0.10919541120529175, 0.13659514486789703, 0.15932434797286987, 0.20771420001983643, 0.29044613242149353, 0.4013345241546631, 0.494873970746994, 0.5451982021331787, 0.6943795680999756, 0.846011221408844, 0.9034387469291687, 0.9423519372940063, 0.9670835137367249, 0.9818969964981079, 0.9913787245750427, 0.9960105419158936, 1.0], "true_cdf": [0.0757099986076355, 0.0757099986076355, 0.10226999968290329, 0.13122999668121338, 0.17080999910831451, 0.23642000555992126, 0.31053000688552856, 0.3583499789237976, 0.5365899801254272, 0.8123000264167786, 0.92044997215271, 1.0, 1.0, 1.0, 1.0, 1.0, 1.0]}, {"sid": 287, "pred_cdf": [0.03695401921868324, 0.05089910700917244, 0.07933571189641953, 0.23206022381782532, 0.5029665231704712, 0.7302127480506897, 0.8225594758987427, 0.8512471914291382, 0.9196115136146545, 0.9643443822860718, 0.9816201329231262, 0.989691972732544, 0.9937798380851746, 0.9966425895690918, 0.9981591701507568, 0.9992358684539795, 1.0], "true_cdf": [0.03279000148177147, 0.03279000148177147, 0.07238999754190445, 0.27549999952316284, 0.6084799766540527, 0.7609200477600098, 0.8328800201416016, 0.8601300120353699, 0.9044100046157837, 0.9246700406074524, 0.9246700406074524, 0.9416800141334534, 1.0, 1.0, 1.0, 1.0, 1.0]}, {"sid": 227,