{"bin_x_log10": [-1.3010300397872925, -1.0969101190567017, -0.7958800196647644, -0.5016894936561584, -0.20065946877002716, 0.0969100147485733, 0.3010300099849701, 0.3979400396347046, 0.6989700198173523, 1.0, 1.1461280584335327, 1.3010300397872925, 1.4471580982208252, 1.4983106851577759, 1.602060079574585, 1.7481880187988281, 1.903090000152588], "predictions": [{"sid": 191, "pred_cdf": [0.059966884553432465, 0.08276882767677307, 0.10096582770347595, 0.16818225383758545, 0.3089999854564667, 0.5014441609382629, 0.6339430809020996, 0.6855740547180176, 0.8196853995323181, 0.9090223908424377, 0.9403178095817566, 0.9624993801116943, 0.9750038981437683, 0.983550488948822, 0.9901328682899475, 0.9959935545921326, 0.9999999403953552], "true_cdf": [0.06860999763011932, 0.06860999763011932, 0.12729999423027039, 0.22410999238491058, 0.38457000255584717, 0.5557000041007996, 0.6631799936294556, 0.7142600417137146, 0.8366000652313232, 0.9385600090026855, 0.969539999961853, 0.9873200058937073, 1.0, 1.0, 1.0, 1.0, 1.0]}, {"sid": 286, "pred_cdf": [0.033974528312683105, 0.05579781532287598, 0.17008140683174133, 0.7058557271957397, 0.9277403354644775, 0.9804670214653015, 0.9893010854721069, 0.9910419583320618, 0.9959380626678467, 0.9982900619506836, 0.9989802837371826, 0.9994273781776428, 0.9996331930160522, 0.999756395816803, 0.9998847842216492, 0.9999575018882751, 0.9999999403953552], "true_cdf": [0.03268999978899956, 0.03268999978899956, 0.0985499918460846, 0.5195800065994263, 0.965969979763031, 0.977679967880249, 0.977679967880249, 0.977679967880249, 0.977679967880249, 0.9836599826812744, 0.9871099591255188, 1.0, 1.0, 1.0, 1.0, 1.0, 1.0]}, {"sid": 214, "pred_cdf": [0.14045456051826477, 0.19982877373695374, 0.274330735206604, 0.3922777771949768, 0.4860153794288635, 0.555511474609375, 0.6038902997970581, 0.6400283575057983, 0.7083984613418579, 0.7771910429000854, 0.8253205418586731, 0.8670414090156555, 0.9068859815597534, 0.9339642524719238, 0.9600222706794739, 0.9834163188934326, 1.0], "true_cdf": [0.16741999983787537, 0.16741999983787537, 0.24132999777793884, 0.34007999300956726, 0.4506100118160248, 0.5578600168228149, 0.6258800029754639, 0.6572699546813965, 0.7520999908447266, 0.8569599986076355, 0.9546900391578674, 1.0, 1.0, 1.0, 1.0, 1.0, 1.0]}, {"sid": 209, "pred_cdf": [0.1822335124015808, 0.25007539987564087, 0.36140722036361694, 0.5406094789505005, 0.651093602180481, 0.7213486433029175, 0.7585899829864502, 0.784280002117157, 0.837584912776947, 0.8882268071174622, 0.9153868556022644, 0.9380866289138794, 0.9577869176864624, 0.9709749817848206, 0.9827293157577515, 0.9927765130996704, 1.0], "true_cdf": [0.24927999079227448, 0.24927999079227448, 0.3625600039958954, 0.4954899847507477, 0.6198300123214722, 0.7146900296211243, 0.7662599682807922, 0.7935799956321716, 0.8660399913787842, 0.9112000465393066, 0.9444599747657776, 1.0, 1.0, 1.0, 1.0, 1.0, 1.0]}, {"sid": 176, "pred_cdf": [0.1788042187690735, 0.25603440403938293, 0.34446096420288086, 0.4541950225830078, 0.5311391353607178, 0.5898834466934204, 0.63132643699646, 0.6648210287094116, 0.7275586128234863, 0.808415412902832, 0.8499082922935486, 0.8842582106590271, 0.9189791679382324, 0.944320797920227, 0.9662171602249146, 0.9846825003623962, 1.0], "true_cdf": [0.22381000220775604, 0.22381000220775604, 0.275270015001297, 0.3440900146961212, 0.4131999909877777, 0.46855998039245605, 0.5101500153541565, 0.5352799892425537, 0.6220500469207764, 0.7789099812507629, 0.8327600359916687, 0.8744499683380127, 0.918690025806427, 0.9455406069755554, 1.0, 1.0, 1.0]}, {"sid": 231, "pred_cdf": [0.04886952415108681, 0.05994128808379173, 0.06724145263433456, 0.12337778508663177, 0.28810739517211914, 0.5964556932449341, 0.7668389081954956, 0.8084204196929932, 0.9221106171607971, 0.9730943441390991, 0.9845202565193176, 0.9913667440414429, 0.9944643974304199, 0.9966229200363159, 0.9980528354644775, 0.9992613196372986, 1.0], "true_cdf": [0.05449000000953674, 0.05449000000953674, 0.09013999998569489, 0.15672999620437622, 0.31481000781059265, 0.6423999667167664, 0.7964499592781067, 0.8388300538063049, 0.9531800150871277, 0.9940299987792969, 1.0, 1.0, 1.0, 1.0, 1.0, 1.0, 1.0]}, {"sid": 234, "pred_cdf": [0.028646210208535194, 0.04912777990102768, 0.06827706843614578, 0.19072678685188293, 0.4492810368537903, 0.6946749091148376, 0.8102807998657227, 0.8416669368743896, 0.9244837760925293, 0.9672929644584656, 0.9799082279205322, 0.9879159331321716, 0.9918139576911926, 0.9947044849395752, 0.9970816373825073, 0.9988287687301636, 1.0], "true_cdf": [0.016429999843239784, 0.016429999843239784, 0.016429999843239784, 0.10057000070810318, 0.4088600277900696, 0.7197699546813965, 0.7993099689483643, 0.8301999568939209, 0.8814700245857239, 0.9230899810791016, 0.9769099950790405, 0.9769099950790405, 1.0, 1.0, 1.0, 1.0, 1.0]}, {"sid": 193, "pred_cdf": [0.18940216302871704, 0.24406446516513824, 0.3263152241706848, 0.4739014506340027, 0.588345468044281, 0.6666104793548584, 0.7153573036193848, 0.7449259757995605, 0.8121556639671326, 0.8739649653434753, 0.9070037603378296, 0.9326510429382324, 0.9548424482345581, 0.9688263535499573, 0.981062650680542, 0.9922017455101013, 1.0], "true_cdf": [0.17069999873638153, 0.17069999873638153, 0.2858400046825409, 0.44071999192237854, 0.5831300020217896, 0.6773999929428101, 0.7322799563407898, 0.7592199444770813, 0.844730019569397, 0.9621299505233765, 1.0, 1.0, 1.0, 1.0, 1.0, 1.0, 1.0]}, {"sid": 168, "pred_cdf": [0.7525753378868103, 0.7788811922073364, 0.8292664885520935, 0.8729372024536133, 0.896550178527832, 0.914359450340271, 0.9244910478591919, 0.9299794435501099, 0.95151686668396, 0.9773219227790833, 0.9849964380264282, 0.9898199439048767, 0.9936642050743103, 0.9965612888336182, 0.9979817271232605, 0.9991562366485596, 0.9999998211860657], "true_cdf": [0.7403600215911865, 0.7403600215911865, 0.7925199866294861, 0.8399500250816345, 0.8763099908828735, 0.9100300073623657, 0.9358499646186829, 0.9474400281906128, 0.9795899987220764, 0.9973800182342529, 1.0, 1.0, 1.0, 1.0, 1.0, 1.0, 1.0]}, {"sid": 219, "pred_cdf": [0.04296458512544632, 0.084124356508255, 0.1595686376094818, 0.4832201898097992, 0.7464770674705505, 0.8676692843437195, 0.9115807414054871, 0.9255284070968628, 0.9566393494606018, 0.9761273264884949, 0.984251081943512, 0.9896657466888428, 0.9927385449409485, 0.9949968457221985, 0.9972828030586243, 0.9989290237426758, 1.0], "true_cdf": [0.04968999698758125, 0.04968999698758125, 0.1322999894618988, 0.5259799957275391, 0.7931700348854065, 0.8628700375556946, 0.8848100304603577, 0.8925599455833435, 0.9196600317955017, 0.9483500123023987, 0.9711599946022034, 0.9821799993515015, 1.0, 1.0, 1.0, 1.0, 1.0]}, {"sid": 211, "pred_cdf": [0.22398430109024048, 0.2718634009361267, 0.40531831979751587, 0.6937310695648193, 0.8459629416465759, 0.9050379991531372, 0.9261412620544434, 0.9358522295951843, 0.9565731883049011, 0.971879780292511, 0.9794337749481201, 0.9858826994895935, 0.9907206296920776, 0.9938618540763855, 0.9965479373931885, 0.9987024068832397, 1.0], "true_cdf": [0.19780999422073364, 0.19780999422073364, 0.3982899785041809, 0.7858799695968628, 0.9698699712753296, 0.9948199987411499, 0.9970500469207764, 0.9979400038719177, 0.9983899593353271, 1.0, 1.0, 1.0, 1.0, 1.0, 1.0, 1.0, 1.0]}, {"sid": 277, "pred_cdf": [0.20915570855140686, 0.288277804851532, 0.4373437762260437, 0.6121690273284912, 0.6996981501579285, 0.7574121356010437, 0.7865909337997437, 0.806918740272522, 0.855396032333374, 0.9030910730361938, 0.9287934303283691, 0.9482897520065308, 0.9654788970947266, 0.9767292141914368, 0.9858734011650085, 0.9937939643859863, 1.0], "true_cdf": [0.3308500051498413, 0.3308500051498413, 0.4747700095176697, 0.6038100123405457, 0.6990899443626404, 0.7634100317955017, 0.7975800037384033, 0.8172799944877625, 0.8667299747467041, 0.9214399456977844, 0.9479699730873108, 0.9669100046157837, 1.0, 1.0, 1.0, 1.0, 1.0]}, {"sid": 279,