{"bin_x_log10": [-1.3010300397872925, -1.0969101190567017, -0.7958800196647644, -0.5016894936561584, -0.20065946877002716, 0.0969100147485733, 0.3010300099849701, 0.3979400396347046, 0.6989700198173523, 1.0, 1.1461280584335327, 1.3010300397872925, 1.4471580982208252, 1.4983106851577759, 1.602060079574585, 1.7481880187988281, 1.903090000152588], "predictions": [{"sid": 189, "pred_cdf": [0.07812019437551498, 0.12312040477991104, 0.16948197782039642, 0.2576366066932678, 0.36184707283973694, 0.46655264496803284, 0.5448763370513916, 0.5978089570999146, 0.7041304707527161, 0.7953159213066101, 0.8441242575645447, 0.8890026211738586, 0.9179741740226746, 0.9426840543746948, 0.964235246181488, 0.9833287596702576, 1.0], "true_cdf": [0.09945999830961227, 0.09945999830961227, 0.1720000058412552, 0.30250999331474304, 0.43870997428894043, 0.49035000801086426, 0.5324699878692627, 0.5644699931144714, 0.6617099642753601, 0.7382499575614929, 0.7956500053405762, 0.862529993057251, 0.9199299812316895, 0.9463711380958557, 1.0, 1.0, 1.0]}, {"sid": 289, "pred_cdf": [0.21795544028282166, 0.27688664197921753, 0.389352947473526, 0.5097914338111877, 0.6104292273521423, 0.6751606464385986, 0.7128646969795227, 0.7444164156913757, 0.8055509328842163, 0.8641627430915833, 0.8994841575622559, 0.9297113418579102, 0.9480657577514648, 0.9634163975715637, 0.9798036217689514, 0.9900311231613159, 0.9999999403953552], "true_cdf": [0.5021399855613708, 0.5021399855613708, 0.6012899875640869, 0.6812100410461426, 0.7500100135803223, 0.7948600053787231, 0.8208299875259399, 0.8359999656677246, 0.8747899532318115, 0.9591999650001526, 0.9789000153541565, 0.985770046710968, 1.0, 1.0, 1.0, 1.0, 1.0]}, {"sid": 172, "pred_cdf": [0.5304573774337769, 0.5923632383346558, 0.7368434071540833, 0.8126415610313416, 0.8540927767753601, 0.8760493397712708, 0.8901827931404114, 0.9007232189178467, 0.9241868257522583, 0.9505491256713867, 0.9660472273826599, 0.9759311079978943, 0.9830446243286133, 0.988470196723938, 0.9943057298660278, 0.9971972703933716, 1.0], "true_cdf": [0.626990020275116, 0.626990020275116, 0.7318699359893799, 0.8058100342750549, 0.8491899967193604, 0.873710036277771, 0.8880500197410583, 0.8955900073051453, 0.920490026473999, 0.945360004901886, 0.954479992389679, 0.9787200093269348, 1.0, 1.0, 1.0, 1.0, 1.0]}, {"sid": 203, "pred_cdf": [0.16363991796970367, 0.1940523236989975, 0.6102064847946167, 0.8854107856750488, 0.959530770778656, 0.9709643721580505, 0.9753884673118591, 0.9790564775466919, 0.9834665060043335, 0.9884471893310547, 0.9923997521400452, 0.9945173263549805, 0.9960526823997498, 0.99720299243927, 0.9985439777374268, 0.9992275238037109, 1.0], "true_cdf": [0.21884000301361084, 0.21884000301361084, 0.5410000085830688, 0.8689800500869751, 0.985319972038269, 1.0, 1.0, 1.0, 1.0, 1.0, 1.0, 1.0, 1.0, 1.0, 1.0, 1.0, 1.0]}, {"sid": 179, "pred_cdf": [0.31641289591789246, 0.3797895014286041, 0.7846797704696655, 0.9050689339637756, 0.9341981410980225, 0.9425559639930725, 0.9482884407043457, 0.95244961977005, 0.9610623121261597, 0.9722544550895691, 0.9809728860855103, 0.9859168529510498, 0.9898595213890076, 0.9933355450630188, 0.9964198470115662, 0.9983158707618713, 1.0], "true_cdf": [0.2910796105861664, 0.4842499792575836, 0.792460024356842, 0.959850013256073, 0.9950599670410156, 0.995680034160614, 0.995680034160614, 0.9962899684906006, 1.0, 1.0, 1.0, 1.0, 1.0, 1.0, 1.0, 1.0, 1.0]}, {"sid": 202, "pred_cdf": [0.2153242826461792, 0.2935757339000702, 0.45208844542503357, 0.5694938898086548, 0.6413378715515137, 0.6806362867355347, 0.7078128457069397, 0.7336969971656799, 0.7777463793754578, 0.8280061483383179, 0.8677695989608765, 0.9009813070297241, 0.9255132675170898, 0.9478179216384888, 0.9700639247894287, 0.9844700694084167, 0.9999999403953552], "true_cdf": [0.30351001024246216, 0.30351001024246216, 0.4102799892425537, 0.5112900137901306, 0.5672000050544739, 0.594789981842041, 0.6094200015068054, 0.617579996585846, 0.6382099986076355, 0.6558200120925903, 0.6648300290107727, 0.6708799600601196, 0.7059600353240967, 0.724779486656189, 0.7629500031471252, 1.0, 1.0]}, {"sid": 266, "pred_cdf": [0.22052183747291565, 0.24983961880207062, 0.8254189491271973, 0.9686998724937439, 0.9881418347358704, 0.9910646080970764, 0.992298424243927, 0.9930912852287292, 0.9945046305656433, 0.9963136911392212, 0.9977777600288391, 0.9984037280082703, 0.9989003539085388, 0.9992845058441162, 0.9996408224105835, 0.9998308420181274, 0.9999999403953552], "true_cdf": [0.16061170399188995, 0.30476999282836914, 0.7801100015640259, 1.0, 1.0, 1.0, 1.0, 1.0, 1.0, 1.0, 1.0, 1.0, 1.0, 1.0, 1.0, 1.0, 1.0]}, {"sid": 177, "pred_cdf": [0.12444796413183212, 0.18694180250167847, 0.26172876358032227, 0.34676027297973633, 0.42026016116142273, 0.4747238755226135, 0.520493745803833, 0.5615812540054321, 0.6488490104675293, 0.7326546311378479, 0.7918407917022705, 0.8477102518081665, 0.8867800831794739, 0.9220684766769409, 0.9532475471496582, 0.9773399233818054, 0.9999999403953552], "true_cdf": [0.10862390697002411, 0.16228000819683075, 0.24849000573158264, 0.31856000423431396, 0.37480998039245605, 0.4236699938774109, 0.4633200168609619, 0.4882199764251709, 0.5656700134277344, 0.6571199893951416, 0.7260900139808655, 0.7996900081634521, 0.9153800010681152, 0.9433236718177795, 1.0, 1.0, 1.0]}, {"sid": 285, "pred_cdf": [0.28363537788391113, 0.3614048957824707, 0.5941129922866821, 0.7306753993034363, 0.8008495569229126, 0.8338642120361328, 0.8509783744812012, 0.8657870292663574, 0.8929855823516846, 0.9252660870552063, 0.9468905925750732, 0.9615093469619751, 0.9718829989433289, 0.9806867837905884, 0.9898703694343567, 0.9949213862419128, 1.0], "true_cdf": [0.23701700568199158, 0.3009699881076813, 0.4607899785041809, 0.6177600026130676, 0.7374199628829956, 0.8071900010108948, 0.8445099592208862, 0.8615400195121765, 0.9061599969863892, 0.9525700211524963, 0.9644500017166138, 0.9723399877548218, 1.0, 1.0, 1.0, 1.0, 1.0]}, {"sid": 294, "pred_cdf": [0.1789962649345398, 0.2515154778957367, 0.3777969181537628, 0.49498212337493896, 0.5850805044174194, 0.6436759233474731, 0.6778125166893005, 0.7088032960891724, 0.7684495449066162, 0.8314077258110046, 0.8723971843719482, 0.9081975817680359, 0.9313117265701294, 0.9523204565048218, 0.9727315902709961, 0.9868431687355042, 0.9999999403953552], "true_cdf": [0.27952998876571655, 0.27952998876571655, 0.3924899995326996, 0.5180500149726868, 0.5917999744415283, 0.6396499872207642, 0.6720200181007385, 0.6907299757003784, 0.7439700365066528, 0.8371700048446655, 0.8987699747085571, 0.9530400037765503, 1.0, 1.0, 1.0, 1.0, 1.0]}, {"sid": 206, "pred_cdf": [0.11626359075307846, 0.15580524504184723, 0.24800382554531097, 0.4309619069099426, 0.6102412939071655, 0.7253590822219849, 0.7826143503189087, 0.8175525665283203, 0.877172589302063, 0.9203492403030396, 0.9432264566421509, 0.9599559903144836, 0.9709640145301819, 0.9791907072067261, 0.9873887896537781, 0.9938551187515259, 1.0], "true_cdf": [0.1810300052165985, 0.1810300052165985, 0.29168999195098877, 0.4319800138473511, 0.5750499963760376, 0.7259799838066101, 0.8292299509048462, 0.8917400240898132, 0.9500800371170044, 0.9932399988174438, 0.9953800439834595, 1.0, 1.0, 1.0, 1.0, 1.0, 1.0]}, {"sid": 216, "pred_cdf": [0.38395223021507263, 0.4387679398059845, 0.647404670715332, 0.7954835891723633, 0.8641216158866882, 0.8882566094398499, 0.9021971821784973, 0.9133433699607849, 0.9329249858856201, 0.9548307061195374, 0.9688836336135864, 0.9778486490249634, 0.9842923283576965, 0.9890384674072266, 0.994542121887207, 0.9970861673355103, 1.0], "true_cdf": [0.2946600019931793, 0.2946600019931793, 0.4281800091266632, 0.5879200100898743, 0.7375199794769287, 0.8329399824142456, 0.8717400431632996, 0.8916699886322021, 0.9378100037574768, 0.975059986114502, 0.9842099547386169, 1.0, 1.0, 1.0, 1.0, 1.0, 1.0]}, {"sid": 228,