{"bin_x_log10": [-1.3010300397872925, -1.0969101190567017, -0.7958800196647644, -0.5016894936561584, -0.20065946877002716, 0.0969100147485733, 0.3010300099849701, 0.3979400396347046, 0.6989700198173523, 1.0, 1.1461280584335327, 1.3010300397872925, 1.4471580982208252, 1.4983106851577759, 1.602060079574585, 1.7481880187988281, 1.903090000152588], "predictions": [{"sid": 184, "pred_cdf": [0.10601069033145905, 0.1266140192747116, 0.17272323369979858, 0.30845096707344055, 0.4834023714065552, 0.6433849930763245, 0.7278407216072083, 0.7686917781829834, 0.8668094277381897, 0.9388007521629333, 0.9701894521713257, 0.9860266447067261, 0.9916266202926636, 0.9956437945365906, 0.9978800415992737, 0.9991999268531799, 1.0], "true_cdf": [0.06752000004053116, 0.06752000004053116, 0.10326000303030014, 0.18702998757362366, 0.5441100001335144, 0.6748100519180298, 0.7618200182914734, 0.7950399518013, 0.8726699948310852, 0.9305499792098999, 0.9598600268363953, 1.0, 1.0, 1.0, 1.0, 1.0, 1.0]}, {"sid": 215, "pred_cdf": [0.11898854374885559, 0.13617941737174988, 0.16964010894298553, 0.2648131251335144, 0.40442439913749695, 0.5559988021850586, 0.6541618704795837, 0.7014839053153992, 0.8308281898498535, 0.9253794550895691, 0.9629104137420654, 0.9820464253425598, 0.9895516633987427, 0.9943694472312927, 0.9971956610679626, 0.9990183711051941, 1.0], "true_cdf": [0.06041000038385391, 0.06041000038385391, 0.09020999819040298, 0.13738000392913818, 0.19614000618457794, 0.28758999705314636, 0.4315899908542633, 0.5230399966239929, 0.7489700317382812, 0.9419800043106079, 0.9835399389266968, 1.0, 1.0, 1.0, 1.0, 1.0, 1.0]}, {"sid": 240, "pred_cdf": [0.23485448956489563, 0.3578326106071472, 0.5272432565689087, 0.6753882169723511, 0.7517154812812805, 0.792779266834259, 0.8063103556632996, 0.8142675161361694, 0.8483483791351318, 0.9052993059158325, 0.9302949905395508, 0.9503924250602722, 0.9690386056900024, 0.9810400605201721, 0.9905133843421936, 0.9964434504508972, 1.0], "true_cdf": [0.2917778789997101, 0.40015000104904175, 0.533079981803894, 0.6541699767112732, 0.7342000007629395, 0.7916100025177002, 0.8264099955558777, 0.8424099683761597, 0.8876500129699707, 0.9302499890327454, 0.9448599815368652, 0.9585800170898438, 1.0, 1.0, 1.0, 1.0, 1.0]}, {"sid": 307, "pred_cdf": [0.06617313623428345, 0.09329861402511597, 0.6439899206161499, 0.9514018297195435, 0.9933053851127625, 0.997820258140564, 0.9981096386909485, 0.9981856942176819, 0.9986242651939392, 0.9995020627975464, 0.9996550679206848, 0.9997704029083252, 0.9998493194580078, 0.9999170303344727, 0.9999617338180542, 0.9999821186065674, 0.9999999403953552], "true_cdf": [0.09569999575614929, 0.09569999575614929, 0.7791000604629517, 0.9901999831199646, 1.0, 1.0, 1.0, 1.0, 1.0, 1.0, 1.0, 1.0, 1.0, 1.0, 1.0, 1.0, 1.0]}, {"sid": 241, "pred_cdf": [0.39239203929901123, 0.45981812477111816, 0.5280801653862, 0.6108801364898682, 0.6822841167449951, 0.7373703718185425, 0.7600384950637817, 0.7719749808311462, 0.8360202312469482, 0.9306736588478088, 0.9581975936889648, 0.9747217893600464, 0.986044704914093, 0.9922558665275574, 0.9963448643684387, 0.9989116191864014, 1.0], "true_cdf": [0.3024180233478546, 0.3854999840259552, 0.5078099966049194, 0.6149700284004211, 0.6838899850845337, 0.7251699566841125, 0.7486499547958374, 0.758870005607605, 0.7940899729728699, 0.8372099995613098, 0.8527899980545044, 0.9000700116157532, 0.9137699604034424, 0.9422453045845032, 1.0, 1.0, 1.0]}, {"sid": 291, "pred_cdf": [0.3503827154636383, 0.43821659684181213, 0.5519770979881287, 0.6708812117576599, 0.7468993663787842, 0.7934706807136536, 0.8078257441520691, 0.8157815337181091, 0.8533061742782593, 0.915052592754364, 0.9377366900444031, 0.9558889269828796, 0.9732933044433594, 0.9835178852081299, 0.9923036098480225, 0.9973106384277344, 0.9999999403953552], "true_cdf": [0.4281800091266632, 0.4281800091266632, 0.5927900075912476, 0.7163200378417969, 0.7758300304412842, 0.8039700388908386, 0.817870020866394, 0.8266000151634216, 0.8505300283432007, 0.8819200396537781, 0.8893200159072876, 0.9154000282287598, 0.9580000042915344, 0.9718694090843201, 1.0, 1.0, 1.0]}, {"sid": 297, "pred_cdf": [0.22025014460086823, 0.31887519359588623, 0.5158634185791016, 0.7016715407371521, 0.7912337779998779, 0.8350448608398438, 0.8475663065910339, 0.8544325232505798, 0.882684051990509, 0.9290820956230164, 0.9476253986358643, 0.9632705450057983, 0.9769556522369385, 0.9856968522071838, 0.992879331111908, 0.997215986251831, 1.0], "true_cdf": [0.39650002121925354, 0.39650002121925354, 0.6078799962997437, 0.745389997959137, 0.8086000084877014, 0.8360999822616577, 0.852109968662262, 0.860729992389679, 0.8833000063896179, 0.9150599837303162, 0.9195300340652466, 0.9345300197601318, 1.0, 1.0, 1.0, 1.0, 1.0]}, {"sid": 221, "pred_cdf": [0.03804465010762215, 0.04596998915076256, 0.12571090459823608, 0.5646445155143738, 0.8711444735527039, 0.9563792943954468, 0.9703305959701538, 0.9754464030265808, 0.9861476421356201, 0.9954172372817993, 0.9979638457298279, 0.9990956783294678, 0.99944007396698, 0.9997243881225586, 0.9998641014099121, 0.9999407529830933, 1.0], "true_cdf": [0.06306000053882599, 0.06306000053882599, 0.16052000224590302, 0.5681399703025818, 0.8347299695014954, 0.9184300303459167, 0.9470999836921692, 0.9556900262832642, 0.9734699726104736, 0.9823499917984009, 0.9850199818611145, 0.9850199818611145, 1.0, 1.0, 1.0, 1.0, 1.0]}, {"sid": 175, "pred_cdf": [0.7848464846611023, 0.8245669007301331, 0.8469701409339905, 0.8719030022621155, 0.90254807472229, 0.9260106086730957, 0.9323645234107971, 0.9346370697021484, 0.9555570483207703, 0.9886717200279236, 0.9936119914054871, 0.99635910987854, 0.998052179813385, 0.9989606738090515, 0.9995905160903931, 0.9998987317085266, 1.0], "true_cdf": [0.8425300121307373, 0.8425300121307373, 0.8912100195884705, 0.9155499935150146, 0.9322400093078613, 0.9447599649429321, 0.9541500210762024, 0.9590100049972534, 0.970490038394928, 0.9870400428771973, 1.0, 1.0, 1.0, 1.0, 1.0, 1.0, 1.0]}, {"sid": 303, "pred_cdf": [0.5570685267448425, 0.6593316793441772, 0.873961329460144, 0.9581888318061829, 0.9837490916252136, 0.9913182258605957, 0.9921831488609314, 0.9923990368843079, 0.99444979429245, 0.9987421035766602, 0.9992738366127014, 0.9995899796485901, 0.9997490644454956, 0.9998727440834045, 0.9999479055404663, 0.9999850988388062, 1.0], "true_cdf": [0.5595999956130981, 0.5595999956130981, 0.9276000261306763, 0.9736000299453735, 1.0, 1.0, 1.0, 1.0, 1.0, 1.0, 1.0, 1.0, 1.0, 1.0, 1.0, 1.0, 1.0]}, {"sid": 187, "pred_cdf": [0.13240081071853638, 0.1567666381597519, 0.17993207275867462, 0.2260298877954483, 0.29757893085479736, 0.39256104826927185, 0.46643614768981934, 0.5047112107276917, 0.6686016321182251, 0.8440821170806885, 0.9107157588005066, 0.9524606466293335, 0.9776312708854675, 0.9882079362869263, 0.9949360489845276, 0.9986637234687805, 1.0], "true_cdf": [0.0757099986076355, 0.0757099986076355, 0.10226999968290329, 0.13122999668121338, 0.17080999910831451, 0.23642000555992126, 0.31053000688552856, 0.3583499789237976, 0.5365899801254272, 0.8123000264167786, 0.92044997215271, 1.0, 1.0, 1.0, 1.0, 1.0, 1.0]}, {"sid": 287, "pred_cdf": [0.02774508111178875, 0.03535275161266327, 0.05376476049423218, 0.22347523272037506, 0.5394618511199951, 0.7702296376228333, 0.8401098847389221, 0.8726722598075867, 0.9310371279716492, 0.9727064967155457, 0.9893699288368225, 0.9956908226013184, 0.9974423050880432, 0.9988527297973633, 0.9994654059410095, 0.999784529209137, 1.0], "true_cdf": [0.03279000148177147, 0.03279000148177147, 0.07238999754190445, 0.27549999952316284, 0.6084799766540527, 0.7609200477600098, 0.8328800201416016, 0.8601300120353699, 0.9044100046157837, 0.9246700406074524, 0.9246700406074524, 0.9416800141334534, 1.0, 1.0, 1.0, 1.0, 1.0]}, {"sid": 227,