{"bin_x_log10": [-1.3010300397872925, -1.0969101190567017, -0.7958800196647644, -0.5016894936561584, -0.20065946877002716, 0.0969100147485733, 0.3010300099849701, 0.3979400396347046, 0.6989700198173523, 1.0, 1.1461280584335327, 1.3010300397872925, 1.4471580982208252, 1.4983106851577759, 1.602060079574585, 1.7481880187988281, 1.903090000152588], "predictions": [{"sid": 189, "pred_cdf": [0.0889144241809845, 0.12128207832574844, 0.16765877604484558, 0.2529304623603821, 0.36731696128845215, 0.44631820917129517, 0.5012607574462891, 0.5386994481086731, 0.6415674686431885, 0.759617805480957, 0.8322232961654663, 0.8858447074890137, 0.932580292224884, 0.9571387767791748, 0.9824442267417908, 0.9928846955299377, 1.0], "true_cdf": [0.09945999830961227, 0.09945999830961227, 0.1720000058412552, 0.30250999331474304, 0.43870997428894043, 0.49035000801086426, 0.5324699878692627, 0.5644699931144714, 0.6617099642753601, 0.7382499575614929, 0.7956500053405762, 0.862529993057251, 0.9199299812316895, 0.9463711380958557, 1.0, 1.0, 1.0]}, {"sid": 289, "pred_cdf": [0.21985815465450287, 0.27118587493896484, 0.35260987281799316, 0.44398850202560425, 0.5324709415435791, 0.5995844602584839, 0.6399292945861816, 0.6693350076675415, 0.7449735403060913, 0.8442091941833496, 0.8871257901191711, 0.9227632880210876, 0.9559350609779358, 0.9728926420211792, 0.9876077771186829, 0.9948644638061523, 1.0], "true_cdf": [0.5021399855613708, 0.5021399855613708, 0.6012899875640869, 0.6812100410461426, 0.7500100135803223, 0.7948600053787231, 0.8208299875259399, 0.8359999656677246, 0.8747899532318115, 0.9591999650001526, 0.9789000153541565, 0.985770046710968, 1.0, 1.0, 1.0, 1.0, 1.0]}, {"sid": 172, "pred_cdf": [0.5729350447654724, 0.6645915508270264, 0.7554152011871338, 0.8054026961326599, 0.8406738638877869, 0.8670410513877869, 0.8784647583961487, 0.8873005509376526, 0.914044976234436, 0.9510446786880493, 0.9651752710342407, 0.9783651232719421, 0.9896392822265625, 0.994145393371582, 0.9981202483177185, 0.9991739392280579, 0.9999998807907104], "true_cdf": [0.626990020275116, 0.626990020275116, 0.7318699359893799, 0.8058100342750549, 0.8491899967193604, 0.873710036277771, 0.8880500197410583, 0.8955900073051453, 0.920490026473999, 0.945360004901886, 0.954479992389679, 0.9787200093269348, 1.0, 1.0, 1.0, 1.0, 1.0]}, {"sid": 203, "pred_cdf": [0.2125750035047531, 0.24297656118869781, 0.5638039112091064, 0.8492393493652344, 0.9489985704421997, 0.9660418033599854, 0.9705416560173035, 0.9732747673988342, 0.9803901314735413, 0.9870776534080505, 0.9917694926261902, 0.9946550130844116, 0.9971032738685608, 0.9982612133026123, 0.9994029402732849, 0.9997652173042297, 0.9999999403953552], "true_cdf": [0.21884000301361084, 0.21884000301361084, 0.5410000085830688, 0.8689800500869751, 0.985319972038269, 1.0, 1.0, 1.0, 1.0, 1.0, 1.0, 1.0, 1.0, 1.0, 1.0, 1.0, 1.0]}, {"sid": 179, "pred_cdf": [0.3567102253437042, 0.4712909758090973, 0.8183870911598206, 0.9219481348991394, 0.9460768699645996, 0.9524201154708862, 0.9543183445930481, 0.9554017782211304, 0.959904134273529, 0.9663493037223816, 0.9724676012992859, 0.9792544841766357, 0.9904115200042725, 0.9941728115081787, 0.9985271096229553, 0.9993799328804016, 1.0], "true_cdf": [0.2910796105861664, 0.4842499792575836, 0.792460024356842, 0.959850013256073, 0.9950599670410156, 0.995680034160614, 0.995680034160614, 0.9962899684906006, 1.0, 1.0, 1.0, 1.0, 1.0, 1.0, 1.0, 1.0, 1.0]}, {"sid": 202, "pred_cdf": [0.24377764761447906, 0.3182445168495178, 0.4355872571468353, 0.5217036008834839, 0.5770261883735657, 0.6073006987571716, 0.6253571510314941, 0.6387331485748291, 0.6757736206054688, 0.725523829460144, 0.7672420740127563, 0.8135581016540527, 0.8966091275215149, 0.9299913644790649, 0.9721964001655579, 0.988434374332428, 1.0], "true_cdf": [0.30351001024246216, 0.30351001024246216, 0.4102799892425537, 0.5112900137901306, 0.5672000050544739, 0.594789981842041, 0.6094200015068054, 0.617579996585846, 0.6382099986076355, 0.6558200120925903, 0.6648300290107727, 0.6708799600601196, 0.7059600353240967, 0.724779486656189, 0.7629500031471252, 1.0, 1.0]}, {"sid": 266, "pred_cdf": [0.25232696533203125, 0.35747021436691284, 0.8602298498153687, 0.9722161889076233, 0.9893472790718079, 0.9925612211227417, 0.993013322353363, 0.9932677745819092, 0.9943822622299194, 0.9962756633758545, 0.9975138902664185, 0.9985179901123047, 0.9993718266487122, 0.9996790885925293, 0.999931275844574, 0.9999696016311646, 0.9999998807907104], "true_cdf": [0.16061170399188995, 0.30476999282836914, 0.7801100015640259, 1.0, 1.0, 1.0, 1.0, 1.0, 1.0, 1.0, 1.0, 1.0, 1.0, 1.0, 1.0, 1.0, 1.0]}, {"sid": 177, "pred_cdf": [0.11580042541027069, 0.16564908623695374, 0.23094981908798218, 0.30445295572280884, 0.3674939274787903, 0.4048493206501007, 0.4351268708705902, 0.4577014148235321, 0.5212711095809937, 0.6071560382843018, 0.6741556525230408, 0.7400503158569336, 0.8451929092407227, 0.8926606178283691, 0.9520847797393799, 0.9802905321121216, 1.0], "true_cdf": [0.10862390697002411, 0.16228000819683075, 0.24849000573158264, 0.31856000423431396, 0.37480998039245605, 0.4236699938774109, 0.4633200168609619, 0.4882199764251709, 0.5656700134277344, 0.6571199893951416, 0.7260900139808655, 0.7996900081634521, 0.9153800010681152, 0.9433236718177795, 1.0, 1.0, 1.0]}, {"sid": 285, "pred_cdf": [0.33488717675209045, 0.42155808210372925, 0.5568594932556152, 0.6624484062194824, 0.7410188913345337, 0.7915722131729126, 0.8119731545448303, 0.8270879983901978, 0.8691080212593079, 0.9273704886436462, 0.9511934518814087, 0.9700032472610474, 0.984708845615387, 0.9911914467811584, 0.9968589544296265, 0.9985962510108948, 1.0], "true_cdf": [0.23701700568199158, 0.3009699881076813, 0.4607899785041809, 0.6177600026130676, 0.7374199628829956, 0.8071900010108948, 0.8445099592208862, 0.8615400195121765, 0.9061599969863892, 0.9525700211524963, 0.9644500017166138, 0.9723399877548218, 1.0, 1.0, 1.0, 1.0, 1.0]}, {"sid": 294, "pred_cdf": [0.1842573881149292, 0.2475583851337433, 0.3277270793914795, 0.4166412949562073, 0.5005091428756714, 0.5620636343955994, 0.5994870662689209, 0.6281644105911255, 0.7030351758003235, 0.8078526854515076, 0.857678234577179, 0.9012883901596069, 0.9434592723846436, 0.9647526144981384, 0.9843065142631531, 0.993337869644165, 1.0], "true_cdf": [0.27952998876571655, 0.27952998876571655, 0.3924899995326996, 0.5180500149726868, 0.5917999744415283, 0.6396499872207642, 0.6720200181007385, 0.6907299757003784, 0.7439700365066528, 0.8371700048446655, 0.8987699747085571, 0.9530400037765503, 1.0, 1.0, 1.0, 1.0, 1.0]}, {"sid": 206, "pred_cdf": [0.14951589703559875, 0.17544665932655334, 0.2400398850440979, 0.3863294720649719, 0.588112473487854, 0.7063375115394592, 0.7636110782623291, 0.8011695146560669, 0.8768872022628784, 0.9302133321762085, 0.9618381857872009, 0.9789530038833618, 0.9869785904884338, 0.992070734500885, 0.9970085024833679, 0.9986934065818787, 1.0], "true_cdf": [0.1810300052165985, 0.1810300052165985, 0.29168999195098877, 0.4319800138473511, 0.5750499963760376, 0.7259799838066101, 0.8292299509048462, 0.8917400240898132, 0.9500800371170044, 0.9932399988174438, 0.9953800439834595, 1.0, 1.0, 1.0, 1.0, 1.0, 1.0]}, {"sid": 216, "pred_cdf": [0.36769768595695496, 0.4377624988555908, 0.5992515683174133, 0.7208393812179565, 0.7853204607963562, 0.8160121440887451, 0.8323308229446411, 0.8438506126403809, 0.8777297139167786, 0.9209300875663757, 0.9419592022895813, 0.9592919945716858, 0.9787732362747192, 0.9870824813842773, 0.9949151873588562, 0.9979271292686462, 1.0], "true_cdf": [0.2946600019931793, 0.2946600019931793, 0.4281800091266632, 0.5879200100898743, 0.7375199794769287, 0.8329399824142456, 0.8717400431632996, 0.8916699886322021, 0.9378100037574768, 0.975059986114502, 0.9842099547386169, 1.0, 1.0, 1.0, 1.0, 1.0, 1.0]}, {"sid": 228,