{"bin_x_log10": [-1.3010300397872925, -1.0969101190567017, -0.7958800196647644, -0.5016894936561584, -0.20065946877002716, 0.0969100147485733, 0.3010300099849701, 0.3979400396347046, 0.6989700198173523, 1.0, 1.1461280584335327, 1.3010300397872925, 1.4471580982208252, 1.4983106851577759, 1.602060079574585, 1.7481880187988281, 1.903090000152588], "predictions": [{"sid": 191, "pred_cdf": [0.05603386461734772, 0.07238241285085678, 0.08760436624288559, 0.1611374467611313, 0.3175085484981537, 0.5183597803115845, 0.6359990239143372, 0.6985756158828735, 0.8202812671661377, 0.9068545699119568, 0.9395008087158203, 0.9607033133506775, 0.9739532470703125, 0.9837716817855835, 0.991104006767273, 0.9962277412414551, 1.0], "true_cdf": [0.06860999763011932, 0.06860999763011932, 0.12729999423027039, 0.22410999238491058, 0.38457000255584717, 0.5557000041007996, 0.6631799936294556, 0.7142600417137146, 0.8366000652313232, 0.9385600090026855, 0.969539999961853, 0.9873200058937073, 1.0, 1.0, 1.0, 1.0, 1.0]}, {"sid": 286, "pred_cdf": [0.03013608604669571, 0.05161825567483902, 0.13364636898040771, 0.6810610294342041, 0.923638105392456, 0.9834747314453125, 0.9907702803611755, 0.9927774667739868, 0.99711674451828, 0.9986733198165894, 0.999103844165802, 0.9993588328361511, 0.9996074438095093, 0.999744713306427, 0.9998281598091125, 0.9999547004699707, 1.0], "true_cdf": [0.03268999978899956, 0.03268999978899956, 0.0985499918460846, 0.5195800065994263, 0.965969979763031, 0.977679967880249, 0.977679967880249, 0.977679967880249, 0.977679967880249, 0.9836599826812744, 0.9871099591255188, 1.0, 1.0, 1.0, 1.0, 1.0, 1.0]}, {"sid": 214, "pred_cdf": [0.1357356607913971, 0.1911657452583313, 0.26068148016929626, 0.39008450508117676, 0.5046933889389038, 0.5718160271644592, 0.6133756637573242, 0.6501968502998352, 0.7038784027099609, 0.7667772173881531, 0.8121111392974854, 0.8579654693603516, 0.8971636295318604, 0.9316227436065674, 0.9573814868927002, 0.9814665913581848, 1.0], "true_cdf": [0.16741999983787537, 0.16741999983787537, 0.24132999777793884, 0.34007999300956726, 0.4506100118160248, 0.5578600168228149, 0.6258800029754639, 0.6572699546813965, 0.7520999908447266, 0.8569599986076355, 0.9546900391578674, 1.0, 1.0, 1.0, 1.0, 1.0, 1.0]}, {"sid": 209, "pred_cdf": [0.16249340772628784, 0.22921136021614075, 0.3179160952568054, 0.4834076166152954, 0.6161744594573975, 0.6946465373039246, 0.7332896590232849, 0.7650323510169983, 0.8174798488616943, 0.8689171075820923, 0.8988511562347412, 0.9241282939910889, 0.9453215599060059, 0.9632269144058228, 0.9766024351119995, 0.9905816912651062, 1.0], "true_cdf": [0.24927999079227448, 0.24927999079227448, 0.3625600039958954, 0.4954899847507477, 0.6198300123214722, 0.7146900296211243, 0.7662599682807922, 0.7935799956321716, 0.8660399913787842, 0.9112000465393066, 0.9444599747657776, 1.0, 1.0, 1.0, 1.0, 1.0, 1.0]}, {"sid": 176, "pred_cdf": [0.1651531457901001, 0.2445235252380371, 0.33360981941223145, 0.43465960025787354, 0.526107668876648, 0.5875855684280396, 0.62531578540802, 0.6606447696685791, 0.7294636964797974, 0.8105615377426147, 0.8515538573265076, 0.8871690630912781, 0.9195497632026672, 0.9446965456008911, 0.964802086353302, 0.9848108291625977, 0.9999999403953552], "true_cdf": [0.22381000220775604, 0.22381000220775604, 0.275270015001297, 0.3440900146961212, 0.4131999909877777, 0.46855998039245605, 0.5101500153541565, 0.5352799892425537, 0.6220500469207764, 0.7789099812507629, 0.8327600359916687, 0.8744499683380127, 0.918690025806427, 0.9455406069755554, 1.0, 1.0, 1.0]}, {"sid": 231, "pred_cdf": [0.04377654939889908, 0.04976801946759224, 0.05557408183813095, 0.12066111713647842, 0.3125590980052948, 0.6430079936981201, 0.7996417284011841, 0.8472295999526978, 0.9405537247657776, 0.979911208152771, 0.9892157316207886, 0.993699312210083, 0.9958722591400146, 0.997572660446167, 0.9986094236373901, 0.9994389414787292, 1.0], "true_cdf": [0.05449000000953674, 0.05449000000953674, 0.09013999998569489, 0.15672999620437622, 0.31481000781059265, 0.6423999667167664, 0.7964499592781067, 0.8388300538063049, 0.9531800150871277, 0.9940299987792969, 1.0, 1.0, 1.0, 1.0, 1.0, 1.0, 1.0]}, {"sid": 234, "pred_cdf": [0.02330225706100464, 0.03537297993898392, 0.04851602017879486, 0.17325618863105774, 0.44969868659973145, 0.7148740291595459, 0.8229556679725647, 0.8630969524383545, 0.9330881834030151, 0.9672117829322815, 0.9778549671173096, 0.9851976633071899, 0.9902530908584595, 0.9942829608917236, 0.9967142343521118, 0.9986554980278015, 1.0], "true_cdf": [0.016429999843239784, 0.016429999843239784, 0.016429999843239784, 0.10057000070810318, 0.4088600277900696, 0.7197699546813965, 0.7993099689483643, 0.8301999568939209, 0.8814700245857239, 0.9230899810791016, 0.9769099950790405, 0.9769099950790405, 1.0, 1.0, 1.0, 1.0, 1.0]}, {"sid": 193, "pred_cdf": [0.17713864147663116, 0.22066162526607513, 0.2846486270427704, 0.4223797619342804, 0.552823543548584, 0.640278160572052, 0.6888863444328308, 0.7266430854797363, 0.78940749168396, 0.8512258529663086, 0.8859092593193054, 0.9171377420425415, 0.9413188099861145, 0.9603585004806519, 0.9758126139640808, 0.9896898865699768, 0.9999999403953552], "true_cdf": [0.17069999873638153, 0.17069999873638153, 0.2858400046825409, 0.44071999192237854, 0.5831300020217896, 0.6773999929428101, 0.7322799563407898, 0.7592199444770813, 0.844730019569397, 0.9621299505233765, 1.0, 1.0, 1.0, 1.0, 1.0, 1.0, 1.0]}, {"sid": 168, "pred_cdf": [0.7995513677597046, 0.8299911618232727, 0.8686434030532837, 0.9012950658798218, 0.9240506291389465, 0.9398619532585144, 0.9471806287765503, 0.9527842402458191, 0.9676673412322998, 0.985393762588501, 0.9901394248008728, 0.9937710762023926, 0.99587082862854, 0.9973557591438293, 0.998399019241333, 0.9994429349899292, 1.0], "true_cdf": [0.7403600215911865, 0.7403600215911865, 0.7925199866294861, 0.8399500250816345, 0.8763099908828735, 0.9100300073623657, 0.9358499646186829, 0.9474400281906128, 0.9795899987220764, 0.9973800182342529, 1.0, 1.0, 1.0, 1.0, 1.0, 1.0, 1.0]}, {"sid": 219, "pred_cdf": [0.03428705409169197, 0.06073126941919327, 0.10883910953998566, 0.4596462845802307, 0.782306432723999, 0.9143689274787903, 0.9460557699203491, 0.958176851272583, 0.9783025979995728, 0.9877356290817261, 0.9910966157913208, 0.993500828742981, 0.9957915544509888, 0.9973258376121521, 0.9983044862747192, 0.9994076490402222, 1.0], "true_cdf": [0.04968999698758125, 0.04968999698758125, 0.1322999894618988, 0.5259799957275391, 0.7931700348854065, 0.8628700375556946, 0.8848100304603577, 0.8925599455833435, 0.9196600317955017, 0.9483500123023987, 0.9711599946022034, 0.9821799993515015, 1.0, 1.0, 1.0, 1.0, 1.0]}, {"sid": 211, "pred_cdf": [0.22863240540027618, 0.26927390694618225, 0.35033395886421204, 0.6182340979576111, 0.7975113987922668, 0.88036048412323, 0.9107509851455688, 0.9270301461219788, 0.9503156542778015, 0.9667568802833557, 0.9749347567558289, 0.9815205931663513, 0.9865748286247253, 0.9906941652297974, 0.9937852621078491, 0.9976072907447815, 0.9999999403953552], "true_cdf": [0.19780999422073364, 0.19780999422073364, 0.3982899785041809, 0.7858799695968628, 0.9698699712753296, 0.9948199987411499, 0.9970500469207764, 0.9979400038719177, 0.9983899593353271, 1.0, 1.0, 1.0, 1.0, 1.0, 1.0, 1.0, 1.0]}, {"sid": 277, "pred_cdf": [0.20252282917499542, 0.2970099151134491, 0.42440730333328247, 0.5872466564178467, 0.6952104568481445, 0.761758029460907, 0.7877090573310852, 0.8115600347518921, 0.8626524806022644, 0.9132723808288574, 0.9360831379890442, 0.9529664516448975, 0.9669731259346008, 0.9782881140708923, 0.9865567684173584, 0.9950499534606934, 0.9999999403953552], "true_cdf": [0.3308500051498413, 0.3308500051498413, 0.4747700095176697, 0.6038100123405457, 0.6990899443626404, 0.7634100317955017, 0.7975800037384033, 0.8172799944877625, 0.8667299747467041, 0.9214399456977844, 0.9479699730873108, 0.9669100046157837, 1.0, 1.0, 1.0, 1.0, 1.0]}, {"sid": 279,