{"bin_x_log10": [-1.3010300397872925, -1.0969101190567017, -0.7958800196647644, -0.5016894936561584, -0.20065946877002716, 0.0969100147485733, 0.3010300099849701, 0.3979400396347046, 0.6989700198173523, 1.0, 1.1461280584335327, 1.3010300397872925, 1.4471580982208252, 1.4983106851577759, 1.602060079574585, 1.7481880187988281, 1.903090000152588], "predictions": [{"sid": 197, "pred_cdf": [0.2899813950061798, 0.37297481298446655, 0.5013094544410706, 0.6117969751358032, 0.6887041926383972, 0.7305824756622314, 0.7642812132835388, 0.7969187498092651, 0.8383206129074097, 0.8929258584976196, 0.9203690886497498, 0.9390280246734619, 0.9559779763221741, 0.9695949554443359, 0.9827595353126526, 0.991898775100708, 0.9999999403953552], "true_cdf": [0.4213600158691406, 0.4213600158691406, 0.5203199982643127, 0.6100999712944031, 0.6855100393295288, 0.7461699843406677, 0.7840699553489685, 0.8060199618339539, 0.8698599934577942, 0.9378700256347656, 0.97461998462677, 1.0, 1.0, 1.0, 1.0, 1.0, 1.0]}, {"sid": 246, "pred_cdf": [0.4700169563293457, 0.5206567645072937, 0.8589181900024414, 0.9628454446792603, 0.9822720885276794, 0.9853787422180176, 0.9872474074363708, 0.9888697266578674, 0.9913458228111267, 0.9940409064292908, 0.9955904483795166, 0.9968364238739014, 0.9977380633354187, 0.998562753200531, 0.9992103576660156, 0.9996423125267029, 1.0], "true_cdf": [0.5214319229125977, 0.8041599988937378, 0.978630006313324, 1.0, 1.0, 1.0, 1.0, 1.0, 1.0, 1.0, 1.0, 1.0, 1.0, 1.0, 1.0, 1.0, 1.0]}, {"sid": 195, "pred_cdf": [0.4973139464855194, 0.567396879196167, 0.7681190967559814, 0.8736363649368286, 0.9114270806312561, 0.9247425198554993, 0.9344121813774109, 0.9433853626251221, 0.9556664228439331, 0.9701896905899048, 0.978006899356842, 0.9835120439529419, 0.9882955551147461, 0.9921277165412903, 0.995542049407959, 0.9979026913642883, 1.0], "true_cdf": [0.8784500360488892, 0.8784500360488892, 0.9434999823570251, 0.960889995098114, 0.975059986114502, 0.9840700030326843, 0.9905100464820862, 0.9905100464820862, 0.9969499707221985, 1.0, 1.0, 1.0, 1.0, 1.0, 1.0, 1.0, 1.0]}, {"sid": 182, "pred_cdf": [0.019576849415898323, 0.0421794056892395, 0.07166345417499542, 0.13986149430274963, 0.30255869030952454, 0.4959445595741272, 0.5987346172332764, 0.6789103746414185, 0.762691855430603, 0.857820451259613, 0.8911676406860352, 0.9200581312179565, 0.9409295916557312, 0.9602055549621582, 0.977969229221344, 0.9899190664291382, 0.9999999403953552], "true_cdf": [0.02701999992132187, 0.02701999992132187, 0.06137000024318695, 0.11771000176668167, 0.20802000164985657, 0.341949999332428, 0.4611999988555908, 0.5210300087928772, 0.7541400194168091, 0.9384400248527527, 0.9676799774169922, 1.0, 1.0, 1.0, 1.0, 1.0, 1.0]}, {"sid": 226, "pred_cdf": [0.012321011163294315, 0.027355017140507698, 0.11749192327260971, 0.35238054394721985, 0.7000457048416138, 0.8910059928894043, 0.9313093423843384, 0.947799801826477, 0.9695258736610413, 0.9835563898086548, 0.9873221516609192, 0.9902645945549011, 0.9931551218032837, 0.9958283305168152, 0.9979092478752136, 0.9989991784095764, 1.0], "true_cdf": [0.003939999733120203, 0.003939999733120203, 0.032340001314878464, 0.4369800090789795, 0.7643200159072876, 0.8952500224113464, 0.9378500580787659, 0.9520400166511536, 0.9820200204849243, 0.9982700347900391, 1.0, 1.0, 1.0, 1.0, 1.0, 1.0, 1.0]}, {"sid": 225, "pred_cdf": [0.00865213107317686, 0.01657858118414879, 0.029593568295240402, 0.08144548535346985, 0.26867610216140747, 0.6744748950004578, 0.806438684463501, 0.863454282283783, 0.9226416945457458, 0.9673639535903931, 0.9762560725212097, 0.9836904406547546, 0.9889218211174011, 0.9928306341171265, 0.9964815974235535, 0.9983104467391968, 0.9999999403953552], "true_cdf": [0.022600000724196434, 0.022600000724196434, 0.02776999957859516, 0.0703900009393692, 0.2918800115585327, 0.643809974193573, 0.8155800104141235, 0.8737000226974487, 0.9576500058174133, 0.9953399896621704, 1.0, 1.0, 1.0, 1.0, 1.0, 1.0, 1.0]}, {"sid": 302, "pred_cdf": [0.09897910803556442, 0.12741269171237946, 0.7358737587928772, 0.9547772407531738, 0.9897580146789551, 0.9937734603881836, 0.9950195550918579, 0.9958193302154541, 0.9969314932823181, 0.9978622198104858, 0.998318612575531, 0.9987003207206726, 0.9990723133087158, 0.9994430541992188, 0.9996894598007202, 0.9998564124107361, 0.9999999403953552], "true_cdf": [0.10600000619888306, 0.10600000619888306, 0.8693000078201294, 1.0, 1.0, 1.0, 1.0, 1.0, 1.0, 1.0, 1.0, 1.0, 1.0, 1.0, 1.0, 1.0, 1.0]}, {"sid": 218, "pred_cdf": [0.01903347671031952, 0.035603947937488556, 0.058598361909389496, 0.12159492075443268, 0.2888791561126709, 0.5583322048187256, 0.684208333492279, 0.7619274258613586, 0.8390241861343384, 0.9170603156089783, 0.9382140636444092, 0.9558451771736145, 0.9687400460243225, 0.9791679382324219, 0.9888982772827148, 0.9948030710220337, 1.0], "true_cdf": [0.055149998515844345, 0.055149998515844345, 0.08468000590801239, 0.1506900042295456, 0.286190003156662, 0.5480599999427795, 0.7122099995613098, 0.778659999370575, 0.9089399576187134, 0.9529799818992615, 0.9668900370597839, 1.0, 1.0, 1.0, 1.0, 1.0, 1.0]}, {"sid": 185, "pred_cdf": [0.0466754212975502, 0.0843590795993805, 0.1265406757593155, 0.19407302141189575, 0.31507179141044617, 0.43584582209587097, 0.5205796957015991, 0.5979472398757935, 0.6812166571617126, 0.7918504476547241, 0.8399580121040344, 0.8793805837631226, 0.9098740816116333, 0.9375566840171814, 0.9642873406410217, 0.9837121367454529, 1.0], "true_cdf": [0.15027999877929688, 0.15027999877929688, 0.20704999566078186, 0.27851998805999756, 0.3620000183582306, 0.447050005197525, 0.5002599954605103, 0.5303099751472473, 0.6095700263977051, 0.7174800038337708, 0.7775299549102783, 0.8537600040435791, 1.0, 1.0, 1.0, 1.0, 1.0]}, {"sid": 224, "pred_cdf": [0.0060465969145298, 0.012575102970004082, 0.021432677283883095, 0.0567508265376091, 0.21066245436668396, 0.6021872758865356, 0.7432605624198914, 0.8160857558250427, 0.892262876033783, 0.9516304731369019, 0.9646285772323608, 0.9758582711219788, 0.9832838773727417, 0.9891523122787476, 0.9946271181106567, 0.9975535273551941, 1.0], "true_cdf": [0.0044999998062849045, 0.0044999998062849045, 0.008100000210106373, 0.03328999876976013, 0.1466600000858307, 0.5074599981307983, 0.7053999900817871, 0.7728800177574158, 0.9033399820327759, 0.9606300592422485, 0.9764900207519531, 0.9834499955177307, 1.0, 1.0, 1.0, 1.0, 1.0]}, {"sid": 212, "pred_cdf": [0.22539560496807098, 0.3092491924762726, 0.5117908716201782, 0.6701332330703735, 0.7580482959747314, 0.7933562397956848, 0.8188284635543823, 0.8417064547538757, 0.8724414110183716, 0.9085432291030884, 0.9290096163749695, 0.9437967538833618, 0.9594146013259888, 0.9728343486785889, 0.9843159914016724, 0.9923500418663025, 1.0], "true_cdf": [0.42528000473976135, 0.42528000473976135, 0.6177200078964233, 0.7822499871253967, 0.8914600610733032, 0.9390899538993835, 0.9535199999809265, 0.9592900276184082, 0.9761300086975098, 0.9894100427627563, 0.9944100379943848, 1.0, 1.0, 1.0, 1.0, 1.0, 1.0]}, {"sid": 199, "pred_cdf": [0.2321566492319107, 0.30367153882980347, 0.5256026983261108, 0.7310174703598022, 0.8364259600639343, 0.8704565167427063, 0.8908302783966064, 0.9066736102104187, 0.9276078343391418, 0.9513610005378723, 0.9632599353790283, 0.9713669419288635, 0.979613721370697, 0.9864499568939209, 0.9924105405807495, 0.9963655471801758, 1.0], "true_cdf": [0.3073999881744385, 0.3073999881744385, 0.522379994392395, 0.8128100037574768, 0.9495300054550171, 0.9834799766540527, 0.9957399964332581, 0.9957399964332581, 0.9957399964332581, 1.0, 1.0, 1.0, 1.0, 1.0, 1.0, 1.0, 1.0]}, {"sid": 248, "pred_cdf": [0.11354003101587296, 0.1790269911289215, 0.2804056704044342, 0.3957573473453522, 0.5248494744300842, 0.6125806570053101, 0.6721442341804504, 0.7251987457275391, 0.7867830991744995, 0.8622393012046814, 0.8961610794067383, 0.9207707047462463, 0.9421156644821167, 0.9597190022468567, 0.9773136377334595, 0.9891608357429504, 1.0],