{"bin_x_log10": [-1.3010300397872925, -1.0969101190567017, -0.7958800196647644, -0.5016894936561584, -0.20065946877002716, 0.0969100147485733, 0.3010300099849701, 0.3979400396347046, 0.6989700198173523, 1.0, 1.1461280584335327, 1.3010300397872925, 1.4471580982208252, 1.4983106851577759, 1.602060079574585, 1.7481880187988281, 1.903090000152588], "predictions": [{"sid": 165, "pred_cdf": [0.6624972224235535, 0.6832852363586426, 0.7092378735542297, 0.7594286799430847, 0.8203125, 0.8766456842422485, 0.8990939259529114, 0.9100877642631531, 0.9474329352378845, 0.9850311875343323, 0.9913130402565002, 0.9953110814094543, 0.9974344968795776, 0.998548686504364, 0.9992765784263611, 0.9996904134750366, 0.9999999403953552], "true_cdf": [0.8079877495765686, 0.9293000102043152, 0.9839000105857849, 1.0, 1.0, 1.0, 1.0, 1.0, 1.0, 1.0, 1.0, 1.0, 1.0, 1.0, 1.0, 1.0, 1.0]}, {"sid": 292, "pred_cdf": [0.45490843057632446, 0.5085240006446838, 0.5825263857841492, 0.6643786430358887, 0.7309451103210449, 0.7832605242729187, 0.8082708716392517, 0.8235766291618347, 0.8705580234527588, 0.9397052526473999, 0.9567666053771973, 0.9711049199104309, 0.981855034828186, 0.9890946745872498, 0.9941790699958801, 0.997578501701355, 0.9999999403953552], "true_cdf": [0.4441100060939789, 0.4441100060939789, 0.5793200135231018, 0.6884200572967529, 0.7553600072860718, 0.800540030002594, 0.8256400227546692, 0.8403600454330444, 0.8791800141334534, 0.9402300119400024, 0.9613999724388123, 0.9900000095367432, 1.0, 1.0, 1.0, 1.0, 1.0]}, {"sid": 183, "pred_cdf": [0.10708939284086227, 0.1588791459798813, 0.2561788260936737, 0.5556191205978394, 0.7742005586624146, 0.849644660949707, 0.881126344203949, 0.8964124321937561, 0.9287968277931213, 0.9627758860588074, 0.9708642959594727, 0.9799913763999939, 0.9869928956031799, 0.9913873076438904, 0.9950219988822937, 0.9980802536010742, 0.9999998807907104], "true_cdf": [0.13041000068187714, 0.13041000068187714, 0.3221900165081024, 0.6558899879455566, 0.8433600068092346, 0.9042500257492065, 0.938289999961853, 0.9502699971199036, 0.9814399480819702, 1.0, 1.0, 1.0, 1.0, 1.0, 1.0, 1.0, 1.0]}, {"sid": 229, "pred_cdf": [0.013226321898400784, 0.01709858328104019, 0.01909845694899559, 0.07294975221157074, 0.2930133640766144, 0.6903910636901855, 0.852275013923645, 0.8864209651947021, 0.9676661491394043, 0.99509596824646, 0.9981791973114014, 0.9990999698638916, 0.9995762705802917, 0.999751091003418, 0.9998705983161926, 0.9999337196350098, 1.0], "true_cdf": [0.0017600000137463212, 0.0017600000137463212, 0.006449999753385782, 0.07440999895334244, 0.3632799983024597, 0.8378999829292297, 0.9498100280761719, 0.969730019569397, 0.9908300042152405, 0.9983899593353271, 1.0, 1.0, 1.0, 1.0, 1.0, 1.0, 1.0]}, {"sid": 230, "pred_cdf": [0.02437719702720642, 0.030069956555962563, 0.03240206465125084, 0.07076917588710785, 0.22001907229423523, 0.5721656084060669, 0.7582460641860962, 0.807593047618866, 0.9312512278556824, 0.9862443208694458, 0.9947776794433594, 0.9973713755607605, 0.998684823513031, 0.9992350935935974, 0.9996296167373657, 0.9998027682304382, 0.9999999403953552], "true_cdf": [0.005519999656826258, 0.005519999656826258, 0.011030000634491444, 0.05006000027060509, 0.20492000877857208, 0.5159099698066711, 0.6996200084686279, 0.7798100113868713, 0.9070900082588196, 0.9727100133895874, 0.9927999973297119, 1.0, 1.0, 1.0, 1.0, 1.0, 1.0]}, {"sid": 290, "pred_cdf": [0.41329193115234375, 0.48986005783081055, 0.6213337779045105, 0.7292069792747498, 0.7931874990463257, 0.82829350233078, 0.842332661151886, 0.8510934114456177, 0.8819042444229126, 0.9396152496337891, 0.9535362720489502, 0.9665422439575195, 0.9782088994979858, 0.9869207143783569, 0.992740273475647, 0.9972248077392578, 1.0], "true_cdf": [0.580590009689331, 0.580590009689331, 0.7254499793052673, 0.8467400074005127, 0.9118699431419373, 0.9391899704933167, 0.9519200325012207, 0.9560399651527405, 0.9691399931907654, 0.9811300039291382, 0.9858899712562561, 1.0, 1.0, 1.0, 1.0, 1.0, 1.0]}, {"sid": 313, "pred_cdf": [0.6438614130020142, 0.6823256611824036, 0.7581304311752319, 0.8346812725067139, 0.886029839515686, 0.9100098609924316, 0.9183062314987183, 0.9225619435310364, 0.9414977431297302, 0.9775792360305786, 0.9835594892501831, 0.9891600012779236, 0.9933158755302429, 0.996229350566864, 0.9979469180107117, 0.9992406368255615, 0.9999999403953552], "true_cdf": [0.9480000138282776, 0.9509795308113098, 0.981117308139801, 0.9925630688667297, 1.0, 1.0, 1.0, 1.0, 1.0, 1.0, 1.0, 1.0, 1.0, 1.0, 1.0, 1.0, 1.0]}, {"sid": 208, "pred_cdf": [0.17980392277240753, 0.21670512855052948, 0.3683704137802124, 0.7481648325920105, 0.9086300730705261, 0.9493059515953064, 0.9601818919181824, 0.9648364782333374, 0.9769256114959717, 0.9894058108329773, 0.9918034076690674, 0.9948146343231201, 0.9968277812004089, 0.9979747533798218, 0.998860776424408, 0.9995989799499512, 0.9999999403953552], "true_cdf": [0.16398000717163086, 0.16398000717163086, 0.41451001167297363, 0.762969970703125, 0.9451799988746643, 0.9843499660491943, 0.9902700185775757, 0.9948300123214722, 0.9975599646568298, 1.0, 1.0, 1.0, 1.0, 1.0, 1.0, 1.0, 1.0]}, {"sid": 284, "pred_cdf": [0.06950120627880096, 0.14563614130020142, 0.20346233248710632, 0.3307177722454071, 0.4700654149055481, 0.5631994605064392, 0.6246356964111328, 0.6678637862205505, 0.7516884803771973, 0.8461557030677795, 0.8825075030326843, 0.9155907034873962, 0.9413889646530151, 0.9597448110580444, 0.9783486127853394, 0.9900717735290527, 1.0], "true_cdf": [0.11463000625371933, 0.11463000625371933, 0.19257999956607819, 0.30347999930381775, 0.4075799882411957, 0.4857099950313568, 0.5313900113105774, 0.5549899935722351, 0.6465299725532532, 0.7646399736404419, 0.872249960899353, 0.9620999693870544, 1.0, 1.0, 1.0, 1.0, 1.0]}, {"sid": 169, "pred_cdf": [0.22473688423633575, 0.31778812408447266, 0.4314868748188019, 0.5573667883872986, 0.6538621187210083, 0.7161027789115906, 0.7471552491188049, 0.7677595615386963, 0.8266182541847229, 0.9092189073562622, 0.9334992170333862, 0.953099250793457, 0.9682178497314453, 0.9799215793609619, 0.988817572593689, 0.995419442653656, 1.0], "true_cdf": [0.33360999822616577, 0.33360999822616577, 0.4546099901199341, 0.6077399849891663, 0.7137000560760498, 0.7789900302886963, 0.8179500102996826, 0.8343599438667297, 0.8815299868583679, 0.9329100251197815, 0.9514700174331665, 0.977590024471283, 1.0, 1.0, 1.0, 1.0, 1.0]}, {"sid": 200, "pred_cdf": [0.24758277833461761, 0.27960649132728577, 0.3565870523452759, 0.6657219529151917, 0.8591631054878235, 0.9192166924476624, 0.9391589760780334, 0.9482805728912354, 0.9679410457611084, 0.9845592379570007, 0.9885802268981934, 0.9926042556762695, 0.9952952265739441, 0.9970877170562744, 0.9983260631561279, 0.9993650317192078, 1.0], "true_cdf": [0.3076399862766266, 0.3076399862766266, 0.4581499993801117, 0.6967700123786926, 0.8825299739837646, 0.980910062789917, 1.0, 1.0, 1.0, 1.0, 1.0, 1.0, 1.0, 1.0, 1.0, 1.0, 1.0]}, {"sid": 213, "pred_cdf": [0.07795391231775284, 0.09784634411334991, 0.17460379004478455, 0.6673834323883057, 0.9165064096450806, 0.966912567615509, 0.9784342050552368, 0.9819739460945129, 0.9906830191612244, 0.9966647624969482, 0.9975351691246033, 0.9985125660896301, 0.9991349577903748, 0.9994332194328308, 0.9996637105941772, 0.9998838901519775, 0.9999999403953552], "true_cdf": [0.21061000227928162, 0.21061000227928162, 0.44273999333381653, 0.7117600440979004, 0.938510000705719, 1.0, 1.0, 1.0, 1.0, 1.0, 1.0, 1.0, 1.0, 1.0, 1.0, 1.0, 1.0]}, {"sid": 311, "pred_cdf": [0.364104300737381, 0.41741082072257996, 0.8092421293258667, 0.9310528635978699, 0.9572790265083313, 0.9666783809661865, 0.9693067073822021, 0.9710105061531067, 0.9760860800743103, 0.9850673675537109, 0.9878807663917542, 0.9915686249732971, 0.9945675730705261, 0.9966368079185486, 0.9982715845108032, 0.9994357228279114, 1.0], "true_cdf": [0.14205999672412872, 0.14205999672412872, 0.8850499987602234, 1.0, 1.0, 1.0, 1.0, 1.0, 1.0, 1.0, 1.0, 1.0, 1.0, 1.0, 1.0, 1.0, 1.0]}, {"sid": 261,