{"bin_x_log10": [-1.3010300397872925, -1.0969101190567017, -0.7958800196647644, -0.5016894936561584, -0.20065946877002716, 0.0969100147485733, 0.3010300099849701, 0.3979400396347046, 0.6989700198173523, 1.0, 1.1461280584335327, 1.3010300397872925, 1.4471580982208252, 1.4983106851577759, 1.602060079574585, 1.7481880187988281, 1.903090000152588], "predictions": [{"sid": 191, "pred_cdf": [0.07661706954240799, 0.10055619478225708, 0.12936577200889587, 0.230200856924057, 0.3979569673538208, 0.5572683811187744, 0.6550073027610779, 0.7072929739952087, 0.809460461139679, 0.9099524617195129, 0.9393428564071655, 0.9640396237373352, 0.9795231819152832, 0.9872350096702576, 0.9937156438827515, 0.9976180195808411, 1.0], "true_cdf": [0.06860999763011932, 0.06860999763011932, 0.12729999423027039, 0.22410999238491058, 0.38457000255584717, 0.5557000041007996, 0.6631799936294556, 0.7142600417137146, 0.8366000652313232, 0.9385600090026855, 0.969539999961853, 0.9873200058937073, 1.0, 1.0, 1.0, 1.0, 1.0]}, {"sid": 286, "pred_cdf": [0.04378294572234154, 0.07298719137907028, 0.23573267459869385, 0.700872540473938, 0.9165191054344177, 0.9775123596191406, 0.9848718047142029, 0.9876333475112915, 0.9959742426872253, 0.9988483786582947, 0.9992370009422302, 0.9995628595352173, 0.9997518658638, 0.9998399615287781, 0.9999229311943054, 0.9999734163284302, 1.0], "true_cdf": [0.03268999978899956, 0.03268999978899956, 0.0985499918460846, 0.5195800065994263, 0.965969979763031, 0.977679967880249, 0.977679967880249, 0.977679967880249, 0.977679967880249, 0.9836599826812744, 0.9871099591255188, 1.0, 1.0, 1.0, 1.0, 1.0, 1.0]}, {"sid": 214, "pred_cdf": [0.1787896603345871, 0.23493453860282898, 0.31430965662002563, 0.39634793996810913, 0.470798134803772, 0.5184299349784851, 0.5477532148361206, 0.569725513458252, 0.6241724491119385, 0.6989709138870239, 0.7513126730918884, 0.8048645853996277, 0.8679463863372803, 0.906853199005127, 0.946957528591156, 0.9795724749565125, 1.0], "true_cdf": [0.16741999983787537, 0.16741999983787537, 0.24132999777793884, 0.34007999300956726, 0.4506100118160248, 0.5578600168228149, 0.6258800029754639, 0.6572699546813965, 0.7520999908447266, 0.8569599986076355, 0.9546900391578674, 1.0, 1.0, 1.0, 1.0, 1.0, 1.0]}, {"sid": 209, "pred_cdf": [0.20814846456050873, 0.2796182334423065, 0.3898025155067444, 0.5091992616653442, 0.6027495265007019, 0.6672011017799377, 0.6998249888420105, 0.7183043360710144, 0.7821451425552368, 0.8613314032554626, 0.8973274827003479, 0.9249759316444397, 0.9515873193740845, 0.9655986428260803, 0.9791015386581421, 0.9922316670417786, 1.0], "true_cdf": [0.24927999079227448, 0.24927999079227448, 0.3625600039958954, 0.4954899847507477, 0.6198300123214722, 0.7146900296211243, 0.7662599682807922, 0.7935799956321716, 0.8660399913787842, 0.9112000465393066, 0.9444599747657776, 1.0, 1.0, 1.0, 1.0, 1.0, 1.0]}, {"sid": 176, "pred_cdf": [0.14209121465682983, 0.20707187056541443, 0.2944263815879822, 0.39510655403137207, 0.4852409362792969, 0.5614288449287415, 0.6076061725616455, 0.6358130574226379, 0.7123247981071472, 0.8107227683067322, 0.8588215112686157, 0.8954266309738159, 0.9314214587211609, 0.9513931274414062, 0.9713177680969238, 0.9889383912086487, 1.0], "true_cdf": [0.22381000220775604, 0.22381000220775604, 0.275270015001297, 0.3440900146961212, 0.4131999909877777, 0.46855998039245605, 0.5101500153541565, 0.5352799892425537, 0.6220500469207764, 0.7789099812507629, 0.8327600359916687, 0.8744499683380127, 0.918690025806427, 0.9455406069755554, 1.0, 1.0, 1.0]}, {"sid": 231, "pred_cdf": [0.06547295302152634, 0.07393602281808853, 0.08402497321367264, 0.14746186137199402, 0.3301871716976166, 0.5920907258987427, 0.7471257448196411, 0.8121376037597656, 0.9144061803817749, 0.9706549644470215, 0.9830459356307983, 0.9915109872817993, 0.9955129027366638, 0.9972366094589233, 0.9986317753791809, 0.999365508556366, 1.0], "true_cdf": [0.05449000000953674, 0.05449000000953674, 0.09013999998569489, 0.15672999620437622, 0.31481000781059265, 0.6423999667167664, 0.7964499592781067, 0.8388300538063049, 0.9531800150871277, 0.9940299987792969, 1.0, 1.0, 1.0, 1.0, 1.0, 1.0, 1.0]}, {"sid": 234, "pred_cdf": [0.052451036870479584, 0.07612212002277374, 0.11078308522701263, 0.25858592987060547, 0.4668329954147339, 0.6534718871116638, 0.7434796094894409, 0.7894319295883179, 0.8685882091522217, 0.9260252714157104, 0.9468434453010559, 0.9681081175804138, 0.9808955192565918, 0.987015426158905, 0.9936366677284241, 0.9978436231613159, 1.0], "true_cdf": [0.016429999843239784, 0.016429999843239784, 0.016429999843239784, 0.10057000070810318, 0.4088600277900696, 0.7197699546813965, 0.7993099689483643, 0.8301999568939209, 0.8814700245857239, 0.9230899810791016, 0.9769099950790405, 0.9769099950790405, 1.0, 1.0, 1.0, 1.0, 1.0]}, {"sid": 193, "pred_cdf": [0.24729396402835846, 0.3038488030433655, 0.40063226222991943, 0.5102190971374512, 0.6071290969848633, 0.6690256595611572, 0.7035099267959595, 0.7216097116470337, 0.782829999923706, 0.8621711134910583, 0.8977402448654175, 0.9251616597175598, 0.9535969495773315, 0.9674390554428101, 0.9813995361328125, 0.9929668307304382, 1.0], "true_cdf": [0.17069999873638153, 0.17069999873638153, 0.2858400046825409, 0.44071999192237854, 0.5831300020217896, 0.6773999929428101, 0.7322799563407898, 0.7592199444770813, 0.844730019569397, 0.9621299505233765, 1.0, 1.0, 1.0, 1.0, 1.0, 1.0, 1.0]}, {"sid": 168, "pred_cdf": [0.6281968951225281, 0.6852442026138306, 0.7837533354759216, 0.8727569580078125, 0.9319337010383606, 0.9558662176132202, 0.961302638053894, 0.9627009034156799, 0.9774774312973022, 0.9925709962844849, 0.9954746961593628, 0.9970909357070923, 0.9987396001815796, 0.9991727471351624, 0.9995722770690918, 0.9998865127563477, 0.9999999403953552], "true_cdf": [0.7403600215911865, 0.7403600215911865, 0.7925199866294861, 0.8399500250816345, 0.8763099908828735, 0.9100300073623657, 0.9358499646186829, 0.9474400281906128, 0.9795899987220764, 0.9973800182342529, 1.0, 1.0, 1.0, 1.0, 1.0, 1.0, 1.0]}, {"sid": 219, "pred_cdf": [0.057648640125989914, 0.0949949324131012, 0.1957608014345169, 0.5181851387023926, 0.7629532217979431, 0.8825607895851135, 0.9152030944824219, 0.9314122200012207, 0.9633691310882568, 0.9810705780982971, 0.9858818650245667, 0.9912170171737671, 0.9944937229156494, 0.9962660074234009, 0.9981821775436401, 0.999373197555542, 1.0], "true_cdf": [0.04968999698758125, 0.04968999698758125, 0.1322999894618988, 0.5259799957275391, 0.7931700348854065, 0.8628700375556946, 0.8848100304603577, 0.8925599455833435, 0.9196600317955017, 0.9483500123023987, 0.9711599946022034, 0.9821799993515015, 1.0, 1.0, 1.0, 1.0, 1.0]}, {"sid": 211, "pred_cdf": [0.25269854068756104, 0.3045526146888733, 0.49670395255088806, 0.7354400753974915, 0.8699838519096375, 0.9270819425582886, 0.9420543313026428, 0.9482440948486328, 0.9686488509178162, 0.9840101003646851, 0.9885383248329163, 0.9921008348464966, 0.9953621625900269, 0.9969537854194641, 0.9983637928962708, 0.9993951320648193, 1.0], "true_cdf": [0.19780999422073364, 0.19780999422073364, 0.3982899785041809, 0.7858799695968628, 0.9698699712753296, 0.9948199987411499, 0.9970500469207764, 0.9979400038719177, 0.9983899593353271, 1.0, 1.0, 1.0, 1.0, 1.0, 1.0, 1.0, 1.0]}, {"sid": 277, "pred_cdf": [0.2695012092590332, 0.3451710343360901, 0.47196245193481445, 0.5847420692443848, 0.6686057448387146, 0.7316560745239258, 0.7580841779708862, 0.7708768844604492, 0.8274762034416199, 0.8998276591300964, 0.9289659261703491, 0.9479944109916687, 0.9691199660301208, 0.9782284498214722, 0.9871153235435486, 0.9954674243927002, 0.9999999403953552], "true_cdf": [0.3308500051498413, 0.3308500051498413, 0.4747700095176697, 0.6038100123405457, 0.6990899443626404, 0.7634100317955017, 0.7975800037384033, 0.8172799944877625, 0.8667299747467041, 0.9214399456977844, 0.9479699730873108, 0.9669100046157837, 1.0, 1.0, 1.0, 1.0, 1.0]}, {"sid": 279,