{"bin_x_log10": [-1.3010300397872925, -1.0969101190567017, -0.7958800196647644, -0.5016894936561584, -0.20065946877002716, 0.0969100147485733, 0.3010300099849701, 0.3979400396347046, 0.6989700198173523, 1.0, 1.1461280584335327, 1.3010300397872925, 1.4471580982208252, 1.4983106851577759, 1.602060079574585, 1.7481880187988281, 1.903090000152588], "predictions": [{"sid": 189, "pred_cdf": [0.08018363267183304, 0.11266976594924927, 0.1506119668483734, 0.23223136365413666, 0.33696070313453674, 0.4350774586200714, 0.5186293125152588, 0.5714442729949951, 0.6833825707435608, 0.8033684492111206, 0.8591517210006714, 0.8967897891998291, 0.9280246496200562, 0.9533263444900513, 0.9734962582588196, 0.9874567985534668, 0.9999998807907104], "true_cdf": [0.09945999830961227, 0.09945999830961227, 0.1720000058412552, 0.30250999331474304, 0.43870997428894043, 0.49035000801086426, 0.5324699878692627, 0.5644699931144714, 0.6617099642753601, 0.7382499575614929, 0.7956500053405762, 0.862529993057251, 0.9199299812316895, 0.9463711380958557, 1.0, 1.0, 1.0]}, {"sid": 289, "pred_cdf": [0.2119758427143097, 0.2571828365325928, 0.3506386876106262, 0.4853043556213379, 0.592816174030304, 0.673600435256958, 0.7298505306243896, 0.7563464045524597, 0.8306219577789307, 0.9195570349693298, 0.9490041136741638, 0.9681906700134277, 0.9793457388877869, 0.9876561164855957, 0.9928817749023438, 0.9972034692764282, 1.0], "true_cdf": [0.5021399855613708, 0.5021399855613708, 0.6012899875640869, 0.6812100410461426, 0.7500100135803223, 0.7948600053787231, 0.8208299875259399, 0.8359999656677246, 0.8747899532318115, 0.9591999650001526, 0.9789000153541565, 0.985770046710968, 1.0, 1.0, 1.0, 1.0, 1.0]}, {"sid": 172, "pred_cdf": [0.5595122575759888, 0.6322067975997925, 0.7284572720527649, 0.8079735636711121, 0.8514782190322876, 0.8809351325035095, 0.8947519659996033, 0.9029551148414612, 0.9299286007881165, 0.9711284041404724, 0.9821345806121826, 0.9903460741043091, 0.9944334626197815, 0.9966268539428711, 0.9982417225837708, 0.9994759559631348, 1.0], "true_cdf": [0.626990020275116, 0.626990020275116, 0.7318699359893799, 0.8058100342750549, 0.8491899967193604, 0.873710036277771, 0.8880500197410583, 0.8955900073051453, 0.920490026473999, 0.945360004901886, 0.954479992389679, 0.9787200093269348, 1.0, 1.0, 1.0, 1.0, 1.0]}, {"sid": 203, "pred_cdf": [0.15909260511398315, 0.2019052356481552, 0.5132132768630981, 0.8349250555038452, 0.9286419749259949, 0.950354814529419, 0.959859311580658, 0.9632963538169861, 0.9733242988586426, 0.9865633845329285, 0.9913851618766785, 0.995131254196167, 0.997011661529541, 0.9980931282043457, 0.9988407492637634, 0.999627947807312, 1.0], "true_cdf": [0.21884000301361084, 0.21884000301361084, 0.5410000085830688, 0.8689800500869751, 0.985319972038269, 1.0, 1.0, 1.0, 1.0, 1.0, 1.0, 1.0, 1.0, 1.0, 1.0, 1.0, 1.0]}, {"sid": 179, "pred_cdf": [0.2437206208705902, 0.31808289885520935, 0.807160496711731, 0.9345052242279053, 0.9599049091339111, 0.9666376113891602, 0.9689770340919495, 0.970482587814331, 0.9757950901985168, 0.9853988885879517, 0.9902685284614563, 0.994240403175354, 0.9969528317451477, 0.9980630874633789, 0.9988649487495422, 0.9997065663337708, 0.9999999403953552], "true_cdf": [0.2910796105861664, 0.4842499792575836, 0.792460024356842, 0.959850013256073, 0.9950599670410156, 0.995680034160614, 0.995680034160614, 0.9962899684906006, 1.0, 1.0, 1.0, 1.0, 1.0, 1.0, 1.0, 1.0, 1.0]}, {"sid": 202, "pred_cdf": [0.24214854836463928, 0.31934091448783875, 0.4643539786338806, 0.5840967893600464, 0.6530462503433228, 0.701726496219635, 0.7316195368766785, 0.7516309022903442, 0.8017984628677368, 0.8720648884773254, 0.90847247838974, 0.9372720122337341, 0.9595635533332825, 0.9739907383918762, 0.9844198822975159, 0.9942145943641663, 0.9999998807907104], "true_cdf": [0.30351001024246216, 0.30351001024246216, 0.4102799892425537, 0.5112900137901306, 0.5672000050544739, 0.594789981842041, 0.6094200015068054, 0.617579996585846, 0.6382099986076355, 0.6558200120925903, 0.6648300290107727, 0.6708799600601196, 0.7059600353240967, 0.724779486656189, 0.7629500031471252, 1.0, 1.0]}, {"sid": 266, "pred_cdf": [0.27320361137390137, 0.3468626141548157, 0.779393196105957, 0.9112627506256104, 0.9452797174453735, 0.9580413103103638, 0.9627745747566223, 0.9651713967323303, 0.9737703204154968, 0.9876886010169983, 0.9925161600112915, 0.9959467649459839, 0.9977414608001709, 0.998604416847229, 0.999237060546875, 0.9997861385345459, 0.9999999403953552], "true_cdf": [0.16061170399188995, 0.30476999282836914, 0.7801100015640259, 1.0, 1.0, 1.0, 1.0, 1.0, 1.0, 1.0, 1.0, 1.0, 1.0, 1.0, 1.0, 1.0, 1.0]}, {"sid": 177, "pred_cdf": [0.20152021944522858, 0.3026438057422638, 0.42733436822891235, 0.5002110600471497, 0.5352221131324768, 0.5629891753196716, 0.5829247236251831, 0.6034703850746155, 0.6474712491035461, 0.7106639742851257, 0.7725512981414795, 0.820889949798584, 0.8818195462226868, 0.9196853041648865, 0.9513080716133118, 0.9804195165634155, 1.0], "true_cdf": [0.10862390697002411, 0.16228000819683075, 0.24849000573158264, 0.31856000423431396, 0.37480998039245605, 0.4236699938774109, 0.4633200168609619, 0.4882199764251709, 0.5656700134277344, 0.6571199893951416, 0.7260900139808655, 0.7996900081634521, 0.9153800010681152, 0.9433236718177795, 1.0, 1.0, 1.0]}, {"sid": 285, "pred_cdf": [0.3087817430496216, 0.3650425672531128, 0.5369275212287903, 0.6938105821609497, 0.7851789593696594, 0.8391160368919373, 0.8642593622207642, 0.8744249939918518, 0.9121872186660767, 0.9651790857315063, 0.97902911901474, 0.9888622164726257, 0.993396520614624, 0.996140718460083, 0.9978543519973755, 0.9993029832839966, 1.0], "true_cdf": [0.23701700568199158, 0.3009699881076813, 0.4607899785041809, 0.6177600026130676, 0.7374199628829956, 0.8071900010108948, 0.8445099592208862, 0.8615400195121765, 0.9061599969863892, 0.9525700211524963, 0.9644500017166138, 0.9723399877548218, 1.0, 1.0, 1.0, 1.0, 1.0]}, {"sid": 294, "pred_cdf": [0.1503099948167801, 0.2095077484846115, 0.30441394448280334, 0.41548681259155273, 0.504200279712677, 0.582107663154602, 0.6388857364654541, 0.6728862524032593, 0.7578299045562744, 0.8572902679443359, 0.9003658294677734, 0.9321207404136658, 0.9544880986213684, 0.9716110229492188, 0.9831528663635254, 0.9927488565444946, 0.9999998211860657], "true_cdf": [0.27952998876571655, 0.27952998876571655, 0.3924899995326996, 0.5180500149726868, 0.5917999744415283, 0.6396499872207642, 0.6720200181007385, 0.6907299757003784, 0.7439700365066528, 0.8371700048446655, 0.8987699747085571, 0.9530400037765503, 1.0, 1.0, 1.0, 1.0, 1.0]}, {"sid": 206, "pred_cdf": [0.132023885846138, 0.1753081977367401, 0.27017927169799805, 0.5007661581039429, 0.6721547245979309, 0.7552470564842224, 0.807357907295227, 0.829801082611084, 0.8823739290237427, 0.9387046098709106, 0.9596295952796936, 0.9735826849937439, 0.9816992878913879, 0.9879746437072754, 0.9929925203323364, 0.9971057176589966, 1.0], "true_cdf": [0.1810300052165985, 0.1810300052165985, 0.29168999195098877, 0.4319800138473511, 0.5750499963760376, 0.7259799838066101, 0.8292299509048462, 0.8917400240898132, 0.9500800371170044, 0.9932399988174438, 0.9953800439834595, 1.0, 1.0, 1.0, 1.0, 1.0, 1.0]}, {"sid": 216, "pred_cdf": [0.34594833850860596, 0.4445943236351013, 0.6541743278503418, 0.8097600936889648, 0.8701412677764893, 0.8930026888847351, 0.9029112458229065, 0.9097700715065002, 0.9285722970962524, 0.955088198184967, 0.9689159989356995, 0.9800971746444702, 0.9877364039421082, 0.9916539192199707, 0.9950624704360962, 0.9985660910606384, 1.0], "true_cdf": [0.2946600019931793, 0.2946600019931793, 0.4281800091266632, 0.5879200100898743, 0.7375199794769287, 0.8329399824142456, 0.8717400431632996, 0.8916699886322021, 0.9378100037574768, 0.975059986114502, 0.9842099547386169, 1.0, 1.0, 1.0, 1.0, 1.0, 1.0]}, {"sid": 228,