{"bin_x_log10": [-1.3010300397872925, -1.0969101190567017, -0.7958800196647644, -0.5016894936561584, -0.20065946877002716, 0.0969100147485733, 0.3010300099849701, 0.3979400396347046, 0.6989700198173523, 1.0, 1.1461280584335327, 1.3010300397872925, 1.4471580982208252, 1.4983106851577759, 1.602060079574585, 1.7481880187988281, 1.903090000152588], "predictions": [{"sid": 197, "pred_cdf": [0.4623584449291229, 0.5083422064781189, 0.7533100247383118, 0.8492227792739868, 0.8753988742828369, 0.8940083980560303, 0.9075278043746948, 0.9181433320045471, 0.9375979900360107, 0.9597055912017822, 0.9688156247138977, 0.9769318103790283, 0.9828320741653442, 0.987994372844696, 0.9928802251815796, 0.9959388375282288, 0.9999998807907104], "true_cdf": [0.4213600158691406, 0.4213600158691406, 0.5203199982643127, 0.6100999712944031, 0.6855100393295288, 0.7461699843406677, 0.7840699553489685, 0.8060199618339539, 0.8698599934577942, 0.9378700256347656, 0.97461998462677, 1.0, 1.0, 1.0, 1.0, 1.0, 1.0]}, {"sid": 246, "pred_cdf": [0.5252732634544373, 0.5533102750778198, 0.9122666716575623, 0.9737933874130249, 0.9806872606277466, 0.98345547914505, 0.9853288531303406, 0.986619770526886, 0.9898732900619507, 0.9936002492904663, 0.9951932430267334, 0.9965168237686157, 0.9974074959754944, 0.9982196092605591, 0.9989288449287415, 0.9994164705276489, 1.0], "true_cdf": [0.5214319229125977, 0.8041599988937378, 0.978630006313324, 1.0, 1.0, 1.0, 1.0, 1.0, 1.0, 1.0, 1.0, 1.0, 1.0, 1.0, 1.0, 1.0, 1.0]}, {"sid": 195, "pred_cdf": [0.5214298963546753, 0.5539568662643433, 0.8771984577178955, 0.9548009634017944, 0.9663897752761841, 0.9718531370162964, 0.9754035472869873, 0.9778702855110168, 0.9834176301956177, 0.9896118640899658, 0.9922037124633789, 0.9943113327026367, 0.9957081079483032, 0.9970465302467346, 0.9982478022575378, 0.999037504196167, 1.0], "true_cdf": [0.8784500360488892, 0.8784500360488892, 0.9434999823570251, 0.960889995098114, 0.975059986114502, 0.9840700030326843, 0.9905100464820862, 0.9905100464820862, 0.9969499707221985, 1.0, 1.0, 1.0, 1.0, 1.0, 1.0, 1.0, 1.0]}, {"sid": 182, "pred_cdf": [0.014843561686575413, 0.028194112703204155, 0.05902119353413582, 0.13223856687545776, 0.2559853196144104, 0.48619669675827026, 0.6230870485305786, 0.6896540522575378, 0.7936109900474548, 0.8696492910385132, 0.896868109703064, 0.9232454299926758, 0.9449361562728882, 0.9617023468017578, 0.9773976802825928, 0.9866560101509094, 1.0], "true_cdf": [0.02701999992132187, 0.02701999992132187, 0.06137000024318695, 0.11771000176668167, 0.20802000164985657, 0.341949999332428, 0.4611999988555908, 0.5210300087928772, 0.7541400194168091, 0.9384400248527527, 0.9676799774169922, 1.0, 1.0, 1.0, 1.0, 1.0, 1.0]}, {"sid": 226, "pred_cdf": [0.00893294159322977, 0.01844153180718422, 0.17209026217460632, 0.5035570859909058, 0.7430340051651001, 0.9056662321090698, 0.9514028429985046, 0.9592880606651306, 0.9775393605232239, 0.9860016703605652, 0.9895051717758179, 0.9922769069671631, 0.9941914081573486, 0.9963582158088684, 0.9977052211761475, 0.998890221118927, 1.0], "true_cdf": [0.003939999733120203, 0.003939999733120203, 0.032340001314878464, 0.4369800090789795, 0.7643200159072876, 0.8952500224113464, 0.9378500580787659, 0.9520400166511536, 0.9820200204849243, 0.9982700347900391, 1.0, 1.0, 1.0, 1.0, 1.0, 1.0, 1.0]}, {"sid": 225, "pred_cdf": [0.006968319416046143, 0.013126190751791, 0.038933709263801575, 0.12352517992258072, 0.29876628518104553, 0.6638379693031311, 0.8055837154388428, 0.8460339307785034, 0.9178145527839661, 0.9563722610473633, 0.9669390320777893, 0.9760633707046509, 0.9828019142150879, 0.9886695146560669, 0.9936000108718872, 0.9963656663894653, 1.0], "true_cdf": [0.022600000724196434, 0.022600000724196434, 0.02776999957859516, 0.0703900009393692, 0.2918800115585327, 0.643809974193573, 0.8155800104141235, 0.8737000226974487, 0.9576500058174133, 0.9953399896621704, 1.0, 1.0, 1.0, 1.0, 1.0, 1.0, 1.0]}, {"sid": 302, "pred_cdf": [0.13127338886260986, 0.14734110236167908, 0.8090527057647705, 0.9748326539993286, 0.9890614151954651, 0.9926365613937378, 0.9941783547401428, 0.9947128891944885, 0.9963641166687012, 0.9976306557655334, 0.9982435703277588, 0.9987114667892456, 0.9990240931510925, 0.999374508857727, 0.9996047616004944, 0.999803364276886, 0.9999999403953552], "true_cdf": [0.10600000619888306, 0.10600000619888306, 0.8693000078201294, 1.0, 1.0, 1.0, 1.0, 1.0, 1.0, 1.0, 1.0, 1.0, 1.0, 1.0, 1.0, 1.0, 1.0]}, {"sid": 218, "pred_cdf": [0.017984621226787567, 0.03060534968972206, 0.07797527313232422, 0.19461147487163544, 0.35420069098472595, 0.61259925365448, 0.7327746748924255, 0.7804780006408691, 0.8642061948776245, 0.9175283908843994, 0.9360702633857727, 0.9529805779457092, 0.9652454257011414, 0.9765122532844543, 0.9862033724784851, 0.9918891191482544, 1.0], "true_cdf": [0.055149998515844345, 0.055149998515844345, 0.08468000590801239, 0.1506900042295456, 0.286190003156662, 0.5480599999427795, 0.7122099995613098, 0.778659999370575, 0.9089399576187134, 0.9529799818992615, 0.9668900370597839, 1.0, 1.0, 1.0, 1.0, 1.0, 1.0]}, {"sid": 185, "pred_cdf": [0.03551391139626503, 0.05682026594877243, 0.10017004609107971, 0.17325982451438904, 0.259124755859375, 0.41168713569641113, 0.5180305242538452, 0.5885973572731018, 0.6996321678161621, 0.7960891127586365, 0.8350511193275452, 0.8762165904045105, 0.9094128012657166, 0.9351974725723267, 0.960719645023346, 0.9759230613708496, 1.0], "true_cdf": [0.15027999877929688, 0.15027999877929688, 0.20704999566078186, 0.27851998805999756, 0.3620000183582306, 0.447050005197525, 0.5002599954605103, 0.5303099751472473, 0.6095700263977051, 0.7174800038337708, 0.7775299549102783, 0.8537600040435791, 1.0, 1.0, 1.0, 1.0, 1.0]}, {"sid": 224, "pred_cdf": [0.005623192992061377, 0.011965816840529442, 0.031141214072704315, 0.0945873111486435, 0.2447982132434845, 0.5918835997581482, 0.7519643902778625, 0.8017005920410156, 0.8886327743530273, 0.9391089081764221, 0.9530525207519531, 0.9659838676452637, 0.9761391282081604, 0.9840783476829529, 0.9907594323158264, 0.9946333169937134, 1.0], "true_cdf": [0.0044999998062849045, 0.0044999998062849045, 0.008100000210106373, 0.03328999876976013, 0.1466600000858307, 0.5074599981307983, 0.7053999900817871, 0.7728800177574158, 0.9033399820327759, 0.9606300592422485, 0.9764900207519531, 0.9834499955177307, 1.0, 1.0, 1.0, 1.0, 1.0]}, {"sid": 212, "pred_cdf": [0.36979150772094727, 0.4082118272781372, 0.7910161018371582, 0.9146546721458435, 0.9377512335777283, 0.9492275714874268, 0.956314206123352, 0.9607833027839661, 0.9706213474273682, 0.9808517694473267, 0.9853729009628296, 0.9892557859420776, 0.9919177293777466, 0.994469165802002, 0.996654748916626, 0.9981263875961304, 1.0], "true_cdf": [0.42528000473976135, 0.42528000473976135, 0.6177200078964233, 0.7822499871253967, 0.8914600610733032, 0.9390899538993835, 0.9535199999809265, 0.9592900276184082, 0.9761300086975098, 0.9894100427627563, 0.9944100379943848, 1.0, 1.0, 1.0, 1.0, 1.0, 1.0]}, {"sid": 199, "pred_cdf": [0.273539274930954, 0.31120988726615906, 0.7230448722839355, 0.8948945999145508, 0.9285646080970764, 0.943795382976532, 0.9525973796844482, 0.9575337767601013, 0.9684739708900452, 0.9787933230400085, 0.9837040901184082, 0.9879387617111206, 0.9908482432365417, 0.9937445521354675, 0.9961296319961548, 0.9978591203689575, 1.0], "true_cdf": [0.3073999881744385, 0.3073999881744385, 0.522379994392395, 0.8128100037574768, 0.9495300054550171, 0.9834799766540527, 0.9957399964332581, 0.9957399964332581, 0.9957399964332581, 1.0, 1.0, 1.0, 1.0, 1.0, 1.0, 1.0, 1.0]}, {"sid": 248, "pred_cdf": [0.026385068893432617, 0.044689908623695374, 0.10411442816257477, 0.21212932467460632, 0.34557461738586426, 0.5524041652679443, 0.6669511795043945, 0.7236387729644775, 0.8147443532943726, 0.8825593590736389, 0.9072925448417664, 0.9310895204544067, 0.9491732120513916, 0.9647836089134216, 0.979071319103241, 0.9875127673149109, 0.9999998211860657],