{"bin_x_log10": [-1.3010300397872925, -1.0969101190567017, -0.7958800196647644, -0.5016894936561584, -0.20065946877002716, 0.0969100147485733, 0.3010300099849701, 0.3979400396347046, 0.6989700198173523, 1.0, 1.1461280584335327, 1.3010300397872925, 1.4471580982208252, 1.4983106851577759, 1.602060079574585, 1.7481880187988281, 1.903090000152588], "predictions": [{"sid": 165, "pred_cdf": [0.678955078125, 0.7043764591217041, 0.7764420509338379, 0.8651169538497925, 0.9095819592475891, 0.9305160641670227, 0.9402632713317871, 0.9467860460281372, 0.9649377465248108, 0.9838403463363647, 0.9897269606590271, 0.9938431978225708, 0.9956339001655579, 0.9970914125442505, 0.9985324740409851, 0.9994685649871826, 1.0], "true_cdf": [0.8079877495765686, 0.9293000102043152, 0.9839000105857849, 1.0, 1.0, 1.0, 1.0, 1.0, 1.0, 1.0, 1.0, 1.0, 1.0, 1.0, 1.0, 1.0, 1.0]}, {"sid": 292, "pred_cdf": [0.42950165271759033, 0.4806150794029236, 0.5879114866256714, 0.6927395462989807, 0.7533301115036011, 0.7887571454048157, 0.8125244975090027, 0.8301312327384949, 0.8712241053581238, 0.9225654602050781, 0.9452642798423767, 0.9627087712287903, 0.9731812477111816, 0.9808957576751709, 0.9892130494117737, 0.9956191182136536, 0.9999998807907104], "true_cdf": [0.4441100060939789, 0.4441100060939789, 0.5793200135231018, 0.6884200572967529, 0.7553600072860718, 0.800540030002594, 0.8256400227546692, 0.8403600454330444, 0.8791800141334534, 0.9402300119400024, 0.9613999724388123, 0.9900000095367432, 1.0, 1.0, 1.0, 1.0, 1.0]}, {"sid": 183, "pred_cdf": [0.09412702172994614, 0.14970752596855164, 0.3729710578918457, 0.6891945600509644, 0.8621557950973511, 0.9016642570495605, 0.9198803901672363, 0.9302276968955994, 0.9496433734893799, 0.9656203389167786, 0.9764705896377563, 0.9832614660263062, 0.9879050254821777, 0.9911807179450989, 0.9944878816604614, 0.9976674914360046, 1.0], "true_cdf": [0.13041000068187714, 0.13041000068187714, 0.3221900165081024, 0.6558899879455566, 0.8433600068092346, 0.9042500257492065, 0.938289999961853, 0.9502699971199036, 0.9814399480819702, 1.0, 1.0, 1.0, 1.0, 1.0, 1.0, 1.0, 1.0]}, {"sid": 229, "pred_cdf": [0.01077188178896904, 0.016529424116015434, 0.020773421972990036, 0.12093746662139893, 0.420468270778656, 0.7510278224945068, 0.8640888929367065, 0.8819828629493713, 0.966504693031311, 0.9892552495002747, 0.9952811002731323, 0.9967091083526611, 0.9980020523071289, 0.9986850023269653, 0.9992374777793884, 0.9996378421783447, 0.9999998807907104], "true_cdf": [0.0017600000137463212, 0.0017600000137463212, 0.006449999753385782, 0.07440999895334244, 0.3632799983024597, 0.8378999829292297, 0.9498100280761719, 0.969730019569397, 0.9908300042152405, 0.9983899593353271, 1.0, 1.0, 1.0, 1.0, 1.0, 1.0, 1.0]}, {"sid": 230, "pred_cdf": [0.0208946131169796, 0.027994103729724884, 0.03198100998997688, 0.11646215617656708, 0.33763813972473145, 0.6556857228279114, 0.7932995557785034, 0.8195452690124512, 0.9389973878860474, 0.977936327457428, 0.9898487329483032, 0.9929289817810059, 0.9956896901130676, 0.9970725774765015, 0.9982874989509583, 0.99921053647995, 1.0], "true_cdf": [0.005519999656826258, 0.005519999656826258, 0.011030000634491444, 0.05006000027060509, 0.20492000877857208, 0.5159099698066711, 0.6996200084686279, 0.7798100113868713, 0.9070900082588196, 0.9727100133895874, 0.9927999973297119, 1.0, 1.0, 1.0, 1.0, 1.0, 1.0]}, {"sid": 290, "pred_cdf": [0.5026853084564209, 0.5526424050331116, 0.6659762263298035, 0.7583288550376892, 0.8098250031471252, 0.8345849514007568, 0.8503869771957397, 0.8636166453361511, 0.8928467631340027, 0.9366751909255981, 0.9544064998626709, 0.9692553281784058, 0.9772133827209473, 0.983900249004364, 0.9907299876213074, 0.9962707161903381, 1.0], "true_cdf": [0.580590009689331, 0.580590009689331, 0.7254499793052673, 0.8467400074005127, 0.9118699431419373, 0.9391899704933167, 0.9519200325012207, 0.9560399651527405, 0.9691399931907654, 0.9811300039291382, 0.9858899712562561, 1.0, 1.0, 1.0, 1.0, 1.0, 1.0]}, {"sid": 313, "pred_cdf": [0.6528766751289368, 0.6855653524398804, 0.7709578275680542, 0.8455817699432373, 0.8870793581008911, 0.9028924703598022, 0.9116680026054382, 0.9193583726882935, 0.9375940561294556, 0.967401921749115, 0.977096676826477, 0.9852328300476074, 0.9891539216041565, 0.9924644231796265, 0.9958983659744263, 0.9984776377677917, 1.0], "true_cdf": [0.9480000138282776, 0.9509795308113098, 0.981117308139801, 0.9925630688667297, 1.0, 1.0, 1.0, 1.0, 1.0, 1.0, 1.0, 1.0, 1.0, 1.0, 1.0, 1.0, 1.0]}, {"sid": 208, "pred_cdf": [0.28443238139152527, 0.31030479073524475, 0.6022183895111084, 0.8866515159606934, 0.9707876443862915, 0.9832627773284912, 0.9866822957992554, 0.9885058999061584, 0.9922841191291809, 0.9960022568702698, 0.9976285099983215, 0.9985734224319458, 0.9989546537399292, 0.9993088841438293, 0.9996281266212463, 0.9998671412467957, 1.0], "true_cdf": [0.16398000717163086, 0.16398000717163086, 0.41451001167297363, 0.762969970703125, 0.9451799988746643, 0.9843499660491943, 0.9902700185775757, 0.9948300123214722, 0.9975599646568298, 1.0, 1.0, 1.0, 1.0, 1.0, 1.0, 1.0, 1.0]}, {"sid": 284, "pred_cdf": [0.07400000840425491, 0.13839492201805115, 0.2163333296775818, 0.35346877574920654, 0.491909384727478, 0.578374445438385, 0.6447234749794006, 0.6863645911216736, 0.7675981521606445, 0.8451384902000427, 0.8863738775253296, 0.9156699180603027, 0.9380050897598267, 0.9549216032028198, 0.9725897312164307, 0.9884234666824341, 1.0], "true_cdf": [0.11463000625371933, 0.11463000625371933, 0.19257999956607819, 0.30347999930381775, 0.4075799882411957, 0.4857099950313568, 0.5313900113105774, 0.5549899935722351, 0.6465299725532532, 0.7646399736404419, 0.872249960899353, 0.9620999693870544, 1.0, 1.0, 1.0, 1.0, 1.0]}, {"sid": 169, "pred_cdf": [0.2610400319099426, 0.32407882809638977, 0.5145325660705566, 0.6894195079803467, 0.7867740392684937, 0.826274573802948, 0.8491266965866089, 0.86447674036026, 0.8972187638282776, 0.9385531544685364, 0.9578071236610413, 0.9715355038642883, 0.9791773557662964, 0.9850342869758606, 0.9913522601127625, 0.996398389339447, 0.9999999403953552], "true_cdf": [0.33360999822616577, 0.33360999822616577, 0.4546099901199341, 0.6077399849891663, 0.7137000560760498, 0.7789900302886963, 0.8179500102996826, 0.8343599438667297, 0.8815299868583679, 0.9329100251197815, 0.9514700174331665, 0.977590024471283, 1.0, 1.0, 1.0, 1.0, 1.0]}, {"sid": 200, "pred_cdf": [0.27040544152259827, 0.30572509765625, 0.4019237160682678, 0.7041831016540527, 0.857257604598999, 0.9043445587158203, 0.9251585006713867, 0.935901939868927, 0.9585453867912292, 0.9754660129547119, 0.9841831922531128, 0.9896875619888306, 0.9925800561904907, 0.9946699738502502, 0.9969007968902588, 0.9987369179725647, 0.9999999403953552], "true_cdf": [0.3076399862766266, 0.3076399862766266, 0.4581499993801117, 0.6967700123786926, 0.8825299739837646, 0.980910062789917, 1.0, 1.0, 1.0, 1.0, 1.0, 1.0, 1.0, 1.0, 1.0, 1.0, 1.0]}, {"sid": 213, "pred_cdf": [0.14979133009910583, 0.18177849054336548, 0.41208747029304504, 0.8179852366447449, 0.9532073140144348, 0.9735478162765503, 0.9802148342132568, 0.9833043217658997, 0.9892189502716064, 0.9935761094093323, 0.995937705039978, 0.9974003434181213, 0.9981324672698975, 0.9986921548843384, 0.9992220401763916, 0.9996813535690308, 0.9999998807907104], "true_cdf": [0.21061000227928162, 0.21061000227928162, 0.44273999333381653, 0.7117600440979004, 0.938510000705719, 1.0, 1.0, 1.0, 1.0, 1.0, 1.0, 1.0, 1.0, 1.0, 1.0, 1.0, 1.0]}, {"sid": 311, "pred_cdf": [0.4583452045917511, 0.4910743236541748, 0.7871576547622681, 0.902153491973877, 0.9391485452651978, 0.9515511393547058, 0.9568506479263306, 0.9609391689300537, 0.969452977180481, 0.9802268147468567, 0.9857224822044373, 0.99019855260849, 0.9926841259002686, 0.9949015378952026, 0.9972442984580994, 0.9989228844642639, 1.0], "true_cdf": [0.14205999672412872, 0.14205999672412872, 0.8850499987602234, 1.0, 1.0, 1.0, 1.0, 1.0, 1.0, 1.0, 1.0, 1.0, 1.0, 1.0, 1.0, 1.0, 1.0]}, {"sid": 261,