{"bin_x_log10": [-1.3010300397872925, -1.0969101190567017, -0.7958800196647644, -0.5016894936561584, -0.20065946877002716, 0.0969100147485733, 0.3010300099849701, 0.3979400396347046, 0.6989700198173523, 1.0, 1.1461280584335327, 1.3010300397872925, 1.4471580982208252, 1.4983106851577759, 1.602060079574585, 1.7481880187988281, 1.903090000152588], "predictions": [{"sid": 184, "pred_cdf": [0.036822862923145294, 0.0660690888762474, 0.1146097406744957, 0.24361833930015564, 0.4344797730445862, 0.620682954788208, 0.7216724753379822, 0.7626973390579224, 0.8425405025482178, 0.8998286724090576, 0.9227550029754639, 0.9429067373275757, 0.9605705142021179, 0.972598671913147, 0.9832155704498291, 0.9917671084403992, 1.0], "true_cdf": [0.06752000004053116, 0.06752000004053116, 0.10326000303030014, 0.18702998757362366, 0.5441100001335144, 0.6748100519180298, 0.7618200182914734, 0.7950399518013, 0.8726699948310852, 0.9305499792098999, 0.9598600268363953, 1.0, 1.0, 1.0, 1.0, 1.0, 1.0]}, {"sid": 215, "pred_cdf": [0.07291486859321594, 0.1059754490852356, 0.1414794623851776, 0.2119157612323761, 0.31119170784950256, 0.4400486350059509, 0.5358617901802063, 0.6060676574707031, 0.7223138809204102, 0.8108179569244385, 0.8517478704452515, 0.8896664977073669, 0.9198256134986877, 0.9466217160224915, 0.9681255221366882, 0.9839009046554565, 0.9999999403953552], "true_cdf": [0.06041000038385391, 0.06041000038385391, 0.09020999819040298, 0.13738000392913818, 0.19614000618457794, 0.28758999705314636, 0.4315899908542633, 0.5230399966239929, 0.7489700317382812, 0.9419800043106079, 0.9835399389266968, 1.0, 1.0, 1.0, 1.0, 1.0, 1.0]}, {"sid": 240, "pred_cdf": [0.22225266695022583, 0.31967997550964355, 0.44350719451904297, 0.5326380729675293, 0.5894278883934021, 0.6249195337295532, 0.653688371181488, 0.6897082924842834, 0.7344088554382324, 0.7891677021980286, 0.8278768062591553, 0.8684885501861572, 0.9013084769248962, 0.9308845400810242, 0.9541759490966797, 0.9760416746139526, 1.0], "true_cdf": [0.2917778789997101, 0.40015000104904175, 0.533079981803894, 0.6541699767112732, 0.7342000007629395, 0.7916100025177002, 0.8264099955558777, 0.8424099683761597, 0.8876500129699707, 0.9302499890327454, 0.9448599815368652, 0.9585800170898438, 1.0, 1.0, 1.0, 1.0, 1.0]}, {"sid": 307, "pred_cdf": [0.2045096755027771, 0.2683456540107727, 0.7350790500640869, 0.9601811170578003, 0.9940255880355835, 0.9959205985069275, 0.9965185523033142, 0.9971104264259338, 0.9979184865951538, 0.998547375202179, 0.9988750219345093, 0.999295175075531, 0.9995303153991699, 0.9996742010116577, 0.999786913394928, 0.9998811483383179, 1.0], "true_cdf": [0.09569999575614929, 0.09569999575614929, 0.7791000604629517, 0.9901999831199646, 1.0, 1.0, 1.0, 1.0, 1.0, 1.0, 1.0, 1.0, 1.0, 1.0, 1.0, 1.0, 1.0]}, {"sid": 241, "pred_cdf": [0.646235466003418, 0.7096471786499023, 0.8011232614517212, 0.8648939728736877, 0.898891806602478, 0.9108973741531372, 0.9190804362297058, 0.9297476410865784, 0.9446116089820862, 0.9604693651199341, 0.969000518321991, 0.9782430529594421, 0.984510064125061, 0.9891712069511414, 0.9927850961685181, 0.9959995746612549, 1.0], "true_cdf": [0.3024180233478546, 0.3854999840259552, 0.5078099966049194, 0.6149700284004211, 0.6838899850845337, 0.7251699566841125, 0.7486499547958374, 0.758870005607605, 0.7940899729728699, 0.8372099995613098, 0.8527899980545044, 0.9000700116157532, 0.9137699604034424, 0.9422453045845032, 1.0, 1.0, 1.0]}, {"sid": 291, "pred_cdf": [0.3125244677066803, 0.40662890672683716, 0.5352094769477844, 0.6327468156814575, 0.6908062696456909, 0.7208012938499451, 0.7449507117271423, 0.7733232378959656, 0.8105390667915344, 0.8534157276153564, 0.8815085291862488, 0.9119536280632019, 0.9349392652511597, 0.9542592763900757, 0.969542384147644, 0.983862042427063, 0.9999998807907104], "true_cdf": [0.4281800091266632, 0.4281800091266632, 0.5927900075912476, 0.7163200378417969, 0.7758300304412842, 0.8039700388908386, 0.817870020866394, 0.8266000151634216, 0.8505300283432007, 0.8819200396537781, 0.8893200159072876, 0.9154000282287598, 0.9580000042915344, 0.9718694090843201, 1.0, 1.0, 1.0]}, {"sid": 297, "pred_cdf": [0.23657341301441193, 0.35552987456321716, 0.6341150999069214, 0.7987532615661621, 0.8612610101699829, 0.8785402178764343, 0.8894806504249573, 0.902446448802948, 0.9188467264175415, 0.9363824725151062, 0.9490064978599548, 0.9626365303993225, 0.9725542068481445, 0.9804132580757141, 0.9869008660316467, 0.9929201006889343, 0.9999998807907104], "true_cdf": [0.39650002121925354, 0.39650002121925354, 0.6078799962997437, 0.745389997959137, 0.8086000084877014, 0.8360999822616577, 0.852109968662262, 0.860729992389679, 0.8833000063896179, 0.9150599837303162, 0.9195300340652466, 0.9345300197601318, 1.0, 1.0, 1.0, 1.0, 1.0]}, {"sid": 221, "pred_cdf": [0.02274150215089321, 0.061676718294620514, 0.2187807857990265, 0.605391263961792, 0.8864817023277283, 0.9509180188179016, 0.9671139717102051, 0.972629725933075, 0.9837964177131653, 0.9902735352516174, 0.9926286935806274, 0.9946594834327698, 0.9966346621513367, 0.9976253509521484, 0.9984568953514099, 0.9992799162864685, 1.0], "true_cdf": [0.06306000053882599, 0.06306000053882599, 0.16052000224590302, 0.5681399703025818, 0.8347299695014954, 0.9184300303459167, 0.9470999836921692, 0.9556900262832642, 0.9734699726104736, 0.9823499917984009, 0.9850199818611145, 0.9850199818611145, 1.0, 1.0, 1.0, 1.0, 1.0]}, {"sid": 175, "pred_cdf": [0.7318105101585388, 0.7668046355247498, 0.8028396964073181, 0.834494948387146, 0.864081859588623, 0.8828723430633545, 0.8957647681236267, 0.9112311005592346, 0.9365184307098389, 0.9606549739837646, 0.9700746536254883, 0.9799167513847351, 0.9859086871147156, 0.9909296631813049, 0.9940027594566345, 0.9966822266578674, 1.0], "true_cdf": [0.8425300121307373, 0.8425300121307373, 0.8912100195884705, 0.9155499935150146, 0.9322400093078613, 0.9447599649429321, 0.9541500210762024, 0.9590100049972534, 0.970490038394928, 0.9870400428771973, 1.0, 1.0, 1.0, 1.0, 1.0, 1.0, 1.0]}, {"sid": 303, "pred_cdf": [0.7653689980506897, 0.8085183501243591, 0.9023181200027466, 0.9558442831039429, 0.9752277135848999, 0.9795466065406799, 0.9817448258399963, 0.9850478172302246, 0.9893991947174072, 0.9934673309326172, 0.9951185584068298, 0.9969462752342224, 0.9979133605957031, 0.9986300468444824, 0.9991042613983154, 0.999472975730896, 1.0], "true_cdf": [0.5595999956130981, 0.5595999956130981, 0.9276000261306763, 0.9736000299453735, 1.0, 1.0, 1.0, 1.0, 1.0, 1.0, 1.0, 1.0, 1.0, 1.0, 1.0, 1.0, 1.0]}, {"sid": 187, "pred_cdf": [0.19214403629302979, 0.23287758231163025, 0.274413526058197, 0.33287376165390015, 0.4027896225452423, 0.48168817162513733, 0.5448657870292664, 0.6114968657493591, 0.7232029438018799, 0.8159672021865845, 0.8580152988433838, 0.8977439999580383, 0.9249627590179443, 0.9530308246612549, 0.9707412719726562, 0.9850326776504517, 1.0], "true_cdf": [0.0757099986076355, 0.0757099986076355, 0.10226999968290329, 0.13122999668121338, 0.17080999910831451, 0.23642000555992126, 0.31053000688552856, 0.3583499789237976, 0.5365899801254272, 0.8123000264167786, 0.92044997215271, 1.0, 1.0, 1.0, 1.0, 1.0, 1.0]}, {"sid": 287, "pred_cdf": [0.01768934354186058, 0.04035129398107529, 0.09002706408500671, 0.27521029114723206, 0.5859168171882629, 0.7879692316055298, 0.8649852275848389, 0.8858906030654907, 0.9311438798904419, 0.9612635374069214, 0.9706765413284302, 0.9782426357269287, 0.9863365292549133, 0.9901524186134338, 0.9937477707862854, 0.9971137642860413, 1.0], "true_cdf": [0.03279000148177147, 0.03279000148177147, 0.07238999754190445, 0.27549999952316284, 0.6084799766540527, 0.7609200477600098, 0.8328800201416016, 0.8601300120353699, 0.9044100046157837, 0.9246700406074524, 0.9246700406074524, 0.9416800141334534, 1.0, 1.0, 1.0, 1.0, 1.0]}, {"sid": 227,