{"bin_x_log10": [-1.3010300397872925, -1.0969101190567017, -0.7958800196647644, -0.5016894936561584, -0.20065946877002716, 0.0969100147485733, 0.3010300099849701, 0.3979400396347046, 0.6989700198173523, 1.0, 1.1461280584335327, 1.3010300397872925, 1.4471580982208252, 1.4983106851577759, 1.602060079574585, 1.7481880187988281, 1.903090000152588], "predictions": [{"sid": 165, "pred_cdf": [0.6199615597724915, 0.66153484582901, 0.7482240200042725, 0.8266353011131287, 0.8582581281661987, 0.8835235238075256, 0.8968525528907776, 0.9095345735549927, 0.9327712059020996, 0.9584512710571289, 0.9698812365531921, 0.9803946614265442, 0.9851304292678833, 0.9898048639297485, 0.9940575361251831, 0.9975296258926392, 1.0], "true_cdf": [0.8079877495765686, 0.9293000102043152, 0.9839000105857849, 1.0, 1.0, 1.0, 1.0, 1.0, 1.0, 1.0, 1.0, 1.0, 1.0, 1.0, 1.0, 1.0, 1.0]}, {"sid": 292, "pred_cdf": [0.4738016426563263, 0.5270534753799438, 0.6129170060157776, 0.6869050860404968, 0.7221385836601257, 0.7570677399635315, 0.7808189392089844, 0.8038210272789001, 0.8478632569313049, 0.8980952501296997, 0.9233913421630859, 0.9466245174407959, 0.9594287276268005, 0.9710164666175842, 0.9821230173110962, 0.9923151135444641, 1.0], "true_cdf": [0.4441100060939789, 0.4441100060939789, 0.5793200135231018, 0.6884200572967529, 0.7553600072860718, 0.800540030002594, 0.8256400227546692, 0.8403600454330444, 0.8791800141334534, 0.9402300119400024, 0.9613999724388123, 0.9900000095367432, 1.0, 1.0, 1.0, 1.0, 1.0]}, {"sid": 183, "pred_cdf": [0.06432618945837021, 0.11986236274242401, 0.22574833035469055, 0.49157437682151794, 0.6932229995727539, 0.7810298800468445, 0.8294083476066589, 0.8589838743209839, 0.8982953429222107, 0.928825855255127, 0.9491574168205261, 0.9633382558822632, 0.9727722406387329, 0.9804667830467224, 0.9871041774749756, 0.9944171905517578, 0.9999999403953552], "true_cdf": [0.13041000068187714, 0.13041000068187714, 0.3221900165081024, 0.6558899879455566, 0.8433600068092346, 0.9042500257492065, 0.938289999961853, 0.9502699971199036, 0.9814399480819702, 1.0, 1.0, 1.0, 1.0, 1.0, 1.0, 1.0, 1.0]}, {"sid": 229, "pred_cdf": [0.007901127450168133, 0.014731185510754585, 0.022214645519852638, 0.10430927574634552, 0.3324403166770935, 0.7284362316131592, 0.839704155921936, 0.8710273504257202, 0.9442145228385925, 0.9757399559020996, 0.9874598383903503, 0.9907688498497009, 0.9940924048423767, 0.9959649443626404, 0.9973416328430176, 0.998749315738678, 0.9999999403953552], "true_cdf": [0.0017600000137463212, 0.0017600000137463212, 0.006449999753385782, 0.07440999895334244, 0.3632799983024597, 0.8378999829292297, 0.9498100280761719, 0.969730019569397, 0.9908300042152405, 0.9983899593353271, 1.0, 1.0, 1.0, 1.0, 1.0, 1.0, 1.0]}, {"sid": 230, "pred_cdf": [0.01856415346264839, 0.02795739471912384, 0.033940669149160385, 0.08399856835603714, 0.20792314410209656, 0.5265478491783142, 0.6645306348800659, 0.719971239566803, 0.8584932088851929, 0.935916006565094, 0.9649513363838196, 0.9747421741485596, 0.9838205575942993, 0.9885464906692505, 0.9926878213882446, 0.9967166781425476, 1.0], "true_cdf": [0.005519999656826258, 0.005519999656826258, 0.011030000634491444, 0.05006000027060509, 0.20492000877857208, 0.5159099698066711, 0.6996200084686279, 0.7798100113868713, 0.9070900082588196, 0.9727100133895874, 0.9927999973297119, 1.0, 1.0, 1.0, 1.0, 1.0, 1.0]}, {"sid": 290, "pred_cdf": [0.47196659445762634, 0.5351735353469849, 0.6564715504646301, 0.7389987707138062, 0.7710241675376892, 0.79429030418396, 0.8112037777900696, 0.829817533493042, 0.8607826828956604, 0.9000770449638367, 0.9219155311584473, 0.9433039426803589, 0.9557272791862488, 0.9681886434555054, 0.9799197316169739, 0.9910215139389038, 1.0], "true_cdf": [0.580590009689331, 0.580590009689331, 0.7254499793052673, 0.8467400074005127, 0.9118699431419373, 0.9391899704933167, 0.9519200325012207, 0.9560399651527405, 0.9691399931907654, 0.9811300039291382, 0.9858899712562561, 1.0, 1.0, 1.0, 1.0, 1.0, 1.0]}, {"sid": 313, "pred_cdf": [0.7258273363113403, 0.7619011998176575, 0.8436217904090881, 0.898480236530304, 0.9148501753807068, 0.9247199296951294, 0.9305256009101868, 0.9376999735832214, 0.9499794840812683, 0.9673473238945007, 0.9746408462524414, 0.9824643135070801, 0.9862208962440491, 0.9905247688293457, 0.9943037629127502, 0.997657835483551, 1.0], "true_cdf": [0.9480000138282776, 0.9509795308113098, 0.981117308139801, 0.9925630688667297, 1.0, 1.0, 1.0, 1.0, 1.0, 1.0, 1.0, 1.0, 1.0, 1.0, 1.0, 1.0, 1.0]}, {"sid": 208, "pred_cdf": [0.1434890180826187, 0.2079354226589203, 0.43161243200302124, 0.7468713521957397, 0.8703750967979431, 0.9079247117042542, 0.9253723621368408, 0.9380003213882446, 0.9528729319572449, 0.9657094478607178, 0.9745416045188904, 0.9819966554641724, 0.9861568808555603, 0.9903995394706726, 0.9937933683395386, 0.9973147511482239, 0.9999999403953552], "true_cdf": [0.16398000717163086, 0.16398000717163086, 0.41451001167297363, 0.762969970703125, 0.9451799988746643, 0.9843499660491943, 0.9902700185775757, 0.9948300123214722, 0.9975599646568298, 1.0, 1.0, 1.0, 1.0, 1.0, 1.0, 1.0, 1.0]}, {"sid": 284, "pred_cdf": [0.03041841648519039, 0.0660606324672699, 0.09854497015476227, 0.19134525954723358, 0.3213011622428894, 0.4541502892971039, 0.5591857433319092, 0.6263986825942993, 0.7281222939491272, 0.8196195960044861, 0.8705907464027405, 0.9029845595359802, 0.9303870797157288, 0.9489322304725647, 0.966697633266449, 0.9848961234092712, 1.0], "true_cdf": [0.11463000625371933, 0.11463000625371933, 0.19257999956607819, 0.30347999930381775, 0.4075799882411957, 0.4857099950313568, 0.5313900113105774, 0.5549899935722351, 0.6465299725532532, 0.7646399736404419, 0.872249960899353, 0.9620999693870544, 1.0, 1.0, 1.0, 1.0, 1.0]}, {"sid": 169, "pred_cdf": [0.25799188017845154, 0.3228376507759094, 0.41819292306900024, 0.5268716216087341, 0.5931872725486755, 0.6494452953338623, 0.6908982992172241, 0.7265593409538269, 0.7883984446525574, 0.8538183569908142, 0.8917255401611328, 0.922924280166626, 0.9420163631439209, 0.9581443667411804, 0.9735494256019592, 0.9883253574371338, 1.0], "true_cdf": [0.33360999822616577, 0.33360999822616577, 0.4546099901199341, 0.6077399849891663, 0.7137000560760498, 0.7789900302886963, 0.8179500102996826, 0.8343599438667297, 0.8815299868583679, 0.9329100251197815, 0.9514700174331665, 0.977590024471283, 1.0, 1.0, 1.0, 1.0, 1.0]}, {"sid": 200, "pred_cdf": [0.18372392654418945, 0.2391483187675476, 0.3336268961429596, 0.5863230228424072, 0.732105553150177, 0.8090100288391113, 0.8465832471847534, 0.8733210563659668, 0.9098741412162781, 0.9390478134155273, 0.9571897983551025, 0.9707165956497192, 0.978084146976471, 0.9843936562538147, 0.9899495840072632, 0.9956498146057129, 1.0], "true_cdf": [0.3076399862766266, 0.3076399862766266, 0.4581499993801117, 0.6967700123786926, 0.8825299739837646, 0.980910062789917, 1.0, 1.0, 1.0, 1.0, 1.0, 1.0, 1.0, 1.0, 1.0, 1.0, 1.0]}, {"sid": 213, "pred_cdf": [0.03209928050637245, 0.06507768481969833, 0.18237866461277008, 0.6164236068725586, 0.8731515407562256, 0.93427973985672, 0.9561750888824463, 0.966020405292511, 0.977843165397644, 0.9850134253501892, 0.98968905210495, 0.9926361441612244, 0.9945845603942871, 0.9961881637573242, 0.9974079132080078, 0.9988489151000977, 0.9999999403953552], "true_cdf": [0.21061000227928162, 0.21061000227928162, 0.44273999333381653, 0.7117600440979004, 0.938510000705719, 1.0, 1.0, 1.0, 1.0, 1.0, 1.0, 1.0, 1.0, 1.0, 1.0, 1.0, 1.0]}, {"sid": 311, "pred_cdf": [0.3859367370605469, 0.4539944529533386, 0.6932392716407776, 0.8164368271827698, 0.8565191030502319, 0.8773157596588135, 0.8895607590675354, 0.9024657607078552, 0.9203354120254517, 0.9414891004562378, 0.9549912214279175, 0.9679389595985413, 0.9751020073890686, 0.982615053653717, 0.989287257194519, 0.9954412579536438, 1.0], "true_cdf": [0.14205999672412872, 0.14205999672412872, 0.8850499987602234, 1.0, 1.0, 1.0, 1.0, 1.0, 1.0, 1.0, 1.0, 1.0, 1.0, 1.0, 1.0, 1.0, 1.0]}, {"sid": 261,