{"bin_x_log10": [-1.3010300397872925, -1.0969101190567017, -0.7958800196647644, -0.5016894936561584, -0.20065946877002716, 0.0969100147485733, 0.3010300099849701, 0.3979400396347046, 0.6989700198173523, 1.0, 1.1461280584335327, 1.3010300397872925, 1.4471580982208252, 1.4983106851577759, 1.602060079574585, 1.7481880187988281, 1.903090000152588], "predictions": [{"sid": 189, "pred_cdf": [0.0899125188589096, 0.1188749447464943, 0.16551271080970764, 0.24961963295936584, 0.3465641736984253, 0.4411107003688812, 0.5079237818717957, 0.5582060217857361, 0.6640145778656006, 0.7881569266319275, 0.8550600409507751, 0.9033226370811462, 0.9414737820625305, 0.963021993637085, 0.9816365242004395, 0.9924178123474121, 1.0], "true_cdf": [0.09945999830961227, 0.09945999830961227, 0.1720000058412552, 0.30250999331474304, 0.43870997428894043, 0.49035000801086426, 0.5324699878692627, 0.5644699931144714, 0.6617099642753601, 0.7382499575614929, 0.7956500053405762, 0.862529993057251, 0.9199299812316895, 0.9463711380958557, 1.0, 1.0, 1.0]}, {"sid": 289, "pred_cdf": [0.23729537427425385, 0.2926316559314728, 0.39669734239578247, 0.5022770166397095, 0.5814169645309448, 0.6501446962356567, 0.6890307068824768, 0.7167183756828308, 0.779250979423523, 0.8717156052589417, 0.9088711738586426, 0.9455896019935608, 0.9700906872749329, 0.9812777638435364, 0.991348922252655, 0.9965797066688538, 1.0], "true_cdf": [0.5021399855613708, 0.5021399855613708, 0.6012899875640869, 0.6812100410461426, 0.7500100135803223, 0.7948600053787231, 0.8208299875259399, 0.8359999656677246, 0.8747899532318115, 0.9591999650001526, 0.9789000153541565, 0.985770046710968, 1.0, 1.0, 1.0, 1.0, 1.0]}, {"sid": 172, "pred_cdf": [0.5220773816108704, 0.6498593688011169, 0.7734733819961548, 0.8379290103912354, 0.8650482892990112, 0.897450864315033, 0.9071928262710571, 0.9136236906051636, 0.9328051805496216, 0.9641277194023132, 0.9735060334205627, 0.9865977168083191, 0.9941664338111877, 0.9962752461433411, 0.998772144317627, 0.9995620846748352, 1.0], "true_cdf": [0.626990020275116, 0.626990020275116, 0.7318699359893799, 0.8058100342750549, 0.8491899967193604, 0.873710036277771, 0.8880500197410583, 0.8955900073051453, 0.920490026473999, 0.945360004901886, 0.954479992389679, 0.9787200093269348, 1.0, 1.0, 1.0, 1.0, 1.0]}, {"sid": 203, "pred_cdf": [0.16363349556922913, 0.1867847889661789, 0.5765953660011292, 0.8774863481521606, 0.9647908210754395, 0.979888916015625, 0.9830959439277649, 0.9854282140731812, 0.9897152185440063, 0.9943588972091675, 0.9961965084075928, 0.9979141354560852, 0.998897135257721, 0.999272346496582, 0.9996063113212585, 0.9998687505722046, 1.0], "true_cdf": [0.21884000301361084, 0.21884000301361084, 0.5410000085830688, 0.8689800500869751, 0.985319972038269, 1.0, 1.0, 1.0, 1.0, 1.0, 1.0, 1.0, 1.0, 1.0, 1.0, 1.0, 1.0]}, {"sid": 179, "pred_cdf": [0.31310954689979553, 0.4534682631492615, 0.8466922044754028, 0.9407908916473389, 0.9573026299476624, 0.9654076099395752, 0.9671338200569153, 0.9685551524162292, 0.9735344052314758, 0.98145592212677, 0.9848203659057617, 0.9904782176017761, 0.9953042268753052, 0.9971627593040466, 0.9989217519760132, 0.9995986819267273, 1.0], "true_cdf": [0.2910796105861664, 0.4842499792575836, 0.792460024356842, 0.959850013256073, 0.9950599670410156, 0.995680034160614, 0.995680034160614, 0.9962899684906006, 1.0, 1.0, 1.0, 1.0, 1.0, 1.0, 1.0, 1.0, 1.0]}, {"sid": 202, "pred_cdf": [0.2679779827594757, 0.36064672470092773, 0.5022555589675903, 0.5865378975868225, 0.6279196739196777, 0.6633524298667908, 0.681094765663147, 0.6964802145957947, 0.7398647665977478, 0.7964150309562683, 0.8319246768951416, 0.8744752407073975, 0.9240093231201172, 0.9519014954566956, 0.9762924909591675, 0.9894363880157471, 0.9999999403953552], "true_cdf": [0.30351001024246216, 0.30351001024246216, 0.4102799892425537, 0.5112900137901306, 0.5672000050544739, 0.594789981842041, 0.6094200015068054, 0.617579996585846, 0.6382099986076355, 0.6558200120925903, 0.6648300290107727, 0.6708799600601196, 0.7059600353240967, 0.724779486656189, 0.7629500031471252, 1.0, 1.0]}, {"sid": 266, "pred_cdf": [0.2178722470998764, 0.3363510072231293, 0.8669167757034302, 0.978990912437439, 0.9914239645004272, 0.995146632194519, 0.9954984784126282, 0.9957672953605652, 0.9965431690216064, 0.9980564713478088, 0.9984937310218811, 0.999338686466217, 0.9997255206108093, 0.9998229742050171, 0.9999391436576843, 0.9999806880950928, 0.9999998807907104], "true_cdf": [0.16061170399188995, 0.30476999282836914, 0.7801100015640259, 1.0, 1.0, 1.0, 1.0, 1.0, 1.0, 1.0, 1.0, 1.0, 1.0, 1.0, 1.0, 1.0, 1.0]}, {"sid": 177, "pred_cdf": [0.13307514786720276, 0.18623614311218262, 0.2597525715827942, 0.3236464858055115, 0.37073951959609985, 0.41332828998565674, 0.4462900161743164, 0.4803178310394287, 0.5545923113822937, 0.6489355564117432, 0.7173394560813904, 0.7775481939315796, 0.8503559827804565, 0.9038217067718506, 0.9470353126525879, 0.9751642942428589, 0.9999998807907104], "true_cdf": [0.10862390697002411, 0.16228000819683075, 0.24849000573158264, 0.31856000423431396, 0.37480998039245605, 0.4236699938774109, 0.4633200168609619, 0.4882199764251709, 0.5656700134277344, 0.6571199893951416, 0.7260900139808655, 0.7996900081634521, 0.9153800010681152, 0.9433236718177795, 1.0, 1.0, 1.0]}, {"sid": 285, "pred_cdf": [0.2791120111942291, 0.3796667456626892, 0.536237359046936, 0.6650958061218262, 0.739842414855957, 0.8089971542358398, 0.8292332291603088, 0.843549907207489, 0.8794569373130798, 0.9381389021873474, 0.9563696384429932, 0.9789031744003296, 0.9897091388702393, 0.9933242797851562, 0.9973311424255371, 0.9989641904830933, 0.9999998807907104], "true_cdf": [0.23701700568199158, 0.3009699881076813, 0.4607899785041809, 0.6177600026130676, 0.7374199628829956, 0.8071900010108948, 0.8445099592208862, 0.8615400195121765, 0.9061599969863892, 0.9525700211524963, 0.9644500017166138, 0.9723399877548218, 1.0, 1.0, 1.0, 1.0, 1.0]}, {"sid": 294, "pred_cdf": [0.193210169672966, 0.2693585157394409, 0.3788214921951294, 0.4810895621776581, 0.5545650720596313, 0.6199603080749512, 0.6521760821342468, 0.6791380047798157, 0.738594651222229, 0.8362836837768555, 0.8787956237792969, 0.9243729710578918, 0.9559583067893982, 0.9719349145889282, 0.9868961572647095, 0.9943383932113647, 1.0], "true_cdf": [0.27952998876571655, 0.27952998876571655, 0.3924899995326996, 0.5180500149726868, 0.5917999744415283, 0.6396499872207642, 0.6720200181007385, 0.6907299757003784, 0.7439700365066528, 0.8371700048446655, 0.8987699747085571, 0.9530400037765503, 1.0, 1.0, 1.0, 1.0, 1.0]}, {"sid": 206, "pred_cdf": [0.12939414381980896, 0.15050089359283447, 0.2170310616493225, 0.37009304761886597, 0.5507698655128479, 0.6863146424293518, 0.7595743536949158, 0.8034152388572693, 0.8786634802818298, 0.9408801794052124, 0.9678494334220886, 0.9821069836616516, 0.9894111752510071, 0.9930048584938049, 0.9963650703430176, 0.9986044764518738, 1.0], "true_cdf": [0.1810300052165985, 0.1810300052165985, 0.29168999195098877, 0.4319800138473511, 0.5750499963760376, 0.7259799838066101, 0.8292299509048462, 0.8917400240898132, 0.9500800371170044, 0.9932399988174438, 0.9953800439834595, 1.0, 1.0, 1.0, 1.0, 1.0, 1.0]}, {"sid": 216, "pred_cdf": [0.39344245195388794, 0.46930789947509766, 0.6384944915771484, 0.7611249089241028, 0.8125702738761902, 0.8492870330810547, 0.8657362461090088, 0.8769053220748901, 0.9068856835365295, 0.9454241394996643, 0.9599621891975403, 0.976416826248169, 0.9882810115814209, 0.992343008518219, 0.9967713952064514, 0.9988132119178772, 0.9999999403953552], "true_cdf": [0.2946600019931793, 0.2946600019931793, 0.4281800091266632, 0.5879200100898743, 0.7375199794769287, 0.8329399824142456, 0.8717400431632996, 0.8916699886322021, 0.9378100037574768, 0.975059986114502, 0.9842099547386169, 1.0, 1.0, 1.0, 1.0, 1.0, 1.0]}, {"sid": 228,