{"bin_x_log10": [-1.3010300397872925, -1.0969101190567017, -0.7958800196647644, -0.5016894936561584, -0.20065946877002716, 0.0969100147485733, 0.3010300099849701, 0.3979400396347046, 0.6989700198173523, 1.0, 1.1461280584335327, 1.3010300397872925, 1.4471580982208252, 1.4983106851577759, 1.602060079574585, 1.7481880187988281, 1.903090000152588], "predictions": [{"sid": 191, "pred_cdf": [0.07229211181402206, 0.09445271641016006, 0.11874967813491821, 0.19055241346359253, 0.33005017042160034, 0.49041950702667236, 0.5952489972114563, 0.6478875875473022, 0.775489091873169, 0.8744952082633972, 0.9120907187461853, 0.9396198391914368, 0.9599060416221619, 0.9744302034378052, 0.9862608313560486, 0.9943810701370239, 0.9999999403953552], "true_cdf": [0.06860999763011932, 0.06860999763011932, 0.12729999423027039, 0.22410999238491058, 0.38457000255584717, 0.5557000041007996, 0.6631799936294556, 0.7142600417137146, 0.8366000652313232, 0.9385600090026855, 0.969539999961853, 0.9873200058937073, 1.0, 1.0, 1.0, 1.0, 1.0]}, {"sid": 286, "pred_cdf": [0.02377505414187908, 0.050207965075969696, 0.18214711546897888, 0.6053110957145691, 0.8939774632453918, 0.9640903472900391, 0.9750396013259888, 0.9801294207572937, 0.9907626509666443, 0.9962149262428284, 0.9973224997520447, 0.9985167384147644, 0.9990778565406799, 0.9993763566017151, 0.9996613264083862, 0.9999050498008728, 1.0], "true_cdf": [0.03268999978899956, 0.03268999978899956, 0.0985499918460846, 0.5195800065994263, 0.965969979763031, 0.977679967880249, 0.977679967880249, 0.977679967880249, 0.977679967880249, 0.9836599826812744, 0.9871099591255188, 1.0, 1.0, 1.0, 1.0, 1.0, 1.0]}, {"sid": 214, "pred_cdf": [0.1495915949344635, 0.2101409137248993, 0.28401434421539307, 0.3955637812614441, 0.5070622563362122, 0.5768643021583557, 0.623935878276825, 0.6640562415122986, 0.7278090715408325, 0.7941529750823975, 0.8367301225662231, 0.8772208094596863, 0.9099206924438477, 0.9367785453796387, 0.9617310166358948, 0.9830511212348938, 0.9999998807907104], "true_cdf": [0.16741999983787537, 0.16741999983787537, 0.24132999777793884, 0.34007999300956726, 0.4506100118160248, 0.5578600168228149, 0.6258800029754639, 0.6572699546813965, 0.7520999908447266, 0.8569599986076355, 0.9546900391578674, 1.0, 1.0, 1.0, 1.0, 1.0, 1.0]}, {"sid": 209, "pred_cdf": [0.1595427542924881, 0.2283509075641632, 0.33432772755622864, 0.469974160194397, 0.5916465520858765, 0.6548107862472534, 0.6920056939125061, 0.7261472344398499, 0.7826564311981201, 0.8452410697937012, 0.8790684938430786, 0.9136888980865479, 0.9388658404350281, 0.9565050005912781, 0.9744530320167542, 0.9885969161987305, 1.0], "true_cdf": [0.24927999079227448, 0.24927999079227448, 0.3625600039958954, 0.4954899847507477, 0.6198300123214722, 0.7146900296211243, 0.7662599682807922, 0.7935799956321716, 0.8660399913787842, 0.9112000465393066, 0.9444599747657776, 1.0, 1.0, 1.0, 1.0, 1.0, 1.0]}, {"sid": 176, "pred_cdf": [0.14792916178703308, 0.22053664922714233, 0.30655932426452637, 0.40144285559654236, 0.4959357976913452, 0.5544469356536865, 0.593282163143158, 0.6357067823410034, 0.6994213461875916, 0.7794747948646545, 0.8239420056343079, 0.8685153722763062, 0.9056652188301086, 0.9313098788261414, 0.9582106471061707, 0.9801817536354065, 0.9999998211860657], "true_cdf": [0.22381000220775604, 0.22381000220775604, 0.275270015001297, 0.3440900146961212, 0.4131999909877777, 0.46855998039245605, 0.5101500153541565, 0.5352799892425537, 0.6220500469207764, 0.7789099812507629, 0.8327600359916687, 0.8744499683380127, 0.918690025806427, 0.9455406069755554, 1.0, 1.0, 1.0]}, {"sid": 231, "pred_cdf": [0.049090247601270676, 0.05903754383325577, 0.06912396103143692, 0.14040803909301758, 0.34277722239494324, 0.6344367265701294, 0.7687309980392456, 0.8042596578598022, 0.9205989241600037, 0.9726422429084778, 0.9824400544166565, 0.9888654351234436, 0.9932994842529297, 0.9959626793861389, 0.9978915452957153, 0.9992556571960449, 0.9999999403953552], "true_cdf": [0.05449000000953674, 0.05449000000953674, 0.09013999998569489, 0.15672999620437622, 0.31481000781059265, 0.6423999667167664, 0.7964499592781067, 0.8388300538063049, 0.9531800150871277, 0.9940299987792969, 1.0, 1.0, 1.0, 1.0, 1.0, 1.0, 1.0]}, {"sid": 234, "pred_cdf": [0.025669965893030167, 0.04072964936494827, 0.06022080034017563, 0.17608018219470978, 0.4230780303478241, 0.6861950159072876, 0.7940618395805359, 0.8319684267044067, 0.9204015135765076, 0.9667325019836426, 0.9773525595664978, 0.9849948287010193, 0.9903076887130737, 0.9937072992324829, 0.9966641068458557, 0.998812198638916, 0.9999999403953552], "true_cdf": [0.016429999843239784, 0.016429999843239784, 0.016429999843239784, 0.10057000070810318, 0.4088600277900696, 0.7197699546813965, 0.7993099689483643, 0.8301999568939209, 0.8814700245857239, 0.9230899810791016, 0.9769099950790405, 0.9769099950790405, 1.0, 1.0, 1.0, 1.0, 1.0]}, {"sid": 193, "pred_cdf": [0.19236542284488678, 0.2429105043411255, 0.31666573882102966, 0.4345974028110504, 0.5589117407798767, 0.6357002854347229, 0.6833875179290771, 0.7198322415351868, 0.7884540557861328, 0.8593220710754395, 0.8943008184432983, 0.9250280261039734, 0.9486629962921143, 0.9645780324935913, 0.979640781879425, 0.9911297559738159, 1.0], "true_cdf": [0.17069999873638153, 0.17069999873638153, 0.2858400046825409, 0.44071999192237854, 0.5831300020217896, 0.6773999929428101, 0.7322799563407898, 0.7592199444770813, 0.844730019569397, 0.9621299505233765, 1.0, 1.0, 1.0, 1.0, 1.0, 1.0, 1.0]}, {"sid": 168, "pred_cdf": [0.7260574698448181, 0.7520520091056824, 0.8073338866233826, 0.8468217849731445, 0.8840245008468628, 0.9091165065765381, 0.9180730581283569, 0.9278227686882019, 0.9488641023635864, 0.9771367311477661, 0.9844330549240112, 0.9905538558959961, 0.9943886399269104, 0.9961293935775757, 0.9982688426971436, 0.9992683529853821, 0.9999999403953552], "true_cdf": [0.7403600215911865, 0.7403600215911865, 0.7925199866294861, 0.8399500250816345, 0.8763099908828735, 0.9100300073623657, 0.9358499646186829, 0.9474400281906128, 0.9795899987220764, 0.9973800182342529, 1.0, 1.0, 1.0, 1.0, 1.0, 1.0, 1.0]}, {"sid": 219, "pred_cdf": [0.033055346459150314, 0.06868551671504974, 0.16665588319301605, 0.48696887493133545, 0.7784626483917236, 0.8927063941955566, 0.9215032458305359, 0.9370891451835632, 0.9653124809265137, 0.9820794463157654, 0.9868932962417603, 0.9915984869003296, 0.9943133592605591, 0.9961552023887634, 0.9978670477867126, 0.9992835521697998, 1.0], "true_cdf": [0.04968999698758125, 0.04968999698758125, 0.1322999894618988, 0.5259799957275391, 0.7931700348854065, 0.8628700375556946, 0.8848100304603577, 0.8925599455833435, 0.9196600317955017, 0.9483500123023987, 0.9711599946022034, 0.9821799993515015, 1.0, 1.0, 1.0, 1.0, 1.0]}, {"sid": 211, "pred_cdf": [0.17987392842769623, 0.2380726933479309, 0.3780374228954315, 0.6378111839294434, 0.8292164206504822, 0.8886061906814575, 0.9084388017654419, 0.9227083921432495, 0.9470560550689697, 0.9657894372940063, 0.9740513563156128, 0.9825825691223145, 0.9880988597869873, 0.9919560551643372, 0.9953315854072571, 0.9981555938720703, 1.0], "true_cdf": [0.19780999422073364, 0.19780999422073364, 0.3982899785041809, 0.7858799695968628, 0.9698699712753296, 0.9948199987411499, 0.9970500469207764, 0.9979400038719177, 0.9983899593353271, 1.0, 1.0, 1.0, 1.0, 1.0, 1.0, 1.0, 1.0]}, {"sid": 277, "pred_cdf": [0.18750980496406555, 0.2619553506374359, 0.4106796383857727, 0.564265251159668, 0.6847319006919861, 0.7420837879180908, 0.7704401016235352, 0.7975251078605652, 0.8429445028305054, 0.8940891027450562, 0.9182596206665039, 0.9439440369606018, 0.9612768292427063, 0.9725154042243958, 0.9843358993530273, 0.993224024772644, 0.9999998807907104], "true_cdf": [0.3308500051498413, 0.3308500051498413, 0.4747700095176697, 0.6038100123405457, 0.6990899443626404, 0.7634100317955017, 0.7975800037384033, 0.8172799944877625, 0.8667299747467041, 0.9214399456977844, 0.9479699730873108, 0.9669100046157837, 1.0, 1.0, 1.0, 1.0, 1.0]}, {"sid": 279,