{"bin_x_log10": [-1.3010300397872925, -1.0969101190567017, -0.7958800196647644, -0.5016894936561584, -0.20065946877002716, 0.0969100147485733, 0.3010300099849701, 0.3979400396347046, 0.6989700198173523, 1.0, 1.1461280584335327, 1.3010300397872925, 1.4471580982208252, 1.4983106851577759, 1.602060079574585, 1.7481880187988281, 1.903090000152588], "predictions": [{"sid": 184, "pred_cdf": [0.08930515497922897, 0.11165483295917511, 0.15824684500694275, 0.2841249704360962, 0.4428858160972595, 0.6058542728424072, 0.7035021781921387, 0.7431806325912476, 0.8483267426490784, 0.9143496155738831, 0.951294481754303, 0.9716045260429382, 0.982628583908081, 0.9897116422653198, 0.9945859313011169, 0.997521162033081, 1.0], "true_cdf": [0.06752000004053116, 0.06752000004053116, 0.10326000303030014, 0.18702998757362366, 0.5441100001335144, 0.6748100519180298, 0.7618200182914734, 0.7950399518013, 0.8726699948310852, 0.9305499792098999, 0.9598600268363953, 1.0, 1.0, 1.0, 1.0, 1.0, 1.0]}, {"sid": 215, "pred_cdf": [0.09468318521976471, 0.11541286110877991, 0.15685102343559265, 0.2725154757499695, 0.41892218589782715, 0.5763776898384094, 0.6768245100975037, 0.7206982374191284, 0.8325449824333191, 0.90350341796875, 0.9436644911766052, 0.9652041792869568, 0.9791273474693298, 0.9877668023109436, 0.9936410188674927, 0.9970830678939819, 1.0], "true_cdf": [0.06041000038385391, 0.06041000038385391, 0.09020999819040298, 0.13738000392913818, 0.19614000618457794, 0.28758999705314636, 0.4315899908542633, 0.5230399966239929, 0.7489700317382812, 0.9419800043106079, 0.9835399389266968, 1.0, 1.0, 1.0, 1.0, 1.0, 1.0]}, {"sid": 240, "pred_cdf": [0.23441101610660553, 0.36041122674942017, 0.5173308253288269, 0.6329703330993652, 0.7068248987197876, 0.7488040924072266, 0.7690718173980713, 0.788269579410553, 0.8309388160705566, 0.8897610306739807, 0.9183357357978821, 0.947637677192688, 0.9653646349906921, 0.9776538610458374, 0.9872929453849792, 0.9945790767669678, 1.0], "true_cdf": [0.2917778789997101, 0.40015000104904175, 0.533079981803894, 0.6541699767112732, 0.7342000007629395, 0.7916100025177002, 0.8264099955558777, 0.8424099683761597, 0.8876500129699707, 0.9302499890327454, 0.9448599815368652, 0.9585800170898438, 1.0, 1.0, 1.0, 1.0, 1.0]}, {"sid": 307, "pred_cdf": [0.0690218061208725, 0.10819186270236969, 0.7007162570953369, 0.964022159576416, 0.9965189099311829, 0.9987024068832397, 0.9988552927970886, 0.9989781379699707, 0.9992936253547668, 0.9996854066848755, 0.9997868537902832, 0.9998899698257446, 0.9999493956565857, 0.9999701380729675, 0.9999859929084778, 0.9999943375587463, 1.0], "true_cdf": [0.09569999575614929, 0.09569999575614929, 0.7791000604629517, 0.9901999831199646, 1.0, 1.0, 1.0, 1.0, 1.0, 1.0, 1.0, 1.0, 1.0, 1.0, 1.0, 1.0, 1.0]}, {"sid": 241, "pred_cdf": [0.3294306695461273, 0.4148027002811432, 0.49925878643989563, 0.5650520324707031, 0.6321896910667419, 0.6937040090560913, 0.7231948375701904, 0.7496698498725891, 0.8181072473526001, 0.9064940810203552, 0.9411163330078125, 0.9684221148490906, 0.9795380234718323, 0.9882676005363464, 0.9933640956878662, 0.9970710873603821, 1.0], "true_cdf": [0.3024180233478546, 0.3854999840259552, 0.5078099966049194, 0.6149700284004211, 0.6838899850845337, 0.7251699566841125, 0.7486499547958374, 0.758870005607605, 0.7940899729728699, 0.8372099995613098, 0.8527899980545044, 0.9000700116157532, 0.9137699604034424, 0.9422453045845032, 1.0, 1.0, 1.0]}, {"sid": 291, "pred_cdf": [0.3034273684024811, 0.4043259918689728, 0.5441353917121887, 0.6444575786590576, 0.718534529209137, 0.7649321556091309, 0.7838419079780579, 0.8023749589920044, 0.8476752638816833, 0.9154176712036133, 0.9398795962333679, 0.9657033085823059, 0.9774588942527771, 0.9859021306037903, 0.9923694729804993, 0.9967563152313232, 1.0], "true_cdf": [0.4281800091266632, 0.4281800091266632, 0.5927900075912476, 0.7163200378417969, 0.7758300304412842, 0.8039700388908386, 0.817870020866394, 0.8266000151634216, 0.8505300283432007, 0.8819200396537781, 0.8893200159072876, 0.9154000282287598, 0.9580000042915344, 0.9718694090843201, 1.0, 1.0, 1.0]}, {"sid": 297, "pred_cdf": [0.18732604384422302, 0.2975631654262543, 0.5077457427978516, 0.6591723561286926, 0.7405508756637573, 0.7787536978721619, 0.7968430519104004, 0.8137741684913635, 0.8501940965652466, 0.8998586535453796, 0.9230124950408936, 0.9492260217666626, 0.9665159583091736, 0.9780553579330444, 0.9881436228752136, 0.994970440864563, 1.0], "true_cdf": [0.39650002121925354, 0.39650002121925354, 0.6078799962997437, 0.745389997959137, 0.8086000084877014, 0.8360999822616577, 0.852109968662262, 0.860729992389679, 0.8833000063896179, 0.9150599837303162, 0.9195300340652466, 0.9345300197601318, 1.0, 1.0, 1.0, 1.0, 1.0]}, {"sid": 221, "pred_cdf": [0.05479760468006134, 0.06977095454931259, 0.17868174612522125, 0.6234581470489502, 0.8756060004234314, 0.9569732546806335, 0.9725399613380432, 0.9767445921897888, 0.9896025657653809, 0.996100664138794, 0.9981978535652161, 0.9990292191505432, 0.9995401501655579, 0.9997378587722778, 0.999857485294342, 0.9999400973320007, 1.0], "true_cdf": [0.06306000053882599, 0.06306000053882599, 0.16052000224590302, 0.5681399703025818, 0.8347299695014954, 0.9184300303459167, 0.9470999836921692, 0.9556900262832642, 0.9734699726104736, 0.9823499917984009, 0.9850199818611145, 0.9850199818611145, 1.0, 1.0, 1.0, 1.0, 1.0]}, {"sid": 175, "pred_cdf": [0.6984558701515198, 0.7532106041908264, 0.7934873104095459, 0.8202759027481079, 0.8617395758628845, 0.894533097743988, 0.9047194123268127, 0.9144620895385742, 0.9407968521118164, 0.9764367938041687, 0.9863544702529907, 0.9938937425613403, 0.9964736700057983, 0.9981907606124878, 0.9990400671958923, 0.9995802640914917, 0.9999999403953552], "true_cdf": [0.8425300121307373, 0.8425300121307373, 0.8912100195884705, 0.9155499935150146, 0.9322400093078613, 0.9447599649429321, 0.9541500210762024, 0.9590100049972534, 0.970490038394928, 0.9870400428771973, 1.0, 1.0, 1.0, 1.0, 1.0, 1.0, 1.0]}, {"sid": 303, "pred_cdf": [0.46261581778526306, 0.5855924487113953, 0.8792663812637329, 0.9572197794914246, 0.9837713837623596, 0.9891631007194519, 0.989891767501831, 0.9908886551856995, 0.993424654006958, 0.9972952008247375, 0.9982784390449524, 0.999284565448761, 0.9996110796928406, 0.999778687953949, 0.9998939037322998, 0.9999513626098633, 0.9999999403953552], "true_cdf": [0.5595999956130981, 0.5595999956130981, 0.9276000261306763, 0.9736000299453735, 1.0, 1.0, 1.0, 1.0, 1.0, 1.0, 1.0, 1.0, 1.0, 1.0, 1.0, 1.0, 1.0]}, {"sid": 187, "pred_cdf": [0.10408911854028702, 0.12984567880630493, 0.15895606577396393, 0.19997775554656982, 0.26733335852622986, 0.376248836517334, 0.46479663252830505, 0.51524817943573, 0.6624377369880676, 0.8099911212921143, 0.8904515504837036, 0.9405680894851685, 0.9631481766700745, 0.9804106950759888, 0.9899652600288391, 0.995431125164032, 1.0], "true_cdf": [0.0757099986076355, 0.0757099986076355, 0.10226999968290329, 0.13122999668121338, 0.17080999910831451, 0.23642000555992126, 0.31053000688552856, 0.3583499789237976, 0.5365899801254272, 0.8123000264167786, 0.92044997215271, 1.0, 1.0, 1.0, 1.0, 1.0, 1.0]}, {"sid": 287, "pred_cdf": [0.04920210316777229, 0.06342223286628723, 0.1007104218006134, 0.27992239594459534, 0.5220040082931519, 0.7490551471710205, 0.8298760056495667, 0.8527355194091797, 0.9294070601463318, 0.968752920627594, 0.9860639572143555, 0.9932263493537903, 0.9964258074760437, 0.9980446100234985, 0.998940646648407, 0.9995121955871582, 1.0], "true_cdf": [0.03279000148177147, 0.03279000148177147, 0.07238999754190445, 0.27549999952316284, 0.6084799766540527, 0.7609200477600098, 0.8328800201416016, 0.8601300120353699, 0.9044100046157837, 0.9246700406074524, 0.9246700406074524, 0.9416800141334534, 1.0, 1.0, 1.0, 1.0, 1.0]}, {"sid": 227,