{"bin_x_log10": [-1.3010300397872925, -1.0969101190567017, -0.7958800196647644, -0.5016894936561584, -0.20065946877002716, 0.0969100147485733, 0.3010300099849701, 0.3979400396347046, 0.6989700198173523, 1.0, 1.1461280584335327, 1.3010300397872925, 1.4471580982208252, 1.4983106851577759, 1.602060079574585, 1.7481880187988281, 1.903090000152588], "predictions": [{"sid": 197, "pred_cdf": [0.33934250473976135, 0.40075942873954773, 0.5035920739173889, 0.6067381501197815, 0.6899727582931519, 0.7356376051902771, 0.7707163095474243, 0.7983838319778442, 0.8489734530448914, 0.8953352570533752, 0.9224074482917786, 0.9422175884246826, 0.9574408531188965, 0.972488522529602, 0.9836708903312683, 0.9916381239891052, 1.0], "true_cdf": [0.4213600158691406, 0.4213600158691406, 0.5203199982643127, 0.6100999712944031, 0.6855100393295288, 0.7461699843406677, 0.7840699553489685, 0.8060199618339539, 0.8698599934577942, 0.9378700256347656, 0.97461998462677, 1.0, 1.0, 1.0, 1.0, 1.0, 1.0]}, {"sid": 246, "pred_cdf": [0.5186611413955688, 0.5617273449897766, 0.8362526893615723, 0.9553523063659668, 0.9814389944076538, 0.9851758480072021, 0.9871839880943298, 0.9883857369422913, 0.9919314384460449, 0.994163453578949, 0.9962080121040344, 0.9974353909492493, 0.9981380701065063, 0.9988375306129456, 0.9993910789489746, 0.9996597766876221, 0.9999999403953552], "true_cdf": [0.5214319229125977, 0.8041599988937378, 0.978630006313324, 1.0, 1.0, 1.0, 1.0, 1.0, 1.0, 1.0, 1.0, 1.0, 1.0, 1.0, 1.0, 1.0, 1.0]}, {"sid": 195, "pred_cdf": [0.5903597474098206, 0.639594316482544, 0.7903062701225281, 0.8952129483222961, 0.9344342350959778, 0.9463908076286316, 0.9536185264587402, 0.9588375687599182, 0.9702949523925781, 0.9796366691589355, 0.986315906047821, 0.990390419960022, 0.9929457902908325, 0.9956232905387878, 0.9976146221160889, 0.9987123608589172, 1.0], "true_cdf": [0.8784500360488892, 0.8784500360488892, 0.9434999823570251, 0.960889995098114, 0.975059986114502, 0.9840700030326843, 0.9905100464820862, 0.9905100464820862, 0.9969499707221985, 1.0, 1.0, 1.0, 1.0, 1.0, 1.0, 1.0, 1.0]}, {"sid": 182, "pred_cdf": [0.02433352917432785, 0.04538614675402641, 0.065983846783638, 0.13500657677650452, 0.29973262548446655, 0.5320265293121338, 0.6523325443267822, 0.7252163887023926, 0.8156875967979431, 0.8984739780426025, 0.9239071607589722, 0.9438027143478394, 0.9617604613304138, 0.9747196435928345, 0.9863017797470093, 0.9936296343803406, 1.0], "true_cdf": [0.02701999992132187, 0.02701999992132187, 0.06137000024318695, 0.11771000176668167, 0.20802000164985657, 0.341949999332428, 0.4611999988555908, 0.5210300087928772, 0.7541400194168091, 0.9384400248527527, 0.9676799774169922, 1.0, 1.0, 1.0, 1.0, 1.0, 1.0]}, {"sid": 226, "pred_cdf": [0.009541936218738556, 0.02779824659228325, 0.08555823564529419, 0.4278792142868042, 0.7824727296829224, 0.9352306127548218, 0.9598562121391296, 0.9696804881095886, 0.9841642379760742, 0.9907714128494263, 0.9937747716903687, 0.9958701133728027, 0.9970230460166931, 0.9980762004852295, 0.9988895058631897, 0.9994767904281616, 1.0], "true_cdf": [0.003939999733120203, 0.003939999733120203, 0.032340001314878464, 0.4369800090789795, 0.7643200159072876, 0.8952500224113464, 0.9378500580787659, 0.9520400166511536, 0.9820200204849243, 0.9982700347900391, 1.0, 1.0, 1.0, 1.0, 1.0, 1.0, 1.0]}, {"sid": 225, "pred_cdf": [0.009467282332479954, 0.018712736666202545, 0.027504097670316696, 0.10482476651668549, 0.3271696865558624, 0.7413164377212524, 0.8449029922485352, 0.8929497599601746, 0.9430614113807678, 0.9784624576568604, 0.985916793346405, 0.9905567169189453, 0.9936648011207581, 0.9960142970085144, 0.9980858564376831, 0.9990766644477844, 1.0], "true_cdf": [0.022600000724196434, 0.022600000724196434, 0.02776999957859516, 0.0703900009393692, 0.2918800115585327, 0.643809974193573, 0.8155800104141235, 0.8737000226974487, 0.9576500058174133, 0.9953399896621704, 1.0, 1.0, 1.0, 1.0, 1.0, 1.0, 1.0]}, {"sid": 302, "pred_cdf": [0.09146133810281754, 0.12293243408203125, 0.6845622658729553, 0.9513533711433411, 0.9922155141830444, 0.9952911734580994, 0.9962160587310791, 0.9965848326683044, 0.997873067855835, 0.9983382225036621, 0.9988710880279541, 0.9992656707763672, 0.9994482398033142, 0.9996516108512878, 0.9997972249984741, 0.9998928904533386, 1.0], "true_cdf": [0.10600000619888306, 0.10600000619888306, 0.8693000078201294, 1.0, 1.0, 1.0, 1.0, 1.0, 1.0, 1.0, 1.0, 1.0, 1.0, 1.0, 1.0, 1.0, 1.0]}, {"sid": 218, "pred_cdf": [0.024078628048300743, 0.04107571393251419, 0.05728818476200104, 0.13221880793571472, 0.3160777986049652, 0.6137211322784424, 0.7340071797370911, 0.7991730570793152, 0.8764645457267761, 0.9416911005973816, 0.9588732123374939, 0.9706633687019348, 0.9801728129386902, 0.9872773289680481, 0.9934679865837097, 0.9968549013137817, 0.9999999403953552], "true_cdf": [0.055149998515844345, 0.055149998515844345, 0.08468000590801239, 0.1506900042295456, 0.286190003156662, 0.5480599999427795, 0.7122099995613098, 0.778659999370575, 0.9089399576187134, 0.9529799818992615, 0.9668900370597839, 1.0, 1.0, 1.0, 1.0, 1.0, 1.0]}, {"sid": 185, "pred_cdf": [0.06606821715831757, 0.101961649954319, 0.13872766494750977, 0.20161612331867218, 0.31066131591796875, 0.4299883544445038, 0.5219634771347046, 0.5889805555343628, 0.6873373985290527, 0.7882657051086426, 0.8312349915504456, 0.8693641424179077, 0.9082423448562622, 0.9384663105010986, 0.9638993740081787, 0.982977032661438, 1.0], "true_cdf": [0.15027999877929688, 0.15027999877929688, 0.20704999566078186, 0.27851998805999756, 0.3620000183582306, 0.447050005197525, 0.5002599954605103, 0.5303099751472473, 0.6095700263977051, 0.7174800038337708, 0.7775299549102783, 0.8537600040435791, 1.0, 1.0, 1.0, 1.0, 1.0]}, {"sid": 224, "pred_cdf": [0.006959870457649231, 0.015028062276542187, 0.022068852558732033, 0.071813203394413, 0.24339288473129272, 0.6442131996154785, 0.7821155786514282, 0.845876932144165, 0.9116228818893433, 0.9638564586639404, 0.9752086400985718, 0.9829010367393494, 0.9889096617698669, 0.9926674962043762, 0.9965603947639465, 0.9983721971511841, 1.0], "true_cdf": [0.0044999998062849045, 0.0044999998062849045, 0.008100000210106373, 0.03328999876976013, 0.1466600000858307, 0.5074599981307983, 0.7053999900817871, 0.7728800177574158, 0.9033399820327759, 0.9606300592422485, 0.9764900207519531, 0.9834499955177307, 1.0, 1.0, 1.0, 1.0, 1.0]}, {"sid": 212, "pred_cdf": [0.2581014931201935, 0.33416423201560974, 0.509040117263794, 0.6598144769668579, 0.7547690868377686, 0.7899755239486694, 0.8156145215034485, 0.8343323469161987, 0.8705014586448669, 0.9004064798355103, 0.9234979748725891, 0.9417729377746582, 0.956688404083252, 0.9710974097251892, 0.9817197322845459, 0.9907317161560059, 1.0], "true_cdf": [0.42528000473976135, 0.42528000473976135, 0.6177200078964233, 0.7822499871253967, 0.8914600610733032, 0.9390899538993835, 0.9535199999809265, 0.9592900276184082, 0.9761300086975098, 0.9894100427627563, 0.9944100379943848, 1.0, 1.0, 1.0, 1.0, 1.0, 1.0]}, {"sid": 199, "pred_cdf": [0.2809169888496399, 0.34779730439186096, 0.5163209438323975, 0.7247747182846069, 0.8437603712081909, 0.8804477453231812, 0.9004879593849182, 0.9132823348045349, 0.9379854798316956, 0.9559929370880127, 0.967959463596344, 0.9767102599143982, 0.9825905561447144, 0.9888890981674194, 0.9930139183998108, 0.9964248538017273, 1.0], "true_cdf": [0.3073999881744385, 0.3073999881744385, 0.522379994392395, 0.8128100037574768, 0.9495300054550171, 0.9834799766540527, 0.9957399964332581, 0.9957399964332581, 0.9957399964332581, 1.0, 1.0, 1.0, 1.0, 1.0, 1.0, 1.0, 1.0]}, {"sid": 248, "pred_cdf": [0.09562039375305176, 0.14436262845993042, 0.2065185010433197, 0.30295392870903015, 0.4490068852901459, 0.5641980767250061, 0.6430898904800415, 0.6978059411048889, 0.7823521494865417, 0.8542892932891846, 0.8902816772460938, 0.9181170463562012, 0.9411535263061523, 0.961425244808197, 0.9776120781898499, 0.9890132546424866, 0.9999999403953552],