{
    "JSD":[
        0.07656489312648773,
        0.06288646906614304,
        0.059300296008586884,
        0.058140210807323456,
        0.05685775727033615,
        0.05408468469977379,
        0.05344883352518082,
        0.05299793928861618,
        0.05193639174103737,
        0.0510365292429924,
        0.04998423531651497,
        0.04954763129353523,
        0.04920735955238342,
        0.04989154636859894,
        0.048603467643260956,
        0.04766020551323891,
        0.046643417328596115,
        0.046408168971538544,
        0.04602080583572388,
        0.045333798974752426
    ],
    "emd":[
        2.9349863529205322,
        2.7304885387420654,
        2.665708065032959,
        2.637809991836548,
        2.6104774475097656,
        2.576079845428467,
        2.548487901687622,
        2.547976493835449,
        2.550809621810913,
        2.5101206302642822,
        2.500494956970215,
        2.4854187965393066,
        2.514575958251953,
        2.5028676986694336,
        2.4704110622406006,
        2.460247039794922,
        2.449660062789917,
        2.4461135864257812,
        2.4405198097229004,
        2.4369256496429443
    ],
    "kl_divergence":[
        0.06908217817544937,
        0.01646384224295616,
        0.0034745768643915653,
        -0.0009124030475504696,
        -0.005633342545479536,
        -0.015759645029902458,
        -0.018413111567497253,
        -0.020082121714949608,
        -0.023060601204633713,
        -0.027053983882069588,
        -0.030757712200284004,
        -0.032506126910448074,
        -0.032168712466955185,
        -0.03037579357624054,
        -0.03586573526263237,
        -0.039093855768442154,
        -0.04255538061261177,
        -0.04362070932984352,
        -0.04506925120949745,
        -0.047084420919418335
    ],
    "loss":[
        0.0012061827583238482,
        0.000851482676807791,
        0.0007684871088713408,
        0.0007458855980075896,
        0.0007197068771347404,
        0.0006567880045622587,
        0.0006477356655523181,
        0.0006382759311236441,
        0.0006234129541553557,
        0.000600179482717067,
        0.0005830284208059311,
        0.0005693640559911728,
        0.0005791094736196101,
        0.0005820658407174051,
        0.000550548080354929,
        0.0005350079154595733,
        0.0005151557852514088,
        0.0005119440029375255,
        0.0005030727479606867,
        0.000496691616717726
    ],
    "mae_weighted":[
        0.0010174030903726816,
        0.0009377653477713466,
        0.0009144906653091311,
        0.0009058626601472497,
        0.0009023545426316559,
        0.0008704927749931812,
        0.0008729862165637314,
        0.0008647164213471115,
        0.0008355386671610177,
        0.0008426719577983022,
        0.0008310341509059072,
        0.0008242889307439327,
        0.0007956962799653411,
        0.000827631913125515,
        0.0008280320325866342,
        0.0008070347830653191,
        0.0007858534227125347,
        0.0007847047527320683,
        0.0007778533035889268,
        0.0007587306899949908
    ],
    "mean_IOU":[
        -0.5724934339523315,
        -0.6141569018363953,
        -0.6265769004821777,
        -0.6314374804496765,
        -0.6373241543769836,
        -0.6480576395988464,
        -0.6496891975402832,
        -0.6522386074066162,
        -0.6556611061096191,
        -0.6599040031433105,
        -0.6644383668899536,
        -0.665764331817627,
        -0.6667295694351196,
        -0.6651231050491333,
        -0.6705642938613892,
        -0.6745713949203491,
        -0.6781851053237915,
        -0.6793821454048157,
        -0.6809358596801758,
        -0.6832442879676819
    ],
    "mean_absolute_error":[
        0.023886065930128098,
        0.020767411217093468,
        0.019900429993867874,
        0.0195794478058815,
        0.01918971724808216,
        0.018467815592885017,
        0.01834769919514656,
        0.01819382980465889,
        0.017969295382499695,
        0.017691506072878838,
        0.017396418377757072,
        0.017301592975854874,
        0.017264457419514656,
        0.01736280508339405,
        0.017002450302243233,
        0.016750816255807877,
        0.016519930213689804,
        0.016443666070699692,
        0.01633860170841217,
        0.016194593161344528
    ],
    "mean_squared_error":[
        0.0012061827583238482,
        0.000851482676807791,
        0.0007684871088713408,
        0.0007458855980075896,
        0.0007197068771347404,
        0.0006567880045622587,
        0.0006477356655523181,
        0.0006382759311236441,
        0.0006234129541553557,
        0.000600179482717067,
        0.0005830284208059311,
        0.0005693640559911728,
        0.0005791094736196101,
        0.0005820658407174051,
        0.000550548080354929,
        0.0005350079154595733,
        0.0005151557852514088,
        0.0005119440029375255,
        0.0005030727479606867,
        0.000496691616717726
    ],
    "mse_weighted":[
        9.733407750900369e-06,
        8.986236025521066e-06,
        8.844534022500739e-06,
        8.725866791792214e-06,
        8.659373634145595e-06,
        8.396020348300226e-06,
        8.273595085483976e-06,
        8.141302714648191e-06,
        7.943505806906614e-06,
        7.76942579250317e-06,
        7.649133294762578e-06,
        7.232455573102925e-06,
        8.044132300710771e-06,
        7.992250175448135e-06,
        7.566748536191881e-06,
        7.161375833675265e-06,
        6.745606697222684e-06,
        6.650762315985048e-06,
        6.433707312680781e-06,
        6.3661232161393855e-06
    ],
    "reverseKL":[
        1.3015629053115845,
        1.1374658346176147,
        1.0886949300765991,
        1.0750371217727661,
        1.0618939399719238,
        1.0266870260238647,
        1.0178762674331665,
        1.0131431818008423,
        0.9904981255531311,
        0.984644889831543,
        0.9706771969795227,
        0.9652422070503235,
        0.9451974630355835,
        0.9630523324012756,
        0.9590218663215637,
        0.9421941041946411,
        0.9247522354125977,
        0.9233905673027039,
        0.9161857962608337,
        0.9008416533470154
    ],
    "val_JSD":[
        0.14157575368881226,
        0.08948469161987305,
        0.09173419326543808,
        0.08812930434942245,
        0.07638025283813477,
        0.07516266405582428,
        0.06976034492254257,
        0.07327128201723099,
        0.0693630650639534,
        0.07109220325946808,
        0.07589241862297058,
        0.07068481296300888,
        0.12686234712600708,
        0.07084271311759949,
        0.06915116310119629,
        0.06889740377664566,
        0.071944959461689,
        0.06726919114589691,
        0.07344301789999008,
        0.06568499654531479
    ],
    "val_emd":[
        3.504331588745117,
        2.6621510982513428,
        2.7618744373321533,
        2.6630752086639404,
        3.021115779876709,
        2.8013720512390137,
        2.9573564529418945,
        3.316737651824951,
        2.8566064834594727,
        3.120293140411377,
        2.818908452987671,
        2.7864105701446533,
        3.193643569946289,
        2.624105930328369,
        3.0432069301605225,
        2.7276084423065186,
        2.8718466758728027,
        2.8453762531280518,
        2.657768487930298,
        3.411325693130493
    ],
    "val_kl_divergence":[
        0.3076512813568115,
        0.08457814902067184,
        0.09862617403268814,
        0.0891030877828598,
        0.04224539175629616,
        0.03707330673933029,
        0.020529353991150856,
        0.03827190771698952,
        0.021172912791371346,
        0.021393371745944023,
        0.040251459926366806,
        0.022542931139469147,
        0.25353923439979553,
        0.018500177189707756,
        0.01525071170181036,
        0.015457207337021828,
        0.0245139729231596,
        0.00876137986779213,
        0.030766479671001434,
        0.006617930252104998
    ],